timestamp	start_id	iteration	loss_total	loss_naturalness	loss_epidemiology	loss_sparsity	config_json	error_type	error_details_json
1778047092.448	0	1	0.909849	0.813313	0.804651	0.000000	"{""adhd_hyperactive_impulsive.cognitive.conflict_tendency"": 0.12156438014908087, ""adhd_hyperactive_impulsive.cognitive.impulse_override"": 0.26474218118269466, ""adhd_hyperactive_impulsive.cognitive.plan_consistency"": -0.4886401686268306, ""adhd_hyperactive_impulsive.emotional.anger"": 0.19723319914881768, ""adhd_hyperactive_impulsive.emotional.excitement"": 0.14151920821259534, ""adhd_inattentive.cognitive.att_bandwidth"": -1, ""adhd_inattentive.cognitive.plan_consistency"": -0.2901143183380078, ""adhd_inattentive.cognitive.retention"": -2, ""adhd_inattentive.cognitive.task_initiation_delay"": 0.48131816643233344, ""adhd_inattentive.emotional.frustration"": 0.13780639449712845, ""adhd_inattentive.emotional.self_esteem"": -0.27285154491466085, ""adhd_inattentive.emotional.shame"": 0.10666009206985032, ""base_cognitive.att_bandwidth"": 3, ""base_cognitive.conflict_tendency"": 0.060499844108408446, ""base_cognitive.importance_trigger"": 155.07910093205695, ""base_cognitive.impulse_override"": 0.11280360247175182, ""base_cognitive.plan_consistency"": 0.8215625680457537, ""base_cognitive.recency_decay"": 0.9934034654904017, ""base_cognitive.retention"": 4, ""base_cognitive.social_sensitivity"": 0.3578107499446096, ""base_cognitive.task_initiation_delay"": 0.03435661170174182, ""base_cognitive.vision_r"": 3, ""base_emotional.anger"": 0.12924344218321182, ""base_emotional.anxiety"": 0.13230362849046656, ""base_emotional.excitement"": 0.2172456371083864, ""base_emotional.frustration"": 0.11040397094706207, ""base_emotional.loneliness"": 0.13215146022929164, ""base_emotional.self_esteem"": 0.6232530253725319, ""base_emotional.shame"": 0.11746431243590148, ""base_emotional.trust_in_teacher"": 0.5908216957639074}"		
1778047093.089	0	2	0.912879	0.809434	0.818045	0.000000	"{""adhd_hyperactive_impulsive.cognitive.conflict_tendency"": 0.1375480657214758, ""adhd_hyperactive_impulsive.cognitive.impulse_override"": 0.33456236438653797, ""adhd_hyperactive_impulsive.cognitive.plan_consistency"": -0.507127897873196, ""adhd_hyperactive_impulsive.emotional.anger"": 0.1389900732520536, ""adhd_hyperactive_impulsive.emotional.excitement"": 0.2299906172381457, ""adhd_inattentive.cognitive.att_bandwidth"": -3, ""adhd_inattentive.cognitive.plan_consistency"": -0.364814687205565, ""adhd_inattentive.cognitive.retention"": -3, ""adhd_inattentive.cognitive.task_initiation_delay"": 0.3792808589443508, ""adhd_inattentive.emotional.frustration"": 0.17837836203453725, ""adhd_inattentive.emotional.self_esteem"": -0.32989931631823133, ""adhd_inattentive.emotional.shame"": 0.13638094545678947, ""base_cognitive.att_bandwidth"": 3, ""base_cognitive.conflict_tendency"": 0.06774148122014897, ""base_cognitive.importance_trigger"": 124.97741736135282, ""base_cognitive.impulse_override"": 0.06262282223154018, ""base_cognitive.plan_consistency"": 0.8905383293542986, ""base_cognitive.recency_decay"": 0.9890427976155363, ""base_cognitive.retention"": 5, ""base_cognitive.social_sensitivity"": 0.3916123210965181, ""base_cognitive.task_initiation_delay"": 0.018923514504391288, ""base_cognitive.vision_r"": 3, ""base_emotional.anger"": 0.13872983917181736, ""base_emotional.anxiety"": 0.12680573329359274, ""base_emotional.excitement"": 0.2316785001539371, ""base_emotional.frustration"": 0.08996458336405036, ""base_emotional.loneliness"": 0.0753328693886347, ""base_emotional.self_esteem"": 0.7084056335452165, ""base_emotional.shame"": 0.10882319301519006, ""base_emotional.trust_in_teacher"": 0.639380090084825}"		
1778047093.674	0	3	0.728395	0.522612	0.787070	0.000000	"{""adhd_hyperactive_impulsive.cognitive.conflict_tendency"": 0.24280850766002038, ""adhd_hyperactive_impulsive.cognitive.impulse_override"": 0.27199847620039613, ""adhd_hyperactive_impulsive.cognitive.plan_consistency"": -0.3830605832951177, ""adhd_hyperactive_impulsive.emotional.anger"": 0.16932456945440083, ""adhd_hyperactive_impulsive.emotional.excitement"": 0.10478979562089048, ""adhd_inattentive.cognitive.att_bandwidth"": -2, ""adhd_inattentive.cognitive.plan_consistency"": -0.32085137487115667, ""adhd_inattentive.cognitive.retention"": -3, ""adhd_inattentive.cognitive.task_initiation_delay"": 0.41823915124165195, ""adhd_inattentive.emotional.frustration"": 0.23561261584098064, ""adhd_inattentive.emotional.self_esteem"": -0.2476334201313025, ""adhd_inattentive.emotional.shame"": 0.1200788606474466, ""base_cognitive.att_bandwidth"": 2, ""base_cognitive.conflict_tendency"": 0.08740428443617557, ""base_cognitive.importance_trigger"": 112.96001853647847, ""base_cognitive.impulse_override"": 0.051135224974048835, ""base_cognitive.plan_consistency"": 0.9319470335176906, ""base_cognitive.recency_decay"": 0.9939777263600357, ""base_cognitive.retention"": 6, ""base_cognitive.social_sensitivity"": 0.5657392068017602, ""base_cognitive.task_initiation_delay"": 0.043527774625392805, ""base_cognitive.vision_r"": 5, ""base_emotional.anger"": 0.06767062449681827, ""base_emotional.anxiety"": 0.055150872526968174, ""base_emotional.excitement"": 0.2065816875624539, ""base_emotional.frustration"": 0.16883211150318683, ""base_emotional.loneliness"": 0.12416569376696014, ""base_emotional.self_esteem"": 0.6599071886228591, ""base_emotional.shame"": 0.05267492975096989, ""base_emotional.trust_in_teacher"": 0.716230968065268}"		
1778047094.253	0	4	0.912298	0.812999	0.811246	0.000000	"{""adhd_hyperactive_impulsive.cognitive.conflict_tendency"": 0.18398778891781042, ""adhd_hyperactive_impulsive.cognitive.impulse_override"": 0.29963852070860897, ""adhd_hyperactive_impulsive.cognitive.plan_consistency"": -0.39749258609630544, ""adhd_hyperactive_impulsive.emotional.anger"": 0.12283050238431602, ""adhd_hyperactive_impulsive.emotional.excitement"": 0.208304265345844, ""adhd_inattentive.cognitive.att_bandwidth"": -1, ""adhd_inattentive.cognitive.plan_consistency"": -0.3414910652169593, ""adhd_inattentive.cognitive.retention"": -4, ""adhd_inattentive.cognitive.task_initiation_delay"": 0.4254336424752187, ""adhd_inattentive.emotional.frustration"": 0.12658179888979618, ""adhd_inattentive.emotional.self_esteem"": -0.18328081310327227, ""adhd_inattentive.emotional.shame"": 0.181655016274599, ""base_cognitive.att_bandwidth"": 4, ""base_cognitive.conflict_tendency"": 0.10544042394044588, ""base_cognitive.importance_trigger"": 114.76164937073597, ""base_cognitive.impulse_override"": 0.08208334106451608, ""base_cognitive.plan_consistency"": 0.883597650250033, ""base_cognitive.recency_decay"": 0.9824952923960605, ""base_cognitive.retention"": 5, ""base_cognitive.social_sensitivity"": 0.5288679187685599, ""base_cognitive.task_initiation_delay"": 0.027841636227864744, ""base_cognitive.vision_r"": 4, ""base_emotional.anger"": 0.043353124908630705, ""base_emotional.anxiety"": 0.14566082185035428, ""base_emotional.excitement"": 0.24980885284891585, ""base_emotional.frustration"": 0.1872058993885577, ""base_emotional.loneliness"": 0.0990642907323551, ""base_emotional.self_esteem"": 0.6008031503187563, ""base_emotional.shame"": 0.031321876029845055, ""base_emotional.trust_in_teacher"": 0.6520352222623809}"		
1778047094.877	0	5	0.927725	0.815881	0.845491	0.000000	"{""adhd_hyperactive_impulsive.cognitive.conflict_tendency"": 0.10853643432794954, ""adhd_hyperactive_impulsive.cognitive.impulse_override"": 0.3410359628232861, ""adhd_hyperactive_impulsive.cognitive.plan_consistency"": -0.46316437523618736, ""adhd_hyperactive_impulsive.emotional.anger"": 0.2150700069090424, ""adhd_hyperactive_impulsive.emotional.excitement"": 0.16928395310756467, ""adhd_inattentive.cognitive.att_bandwidth"": -3, ""adhd_inattentive.cognitive.plan_consistency"": -0.40966792036976046, ""adhd_inattentive.cognitive.retention"": -3, ""adhd_inattentive.cognitive.task_initiation_delay"": 0.4468542022107953, ""adhd_inattentive.emotional.frustration"": 0.19190523814484092, ""adhd_inattentive.emotional.self_esteem"": -0.29898345657562436, ""adhd_inattentive.emotional.shame"": 0.19145763480221306, ""base_cognitive.att_bandwidth"": 3, ""base_cognitive.conflict_tendency"": 0.04535025052408902, ""base_cognitive.importance_trigger"": 138.65875816918077, ""base_cognitive.impulse_override"": 0.0315884884611191, ""base_cognitive.plan_consistency"": 0.7907912118053746, ""base_cognitive.recency_decay"": 0.985288690560026, ""base_cognitive.retention"": 6, ""base_cognitive.social_sensitivity"": 0.5755250651486066, ""base_cognitive.task_initiation_delay"": 0.00964461221679128, ""base_cognitive.vision_r"": 4, ""base_emotional.anger"": 0.11507754947415975, ""base_emotional.anxiety"": 0.10558433023195328, ""base_emotional.excitement"": 0.2948906858921171, ""base_emotional.frustration"": 0.10689358758981711, ""base_emotional.loneliness"": 0.08480575145381072, ""base_emotional.self_esteem"": 0.7491614533707167, ""base_emotional.shame"": 0.13031023177168907, ""base_emotional.trust_in_teacher"": 0.5731001068761068}"		
1778047095.477	0	6	0.928456	0.812538	0.852332	0.000000	"{""adhd_hyperactive_impulsive.cognitive.conflict_tendency"": 0.22869377058973886, ""adhd_hyperactive_impulsive.cognitive.impulse_override"": 0.3193618452740862, ""adhd_hyperactive_impulsive.cognitive.plan_consistency"": -0.41499023192956797, ""adhd_hyperactive_impulsive.emotional.anger"": 0.24530702467065038, ""adhd_hyperactive_impulsive.emotional.excitement"": 0.24368318466581074, ""adhd_inattentive.cognitive.att_bandwidth"": -2, ""adhd_inattentive.cognitive.plan_consistency"": -0.42422915162839836, ""adhd_inattentive.cognitive.retention"": -3, ""adhd_inattentive.cognitive.task_initiation_delay"": 0.3431207510320572, ""adhd_inattentive.emotional.frustration"": 0.1629779264586898, ""adhd_inattentive.emotional.self_esteem"": -0.33607477383651907, ""adhd_inattentive.emotional.shame"": 0.15358341403183348, ""base_cognitive.att_bandwidth"": 3, ""base_cognitive.conflict_tendency"": 0.07839358230811225, ""base_cognitive.importance_trigger"": 167.92514420257163, ""base_cognitive.impulse_override"": 0.04138069835494973, ""base_cognitive.plan_consistency"": 0.8686459857330207, ""base_cognitive.recency_decay"": 0.9907893524809841, ""base_cognitive.retention"": 5, ""base_cognitive.social_sensitivity"": 0.4555835308271362, ""base_cognitive.task_initiation_delay"": 0.07450464107179536, ""base_cognitive.vision_r"": 4, ""base_emotional.anger"": 0.10194054405494632, ""base_emotional.anxiety"": 0.09792191247375234, ""base_emotional.excitement"": 0.19160344825941794, ""base_emotional.frustration"": 0.07960746114962115, ""base_emotional.loneliness"": 0.051057510004743116, ""base_emotional.self_esteem"": 0.6892926646784462, ""base_emotional.shame"": 0.05948662376233527, ""base_emotional.trust_in_teacher"": 0.6934882399251077}"		
1778047096.062	0	7	0.876638	0.769148	0.787872	0.000000	"{""adhd_hyperactive_impulsive.cognitive.conflict_tendency"": 0.14748847764122688, ""adhd_hyperactive_impulsive.cognitive.impulse_override"": 0.36779950764485236, ""adhd_hyperactive_impulsive.cognitive.plan_consistency"": -0.525769411649043, ""adhd_hyperactive_impulsive.emotional.anger"": 0.2364349139422324, ""adhd_hyperactive_impulsive.emotional.excitement"": 0.14966146832126825, ""adhd_inattentive.cognitive.att_bandwidth"": -2, ""adhd_inattentive.cognitive.plan_consistency"": -0.2788775190989893, ""adhd_inattentive.cognitive.retention"": -2, ""adhd_inattentive.cognitive.task_initiation_delay"": 0.3909887727050917, ""adhd_inattentive.emotional.frustration"": 0.2214682422836232, ""adhd_inattentive.emotional.self_esteem"": -0.19878317936199158, ""adhd_inattentive.emotional.shame"": 0.24508455930187, ""base_cognitive.att_bandwidth"": 2, ""base_cognitive.conflict_tendency"": 0.05020474364716019, ""base_cognitive.importance_trigger"": 134.49952944674834, ""base_cognitive.impulse_override"": 0.1055196820182545, ""base_cognitive.plan_consistency"": 0.9245910129643996, ""base_cognitive.recency_decay"": 0.9867183709826917, ""base_cognitive.retention"": 6, ""base_cognitive.social_sensitivity"": 0.4363819804752738, ""base_cognitive.task_initiation_delay"": 0.08115192341015776, ""base_cognitive.vision_r"": 4, ""base_emotional.anger"": 0.06149079720833539, ""base_emotional.anxiety"": 0.15983440677097965, ""base_emotional.excitement"": 0.1689424530822018, ""base_emotional.frustration"": 0.12781059271540862, ""base_emotional.loneliness"": 0.054591731624307985, ""base_emotional.self_esteem"": 0.6735927954125669, ""base_emotional.shame"": 0.0880790838687868, ""base_emotional.trust_in_teacher"": 0.7997656323058152}"		
1778047096.658	0	8	0.735814	0.504461	0.832844	0.000000	"{""adhd_hyperactive_impulsive.cognitive.conflict_tendency"": 0.2070531683005035, ""adhd_hyperactive_impulsive.cognitive.impulse_override"": 0.28665597640717855, ""adhd_hyperactive_impulsive.cognitive.plan_consistency"": -0.5484433036227899, ""adhd_hyperactive_impulsive.emotional.anger"": 0.14847104123605154, ""adhd_hyperactive_impulsive.emotional.excitement"": 0.20470396708487554, ""adhd_inattentive.cognitive.att_bandwidth"": -3, ""adhd_inattentive.cognitive.plan_consistency"": -0.26725183228538757, ""adhd_inattentive.cognitive.retention"": -3, ""adhd_inattentive.cognitive.task_initiation_delay"": 0.47434164649412536, ""adhd_inattentive.emotional.frustration"": 0.24431132817328616, ""adhd_inattentive.emotional.self_esteem"": -0.26091999734589993, ""adhd_inattentive.emotional.shame"": 0.2096374550390216, ""base_cognitive.att_bandwidth"": 3, ""base_cognitive.conflict_tendency"": 0.11160327228458465, ""base_cognitive.importance_trigger"": 145.79607024295663, ""base_cognitive.impulse_override"": 0.10038641151715519, ""base_cognitive.plan_consistency"": 0.7706933149194701, ""base_cognitive.recency_decay"": 0.988249413744855, ""base_cognitive.retention"": 5, ""base_cognitive.social_sensitivity"": 0.4852422973634094, ""base_cognitive.task_initiation_delay"": 0.09257719194382617, ""base_cognitive.vision_r"": 4, ""base_emotional.anger"": 0.03511822396095972, ""base_emotional.anxiety"": 0.1745275027470903, ""base_emotional.excitement"": 0.2840273433534124, ""base_emotional.frustration"": 0.175433386483409, ""base_emotional.loneliness"": 0.14061837477389355, ""base_emotional.self_esteem"": 0.7816877819036547, ""base_emotional.shame"": 0.09527845894901209, ""base_emotional.trust_in_teacher"": 0.6040920557790983}"		
1778047097.240	0	9	0.771362	0.526054	0.889324	0.000000	"{""adhd_hyperactive_impulsive.cognitive.conflict_tendency"": 0.1693608906593717, ""adhd_hyperactive_impulsive.cognitive.impulse_override"": 0.38924186605355604, ""adhd_hyperactive_impulsive.cognitive.plan_consistency"": -0.3566294593012902, ""adhd_hyperactive_impulsive.emotional.anger"": 0.1788041053965916, ""adhd_hyperactive_impulsive.emotional.excitement"": 0.11571688623918519, ""adhd_inattentive.cognitive.att_bandwidth"": -2, ""adhd_inattentive.cognitive.plan_consistency"": -0.4326850312037591, ""adhd_inattentive.cognitive.retention"": -4, ""adhd_inattentive.cognitive.task_initiation_delay"": 0.30782280846534077, ""adhd_inattentive.emotional.frustration"": 0.15573527977287088, ""adhd_inattentive.emotional.self_esteem"": -0.21744709678520585, ""adhd_inattentive.emotional.shame"": 0.16357257644105533, ""base_cognitive.att_bandwidth"": 4, ""base_cognitive.conflict_tendency"": 0.03326656580861841, ""base_cognitive.importance_trigger"": 160.08012147869152, ""base_cognitive.impulse_override"": 0.06924340628246012, ""base_cognitive.plan_consistency"": 0.7505486788932991, ""base_cognitive.recency_decay"": 0.9800259923193673, ""base_cognitive.retention"": 5, ""base_cognitive.social_sensitivity"": 0.37716817269107694, ""base_cognitive.task_initiation_delay"": 0.06918656926773468, ""base_cognitive.vision_r"": 5, ""base_emotional.anger"": 0.11389633148674644, ""base_emotional.anxiety"": 0.08192460450466639, ""base_emotional.excitement"": 0.15644421378343232, ""base_emotional.frustration"": 0.15426461790098195, ""base_emotional.loneliness"": 0.11284768046940187, ""base_emotional.self_esteem"": 0.7331140382629313, ""base_emotional.shame"": 0.14134368484673798, ""base_emotional.trust_in_teacher"": 0.7269198543950615}"		
1778047097.799	0	10	0.916658	0.808909	0.828283	0.000000	"{""adhd_hyperactive_impulsive.cognitive.conflict_tendency"": 0.19097005264596328, ""adhd_hyperactive_impulsive.cognitive.impulse_override"": 0.37988511431491834, ""adhd_hyperactive_impulsive.cognitive.plan_consistency"": -0.4424923403957539, ""adhd_hyperactive_impulsive.emotional.anger"": 0.205797260604379, ""adhd_hyperactive_impulsive.emotional.excitement"": 0.17899536204567745, ""adhd_inattentive.cognitive.att_bandwidth"": -1, ""adhd_inattentive.cognitive.plan_consistency"": -0.37884200591728096, ""adhd_inattentive.cognitive.retention"": -2, ""adhd_inattentive.cognitive.task_initiation_delay"": 0.33244437762850826, ""adhd_inattentive.emotional.frustration"": 0.20078023038319254, ""adhd_inattentive.emotional.self_esteem"": -0.3015643617016369, ""adhd_inattentive.emotional.shame"": 0.22389561593393367, ""base_cognitive.att_bandwidth"": 4, ""base_cognitive.conflict_tendency"": 0.09431916567618603, ""base_cognitive.importance_trigger"": 102.27389536557459, ""base_cognitive.impulse_override"": 0.08805972512523921, ""base_cognitive.plan_consistency"": 0.8383047223749437, ""base_cognitive.recency_decay"": 0.9832695842736312, ""base_cognitive.retention"": 4, ""base_cognitive.social_sensitivity"": 0.3083270075187808, ""base_cognitive.task_initiation_delay"": 0.05709381865099414, ""base_cognitive.vision_r"": 4, ""base_emotional.anger"": 0.07965734090504697, ""base_emotional.anxiety"": 0.07336467794254624, ""base_emotional.excitement"": 0.2688090976888219, ""base_emotional.frustration"": 0.05844943722581139, ""base_emotional.loneliness"": 0.03227436306752925, ""base_emotional.self_esteem"": 0.7683435943647163, ""base_emotional.shame"": 0.07519774434119189, ""base_emotional.trust_in_teacher"": 0.7680467327813271}"		
1778047098.420	0	11	0.902207	0.814594	0.783626	0.000000	"{""adhd_hyperactive_impulsive.cognitive.conflict_tendency"": 0.10878096912873586, ""adhd_hyperactive_impulsive.cognitive.impulse_override"": 0.3038805083717825, ""adhd_hyperactive_impulsive.cognitive.plan_consistency"": -0.41741743999422976, ""adhd_hyperactive_impulsive.emotional.anger"": 0.22116264587216872, ""adhd_hyperactive_impulsive.emotional.excitement"": 0.22531201231560408, ""adhd_inattentive.cognitive.att_bandwidth"": -3, ""adhd_inattentive.cognitive.plan_consistency"": -0.305828451220875, ""adhd_inattentive.cognitive.retention"": -4, ""adhd_inattentive.cognitive.task_initiation_delay"": 0.305983099219628, ""adhd_inattentive.emotional.frustration"": 0.16788240887979675, ""adhd_inattentive.emotional.self_esteem"": -0.312897927703006, ""adhd_inattentive.emotional.shame"": 0.20665702611455183, ""base_cognitive.att_bandwidth"": 3, ""base_cognitive.conflict_tendency"": 0.07229887548426156, ""base_cognitive.importance_trigger"": 128.85146381586856, ""base_cognitive.impulse_override"": 0.04209195755306, ""base_cognitive.plan_consistency"": 0.9130645487122409, ""base_cognitive.recency_decay"": 0.9802720955078801, ""base_cognitive.retention"": 6, ""base_cognitive.social_sensitivity"": 0.3093804232322819, ""base_cognitive.task_initiation_delay"": 0.01944539074168077, ""base_cognitive.vision_r"": 3, ""base_emotional.anger"": 0.1429140875529307, ""base_emotional.anxiety"": 0.14503386837471827, ""base_emotional.excitement"": 0.2989519900358414, ""base_emotional.frustration"": 0.14298981028288227, ""base_emotional.loneliness"": 0.07753731056696084, ""base_emotional.self_esteem"": 0.7180027142324806, ""base_emotional.shame"": 0.11557948096997132, ""base_emotional.trust_in_teacher"": 0.6985706606777172}"		
1778047098.954	0	12	0.893270	0.799699	0.783626	0.000000	"{""adhd_hyperactive_impulsive.cognitive.conflict_tendency"": 0.23653674024908944, ""adhd_hyperactive_impulsive.cognitive.impulse_override"": 0.36168041956607766, ""adhd_hyperactive_impulsive.cognitive.plan_consistency"": -0.5264657991709737, ""adhd_hyperactive_impulsive.emotional.anger"": 0.22351172563598853, ""adhd_hyperactive_impulsive.emotional.excitement"": 0.16840620856987012, ""adhd_inattentive.cognitive.att_bandwidth"": -1, ""adhd_inattentive.cognitive.plan_consistency"": -0.2669410799678558, ""adhd_inattentive.cognitive.retention"": -3, ""adhd_inattentive.cognitive.task_initiation_delay"": 0.4760022285322724, ""adhd_inattentive.emotional.frustration"": 0.16200128573096423, ""adhd_inattentive.emotional.self_esteem"": -0.22846295783816065, ""adhd_inattentive.emotional.shame"": 0.18548007957309476, ""base_cognitive.att_bandwidth"": 2, ""base_cognitive.conflict_tendency"": 0.10206004078706277, ""base_cognitive.importance_trigger"": 146.574273243446, ""base_cognitive.impulse_override"": 0.08847414064644288, ""base_cognitive.plan_consistency"": 0.8659910677971306, ""base_cognitive.recency_decay"": 0.9835240906346181, ""base_cognitive.retention"": 5, ""base_cognitive.social_sensitivity"": 0.3042499670043965, ""base_cognitive.task_initiation_delay"": 0.08248396007000754, ""base_cognitive.vision_r"": 5, ""base_emotional.anger"": 0.058253914110835144, ""base_emotional.anxiety"": 0.08038057660146727, ""base_emotional.excitement"": 0.28460809340684723, ""base_emotional.frustration"": 0.11284244356295904, ""base_emotional.loneliness"": 0.10690618029802255, ""base_emotional.self_esteem"": 0.7498386850771394, ""base_emotional.shame"": 0.04479004506661466, ""base_emotional.trust_in_teacher"": 0.6028252975880544}"		
1778047099.531	0	13	0.823910	0.625589	0.871391	0.000000	"{""adhd_hyperactive_impulsive.cognitive.conflict_tendency"": 0.13592765065203447, ""adhd_hyperactive_impulsive.cognitive.impulse_override"": 0.27828127928901303, ""adhd_hyperactive_impulsive.cognitive.plan_consistency"": -0.5065348379956767, ""adhd_hyperactive_impulsive.emotional.anger"": 0.1887480604045277, ""adhd_hyperactive_impulsive.emotional.excitement"": 0.18573123261407348, ""adhd_inattentive.cognitive.att_bandwidth"": -2, ""adhd_inattentive.cognitive.plan_consistency"": -0.37650233963904206, ""adhd_inattentive.cognitive.retention"": -4, ""adhd_inattentive.cognitive.task_initiation_delay"": 0.4418256749064492, ""adhd_inattentive.emotional.frustration"": 0.1750444094479337, ""adhd_inattentive.emotional.self_esteem"": -0.3491139317871473, ""adhd_inattentive.emotional.shame"": 0.1797124443119652, ""base_cognitive.att_bandwidth"": 3, ""base_cognitive.conflict_tendency"": 0.05395472283134113, ""base_cognitive.importance_trigger"": 145.13442090692305, ""base_cognitive.impulse_override"": 0.1153637536220784, ""base_cognitive.plan_consistency"": 0.7531689677708382, ""base_cognitive.recency_decay"": 0.9841204503881402, ""base_cognitive.retention"": 5, ""base_cognitive.social_sensitivity"": 0.5764627382033243, ""base_cognitive.task_initiation_delay"": 0.07857931518339085, ""base_cognitive.vision_r"": 5, ""base_emotional.anger"": 0.09769354626579381, ""base_emotional.anxiety"": 0.07550790125338494, ""base_emotional.excitement"": 0.250948937564532, ""base_emotional.frustration"": 0.15927300222362928, ""base_emotional.loneliness"": 0.04495953287469014, ""base_emotional.self_esteem"": 0.7027358702293957, ""base_emotional.shame"": 0.07960114955998598, ""base_emotional.trust_in_teacher"": 0.6428920592028322}"		
1778047100.063	0	14	0.899731	0.810468	0.783626	0.000000	"{""adhd_hyperactive_impulsive.cognitive.conflict_tendency"": 0.11354780677980562, ""adhd_hyperactive_impulsive.cognitive.impulse_override"": 0.26859761911767877, ""adhd_hyperactive_impulsive.cognitive.plan_consistency"": -0.5165249634110916, ""adhd_hyperactive_impulsive.emotional.anger"": 0.15478377746093722, ""adhd_hyperactive_impulsive.emotional.excitement"": 0.13299656735649676, ""adhd_inattentive.cognitive.att_bandwidth"": -3, ""adhd_inattentive.cognitive.plan_consistency"": -0.2670444934418058, ""adhd_inattentive.cognitive.retention"": -4, ""adhd_inattentive.cognitive.task_initiation_delay"": 0.35569364004939086, ""adhd_inattentive.emotional.frustration"": 0.20506383453174826, ""adhd_inattentive.emotional.self_esteem"": -0.1834352797070042, ""adhd_inattentive.emotional.shame"": 0.13050587680363876, ""base_cognitive.att_bandwidth"": 4, ""base_cognitive.conflict_tendency"": 0.042182063408309954, ""base_cognitive.importance_trigger"": 149.32211967245615, ""base_cognitive.impulse_override"": 0.07081154257065633, ""base_cognitive.plan_consistency"": 0.880265649797365, ""base_cognitive.recency_decay"": 0.981116552722752, ""base_cognitive.retention"": 4, ""base_cognitive.social_sensitivity"": 0.5940995340931995, ""base_cognitive.task_initiation_delay"": 0.06008458858104596, ""base_cognitive.vision_r"": 5, ""base_emotional.anger"": 0.0922910073160545, ""base_emotional.anxiety"": 0.09145443458043373, ""base_emotional.excitement"": 0.22502511391333446, ""base_emotional.frustration"": 0.07037830516256878, ""base_emotional.loneliness"": 0.13268658545360357, ""base_emotional.self_esteem"": 0.7256757951051084, ""base_emotional.shame"": 0.10075924993438941, ""base_emotional.trust_in_teacher"": 0.777796339430413}"		
1778047100.714	0	15	0.920318	0.807222	0.839962	0.000000	"{""adhd_hyperactive_impulsive.cognitive.conflict_tendency"": 0.11256216966950677, ""adhd_hyperactive_impulsive.cognitive.impulse_override"": 0.36107068006214327, ""adhd_hyperactive_impulsive.cognitive.plan_consistency"": -0.5240632828135229, ""adhd_hyperactive_impulsive.emotional.anger"": 0.19946817346903262, ""adhd_hyperactive_impulsive.emotional.excitement"": 0.2227620414512137, ""adhd_inattentive.cognitive.att_bandwidth"": -2, ""adhd_inattentive.cognitive.plan_consistency"": -0.3990130169040145, ""adhd_inattentive.cognitive.retention"": -2, ""adhd_inattentive.cognitive.task_initiation_delay"": 0.3300817559811562, ""adhd_inattentive.emotional.frustration"": 0.24353517243490724, ""adhd_inattentive.emotional.self_esteem"": -0.3396322419707171, ""adhd_inattentive.emotional.shame"": 0.10887474690121283, ""base_cognitive.att_bandwidth"": 3, ""base_cognitive.conflict_tendency"": 0.06650569944832163, ""base_cognitive.importance_trigger"": 148.10644976632594, ""base_cognitive.impulse_override"": 0.09536558155171358, ""base_cognitive.plan_consistency"": 0.8698970606646018, ""base_cognitive.recency_decay"": 0.9834899989040945, ""base_cognitive.retention"": 6, ""base_cognitive.social_sensitivity"": 0.5105017822465154, ""base_cognitive.task_initiation_delay"": 0.045870564606353005, ""base_cognitive.vision_r"": 3, ""base_emotional.anger"": 0.05814821967319268, ""base_emotional.anxiety"": 0.09916226385854007, ""base_emotional.excitement"": 0.27697660398682233, ""base_emotional.frustration"": 0.07525624868317658, ""base_emotional.loneliness"": 0.0859244930267814, ""base_emotional.self_esteem"": 0.7094541089766558, ""base_emotional.shame"": 0.08174831832009644, ""base_emotional.trust_in_teacher"": 0.780068279069122}"		
1778047101.292	0	16	0.905268	0.809489	0.798936	0.000000	"{""adhd_hyperactive_impulsive.cognitive.conflict_tendency"": 0.16228384381990818, ""adhd_hyperactive_impulsive.cognitive.impulse_override"": 0.3447149898609312, ""adhd_hyperactive_impulsive.cognitive.plan_consistency"": -0.44402823790076007, ""adhd_hyperactive_impulsive.emotional.anger"": 0.179456894643345, ""adhd_hyperactive_impulsive.emotional.excitement"": 0.1299909609209302, ""adhd_inattentive.cognitive.att_bandwidth"": -3, ""adhd_inattentive.cognitive.plan_consistency"": -0.29970768134706466, ""adhd_inattentive.cognitive.retention"": -2, ""adhd_inattentive.cognitive.task_initiation_delay"": 0.3653404582942354, ""adhd_inattentive.emotional.frustration"": 0.17123297905719453, ""adhd_inattentive.emotional.self_esteem"": -0.23709811340126435, ""adhd_inattentive.emotional.shame"": 0.10621902935280926, ""base_cognitive.att_bandwidth"": 3, ""base_cognitive.conflict_tendency"": 0.09201501583596872, ""base_cognitive.importance_trigger"": 137.12851171757174, ""base_cognitive.impulse_override"": 0.07940822870991332, ""base_cognitive.plan_consistency"": 0.8052984308368216, ""base_cognitive.recency_decay"": 0.9866126108031061, ""base_cognitive.retention"": 5, ""base_cognitive.social_sensitivity"": 0.48340662828265385, ""base_cognitive.task_initiation_delay"": 0.011525812094155331, ""base_cognitive.vision_r"": 4, ""base_emotional.anger"": 0.09801918931439833, ""base_emotional.anxiety"": 0.09882120072286407, ""base_emotional.excitement"": 0.20476068012984566, ""base_emotional.frustration"": 0.0542547764686934, ""base_emotional.loneliness"": 0.11933830987876975, ""base_emotional.self_esteem"": 0.7612712016999756, ""base_emotional.shame"": 0.14923593595338597, ""base_emotional.trust_in_teacher"": 0.6679064927276657}"		
1778047101.803	0	17	0.897820	0.807283	0.783626	0.000000	"{""adhd_hyperactive_impulsive.cognitive.conflict_tendency"": 0.10457629706699588, ""adhd_hyperactive_impulsive.cognitive.impulse_override"": 0.31571157609165046, ""adhd_hyperactive_impulsive.cognitive.plan_consistency"": -0.47830043991214816, ""adhd_hyperactive_impulsive.emotional.anger"": 0.17314705687956544, ""adhd_hyperactive_impulsive.emotional.excitement"": 0.20399903545566056, ""adhd_inattentive.cognitive.att_bandwidth"": -3, ""adhd_inattentive.cognitive.plan_consistency"": -0.26313765718762067, ""adhd_inattentive.cognitive.retention"": -4, ""adhd_inattentive.cognitive.task_initiation_delay"": 0.44836592634072925, ""adhd_inattentive.emotional.frustration"": 0.13206527766757442, ""adhd_inattentive.emotional.self_esteem"": -0.3332038903004963, ""adhd_inattentive.emotional.shame"": 0.21634199374295543, ""base_cognitive.att_bandwidth"": 3, ""base_cognitive.conflict_tendency"": 0.0692879060011809, ""base_cognitive.importance_trigger"": 129.22365968402403, ""base_cognitive.impulse_override"": 0.11905532241127212, ""base_cognitive.plan_consistency"": 0.9439575923647892, ""base_cognitive.recency_decay"": 0.987872430386776, ""base_cognitive.retention"": 4, ""base_cognitive.social_sensitivity"": 0.3255465694452588, ""base_cognitive.task_initiation_delay"": 0.03861357607584273, ""base_cognitive.vision_r"": 5, ""base_emotional.anger"": 0.11714646124893531, ""base_emotional.anxiety"": 0.08233559849846536, ""base_emotional.excitement"": 0.2711990052896035, ""base_emotional.frustration"": 0.11549662001282604, ""base_emotional.loneliness"": 0.04406859902306119, ""base_emotional.self_esteem"": 0.7299243814074028, ""base_emotional.shame"": 0.10154278964750496, ""base_emotional.trust_in_teacher"": 0.6363385108216713}"		
1778047102.434	0	18	0.903493	0.810765	0.792584	0.000000	"{""adhd_hyperactive_impulsive.cognitive.conflict_tendency"": 0.10972937580160785, ""adhd_hyperactive_impulsive.cognitive.impulse_override"": 0.31880612064498265, ""adhd_hyperactive_impulsive.cognitive.plan_consistency"": -0.46331036293729166, ""adhd_hyperactive_impulsive.emotional.anger"": 0.20783082672056852, ""adhd_hyperactive_impulsive.emotional.excitement"": 0.13819771576570794, ""adhd_inattentive.cognitive.att_bandwidth"": -3, ""adhd_inattentive.cognitive.plan_consistency"": -0.2981863741262296, ""adhd_inattentive.cognitive.retention"": -3, ""adhd_inattentive.cognitive.task_initiation_delay"": 0.3455241527197745, ""adhd_inattentive.emotional.frustration"": 0.16571365295866264, ""adhd_inattentive.emotional.self_esteem"": -0.3067040956085737, ""adhd_inattentive.emotional.shame"": 0.10434147379770502, ""base_cognitive.att_bandwidth"": 3, ""base_cognitive.conflict_tendency"": 0.09795996717392462, ""base_cognitive.importance_trigger"": 161.39173122439672, ""base_cognitive.impulse_override"": 0.055846633183649894, ""base_cognitive.plan_consistency"": 0.8538480720934607, ""base_cognitive.recency_decay"": 0.9876341478545622, ""base_cognitive.retention"": 6, ""base_cognitive.social_sensitivity"": 0.45704871551055215, ""base_cognitive.task_initiation_delay"": 0.05716660043316593, ""base_cognitive.vision_r"": 3, ""base_emotional.anger"": 0.036752487825255656, ""base_emotional.anxiety"": 0.12944174397247224, ""base_emotional.excitement"": 0.15007583764126275, ""base_emotional.frustration"": 0.05387461541902425, ""base_emotional.loneliness"": 0.07106915669555786, ""base_emotional.self_esteem"": 0.6119275319305878, ""base_emotional.shame"": 0.053901781703487195, ""base_emotional.trust_in_teacher"": 0.5620288163388352}"		
1778047103.035	0	19	0.816885	0.672391	0.783626	0.000000	"{""adhd_hyperactive_impulsive.cognitive.conflict_tendency"": 0.14379514644272642, ""adhd_hyperactive_impulsive.cognitive.impulse_override"": 0.27681153322952323, ""adhd_hyperactive_impulsive.cognitive.plan_consistency"": -0.4192248276195034, ""adhd_hyperactive_impulsive.emotional.anger"": 0.20177259394283048, ""adhd_hyperactive_impulsive.emotional.excitement"": 0.11753471713039715, ""adhd_inattentive.cognitive.att_bandwidth"": -2, ""adhd_inattentive.cognitive.plan_consistency"": -0.284968901013872, ""adhd_inattentive.cognitive.retention"": -4, ""adhd_inattentive.cognitive.task_initiation_delay"": 0.48718241805833085, ""adhd_inattentive.emotional.frustration"": 0.22525898184789145, ""adhd_inattentive.emotional.self_esteem"": -0.2931085955519946, ""adhd_inattentive.emotional.shame"": 0.16108200686384647, ""base_cognitive.att_bandwidth"": 4, ""base_cognitive.conflict_tendency"": 0.06185226872792271, ""base_cognitive.importance_trigger"": 122.82811586911274, ""base_cognitive.impulse_override"": 0.11669336112955074, ""base_cognitive.plan_consistency"": 0.8868279226475904, ""base_cognitive.recency_decay"": 0.9836171380903602, ""base_cognitive.retention"": 5, ""base_cognitive.social_sensitivity"": 0.5633124301347243, ""base_cognitive.task_initiation_delay"": 0.01598560673313587, ""base_cognitive.vision_r"": 5, ""base_emotional.anger"": 0.1058782343398966, ""base_emotional.anxiety"": 0.07721372195117651, ""base_emotional.excitement"": 0.20242530410617254, ""base_emotional.frustration"": 0.16406302852015106, ""base_emotional.loneliness"": 0.09799551870604882, ""base_emotional.self_esteem"": 0.7875998248286575, ""base_emotional.shame"": 0.045605521915637805, ""base_emotional.trust_in_teacher"": 0.7472284558680002}"		
1778047103.555	0	20	0.904561	0.806611	0.801487	0.000000	"{""adhd_hyperactive_impulsive.cognitive.conflict_tendency"": 0.1262220807523805, ""adhd_hyperactive_impulsive.cognitive.impulse_override"": 0.2894012179175442, ""adhd_hyperactive_impulsive.cognitive.plan_consistency"": -0.36276485134223846, ""adhd_hyperactive_impulsive.emotional.anger"": 0.13785487654478837, ""adhd_hyperactive_impulsive.emotional.excitement"": 0.10309845392638754, ""adhd_inattentive.cognitive.att_bandwidth"": -1, ""adhd_inattentive.cognitive.plan_consistency"": -0.3337741700217465, ""adhd_inattentive.cognitive.retention"": -4, ""adhd_inattentive.cognitive.task_initiation_delay"": 0.4706199027850846, ""adhd_inattentive.emotional.frustration"": 0.14741172378691883, ""adhd_inattentive.emotional.self_esteem"": -0.24556808348919637, ""adhd_inattentive.emotional.shame"": 0.10903597768051818, ""base_cognitive.att_bandwidth"": 3, ""base_cognitive.conflict_tendency"": 0.10139311408427472, ""base_cognitive.importance_trigger"": 141.06578234756972, ""base_cognitive.impulse_override"": 0.1174933209244518, ""base_cognitive.plan_consistency"": 0.8168832364780255, ""base_cognitive.recency_decay"": 0.994999861357055, ""base_cognitive.retention"": 4, ""base_cognitive.social_sensitivity"": 0.5790600331556417, ""base_cognitive.task_initiation_delay"": 0.036933864080387215, ""base_cognitive.vision_r"": 3, ""base_emotional.anger"": 0.03574751599625628, ""base_emotional.anxiety"": 0.0964146192241789, ""base_emotional.excitement"": 0.1864022825593069, ""base_emotional.frustration"": 0.15646571271953608, ""base_emotional.loneliness"": 0.030365253273586537, ""base_emotional.self_esteem"": 0.7625990120584147, ""base_emotional.shame"": 0.04772710463254092, ""base_emotional.trust_in_teacher"": 0.6299199533160134}"		
1778047104.074	0	21	0.867698	0.721093	0.837604	0.000000	"{""adhd_hyperactive_impulsive.cognitive.conflict_tendency"": 0.20419108063007735, ""adhd_hyperactive_impulsive.cognitive.impulse_override"": 0.3897434931490444, ""adhd_hyperactive_impulsive.cognitive.plan_consistency"": -0.4813457370944196, ""adhd_hyperactive_impulsive.emotional.anger"": 0.16306499602757, ""adhd_hyperactive_impulsive.emotional.excitement"": 0.20251214746598734, ""adhd_inattentive.cognitive.att_bandwidth"": -2, ""adhd_inattentive.cognitive.plan_consistency"": -0.3903106015761759, ""adhd_inattentive.cognitive.retention"": -4, ""adhd_inattentive.cognitive.task_initiation_delay"": 0.46808959832228214, ""adhd_inattentive.emotional.frustration"": 0.19133654233791395, ""adhd_inattentive.emotional.self_esteem"": -0.29244451541806094, ""adhd_inattentive.emotional.shame"": 0.14965377942655794, ""base_cognitive.att_bandwidth"": 3, ""base_cognitive.conflict_tendency"": 0.03181307701118917, ""base_cognitive.importance_trigger"": 151.71208346305312, ""base_cognitive.impulse_override"": 0.09373324506174792, ""base_cognitive.plan_consistency"": 0.7952461677405108, ""base_cognitive.recency_decay"": 0.9903495159841327, ""base_cognitive.retention"": 4, ""base_cognitive.social_sensitivity"": 0.5332806034662572, ""base_cognitive.task_initiation_delay"": 0.04552479664788916, ""base_cognitive.vision_r"": 3, ""base_emotional.anger"": 0.0795334226782265, ""base_emotional.anxiety"": 0.09092060417408157, ""base_emotional.excitement"": 0.24834586666345881, ""base_emotional.frustration"": 0.15489612198679398, ""base_emotional.loneliness"": 0.05384118084799393, ""base_emotional.self_esteem"": 0.6708127784889742, ""base_emotional.shame"": 0.06032071115125398, ""base_emotional.trust_in_teacher"": 0.7020813887938394}"		
1778047104.686	0	22	0.912240	0.801864	0.827804	0.000000	"{""adhd_hyperactive_impulsive.cognitive.conflict_tendency"": 0.1339812872242207, ""adhd_hyperactive_impulsive.cognitive.impulse_override"": 0.34472481189194737, ""adhd_hyperactive_impulsive.cognitive.plan_consistency"": -0.3998701428352116, ""adhd_hyperactive_impulsive.emotional.anger"": 0.12211770923447222, ""adhd_hyperactive_impulsive.emotional.excitement"": 0.11452817258563829, ""adhd_inattentive.cognitive.att_bandwidth"": -1, ""adhd_inattentive.cognitive.plan_consistency"": -0.32107229094093226, ""adhd_inattentive.cognitive.retention"": -3, ""adhd_inattentive.cognitive.task_initiation_delay"": 0.31845249520741503, ""adhd_inattentive.emotional.frustration"": 0.1640601833616225, ""adhd_inattentive.emotional.self_esteem"": -0.1980120238717343, ""adhd_inattentive.emotional.shame"": 0.22989223089134517, ""base_cognitive.att_bandwidth"": 4, ""base_cognitive.conflict_tendency"": 0.09676277464098071, ""base_cognitive.importance_trigger"": 131.80070596768815, ""base_cognitive.impulse_override"": 0.08384064567016986, ""base_cognitive.plan_consistency"": 0.7673771204206076, ""base_cognitive.recency_decay"": 0.9878391258900374, ""base_cognitive.retention"": 5, ""base_cognitive.social_sensitivity"": 0.4976353546324782, ""base_cognitive.task_initiation_delay"": 0.0732666484655418, ""base_cognitive.vision_r"": 4, ""base_emotional.anger"": 0.04732988667919603, ""base_emotional.anxiety"": 0.12290425719170849, ""base_emotional.excitement"": 0.24032577891017415, ""base_emotional.frustration"": 0.1097071630077364, ""base_emotional.loneliness"": 0.12303005399750486, ""base_emotional.self_esteem"": 0.7090029077759786, ""base_emotional.shame"": 0.06255162858627514, ""base_emotional.trust_in_teacher"": 0.6435155429743683}"		
1778047105.286	0	23	0.915223	0.810601	0.822155	0.000000	"{""adhd_hyperactive_impulsive.cognitive.conflict_tendency"": 0.15189716499678424, ""adhd_hyperactive_impulsive.cognitive.impulse_override"": 0.26037135338436707, ""adhd_hyperactive_impulsive.cognitive.plan_consistency"": -0.3973729788387468, ""adhd_hyperactive_impulsive.emotional.anger"": 0.23407410378861152, ""adhd_hyperactive_impulsive.emotional.excitement"": 0.16049902990689802, ""adhd_inattentive.cognitive.att_bandwidth"": -1, ""adhd_inattentive.cognitive.plan_consistency"": -0.4185012480739652, ""adhd_inattentive.cognitive.retention"": -4, ""adhd_inattentive.cognitive.task_initiation_delay"": 0.36913705067918706, ""adhd_inattentive.emotional.frustration"": 0.21080844383388053, ""adhd_inattentive.emotional.self_esteem"": -0.23327846541015307, ""adhd_inattentive.emotional.shame"": 0.24281970038999812, ""base_cognitive.att_bandwidth"": 3, ""base_cognitive.conflict_tendency"": 0.047091080933707716, ""base_cognitive.importance_trigger"": 163.99255522920583, ""base_cognitive.impulse_override"": 0.05331018575397577, ""base_cognitive.plan_consistency"": 0.8881959503382822, ""base_cognitive.recency_decay"": 0.9817609839365571, ""base_cognitive.retention"": 5, ""base_cognitive.social_sensitivity"": 0.4691584946143782, ""base_cognitive.task_initiation_delay"": 0.0067986657229475505, ""base_cognitive.vision_r"": 3, ""base_emotional.anger"": 0.14548516864269298, ""base_emotional.anxiety"": 0.07041273650479016, ""base_emotional.excitement"": 0.2761042774571391, ""base_emotional.frustration"": 0.10357509446447988, ""base_emotional.loneliness"": 0.03138457555810871, ""base_emotional.self_esteem"": 0.7912323432645695, ""base_emotional.shame"": 0.12196119397988109, ""base_emotional.trust_in_teacher"": 0.6742669437565478}"		
1778047105.836	0	24	0.909355	0.804760	0.816247	0.000000	"{""adhd_hyperactive_impulsive.cognitive.conflict_tendency"": 0.11137754081150997, ""adhd_hyperactive_impulsive.cognitive.impulse_override"": 0.34382851689039085, ""adhd_hyperactive_impulsive.cognitive.plan_consistency"": -0.44815440930581846, ""adhd_hyperactive_impulsive.emotional.anger"": 0.20807794278159059, ""adhd_hyperactive_impulsive.emotional.excitement"": 0.19763766516367948, ""adhd_inattentive.cognitive.att_bandwidth"": -2, ""adhd_inattentive.cognitive.plan_consistency"": -0.3571410517581831, ""adhd_inattentive.cognitive.retention"": -4, ""adhd_inattentive.cognitive.task_initiation_delay"": 0.498020277365407, ""adhd_inattentive.emotional.frustration"": 0.2440189476592407, ""adhd_inattentive.emotional.self_esteem"": -0.28699341540505413, ""adhd_inattentive.emotional.shame"": 0.1144352914871346, ""base_cognitive.att_bandwidth"": 2, ""base_cognitive.conflict_tendency"": 0.04442719047323092, ""base_cognitive.importance_trigger"": 156.07455904262278, ""base_cognitive.impulse_override"": 0.0370026616637664, ""base_cognitive.plan_consistency"": 0.8844620318096635, ""base_cognitive.recency_decay"": 0.993123298485507, ""base_cognitive.retention"": 5, ""base_cognitive.social_sensitivity"": 0.3435929440541146, ""base_cognitive.task_initiation_delay"": 0.09110134070993244, ""base_cognitive.vision_r"": 4, ""base_emotional.anger"": 0.10145153725085157, ""base_emotional.anxiety"": 0.13535517457402513, ""base_emotional.excitement"": 0.17203690385116815, ""base_emotional.frustration"": 0.1611128801502847, ""base_emotional.loneliness"": 0.04427391415416326, ""base_emotional.self_esteem"": 0.7639816987714942, ""base_emotional.shame"": 0.08561452100354514, ""base_emotional.trust_in_teacher"": 0.7543331014521691}"		
1778047106.476	0	25	0.915412	0.803554	0.833199	0.000000	"{""adhd_hyperactive_impulsive.cognitive.conflict_tendency"": 0.10726715716740193, ""adhd_hyperactive_impulsive.cognitive.impulse_override"": 0.3999543863372181, ""adhd_hyperactive_impulsive.cognitive.plan_consistency"": -0.5149840947484993, ""adhd_hyperactive_impulsive.emotional.anger"": 0.1470290111861007, ""adhd_hyperactive_impulsive.emotional.excitement"": 0.22716758688051195, ""adhd_inattentive.cognitive.att_bandwidth"": -1, ""adhd_inattentive.cognitive.plan_consistency"": -0.3541271339429942, ""adhd_inattentive.cognitive.retention"": -3, ""adhd_inattentive.cognitive.task_initiation_delay"": 0.33537071280236846, ""adhd_inattentive.emotional.frustration"": 0.13152711360633526, ""adhd_inattentive.emotional.self_esteem"": -0.34133327236180894, ""adhd_inattentive.emotional.shame"": 0.22541197454874795, ""base_cognitive.att_bandwidth"": 2, ""base_cognitive.conflict_tendency"": 0.054066354868686106, ""base_cognitive.importance_trigger"": 102.87986624815561, ""base_cognitive.impulse_override"": 0.07964032684282968, ""base_cognitive.plan_consistency"": 0.8021260339520766, ""base_cognitive.recency_decay"": 0.9875213639225181, ""base_cognitive.retention"": 6, ""base_cognitive.social_sensitivity"": 0.41266782994200485, ""base_cognitive.task_initiation_delay"": 0.08986203007938898, ""base_cognitive.vision_r"": 3, ""base_emotional.anger"": 0.13468221424018642, ""base_emotional.anxiety"": 0.06861797343587567, ""base_emotional.excitement"": 0.24552457983522125, ""base_emotional.frustration"": 0.05907626595884251, ""base_emotional.loneliness"": 0.1038041097727316, ""base_emotional.self_esteem"": 0.6324110765376699, ""base_emotional.shame"": 0.0631055300185804, ""base_emotional.trust_in_teacher"": 0.5554880828952273}"		
1778047107.051	0	26	0.735760	0.509813	0.824681	0.000000	"{""adhd_hyperactive_impulsive.cognitive.conflict_tendency"": 0.12513683379356083, ""adhd_hyperactive_impulsive.cognitive.impulse_override"": 0.31120340330202695, ""adhd_hyperactive_impulsive.cognitive.plan_consistency"": -0.4405086561899908, ""adhd_hyperactive_impulsive.emotional.anger"": 0.1947596423096354, ""adhd_hyperactive_impulsive.emotional.excitement"": 0.23826279542822204, ""adhd_inattentive.cognitive.att_bandwidth"": -1, ""adhd_inattentive.cognitive.plan_consistency"": -0.4204249268677716, ""adhd_inattentive.cognitive.retention"": -3, ""adhd_inattentive.cognitive.task_initiation_delay"": 0.3515232349660893, ""adhd_inattentive.emotional.frustration"": 0.2197185686898499, ""adhd_inattentive.emotional.self_esteem"": -0.31624295560322896, ""adhd_inattentive.emotional.shame"": 0.11337385442964182, ""base_cognitive.att_bandwidth"": 3, ""base_cognitive.conflict_tendency"": 0.08856884059945762, ""base_cognitive.importance_trigger"": 127.28243688323707, ""base_cognitive.impulse_override"": 0.11105993026452216, ""base_cognitive.plan_consistency"": 0.8703014350415232, ""base_cognitive.recency_decay"": 0.9836145929973751, ""base_cognitive.retention"": 5, ""base_cognitive.social_sensitivity"": 0.47756838858846534, ""base_cognitive.task_initiation_delay"": 0.08825157895834872, ""base_cognitive.vision_r"": 3, ""base_emotional.anger"": 0.045678538930946526, ""base_emotional.anxiety"": 0.14566986038371466, ""base_emotional.excitement"": 0.15421129684950402, ""base_emotional.frustration"": 0.16500579375503766, ""base_emotional.loneliness"": 0.09517647935005971, ""base_emotional.self_esteem"": 0.7172261434967039, ""base_emotional.shame"": 0.08342189753938326, ""base_emotional.trust_in_teacher"": 0.639068617575569}"		
1778047107.677	0	27	0.764923	0.546756	0.842173	0.000000	"{""adhd_hyperactive_impulsive.cognitive.conflict_tendency"": 0.1566129489742728, ""adhd_hyperactive_impulsive.cognitive.impulse_override"": 0.2821608763439717, ""adhd_hyperactive_impulsive.cognitive.plan_consistency"": -0.36184549214419937, ""adhd_hyperactive_impulsive.emotional.anger"": 0.12283445507432376, ""adhd_hyperactive_impulsive.emotional.excitement"": 0.2352910279404432, ""adhd_inattentive.cognitive.att_bandwidth"": -2, ""adhd_inattentive.cognitive.plan_consistency"": -0.320803012618332, ""adhd_inattentive.cognitive.retention"": -2, ""adhd_inattentive.cognitive.task_initiation_delay"": 0.4768749653900951, ""adhd_inattentive.emotional.frustration"": 0.2316174618888293, ""adhd_inattentive.emotional.self_esteem"": -0.30511005441279826, ""adhd_inattentive.emotional.shame"": 0.1747811732731599, ""base_cognitive.att_bandwidth"": 4, ""base_cognitive.conflict_tendency"": 0.09515819356950347, ""base_cognitive.importance_trigger"": 122.22225439669651, ""base_cognitive.impulse_override"": 0.06156225999908278, ""base_cognitive.plan_consistency"": 0.7859353323286954, ""base_cognitive.recency_decay"": 0.9920080931943276, ""base_cognitive.retention"": 5, ""base_cognitive.social_sensitivity"": 0.5514650362001202, ""base_cognitive.task_initiation_delay"": 0.006831203505284134, ""base_cognitive.vision_r"": 4, ""base_emotional.anger"": 0.037179181322077315, ""base_emotional.anxiety"": 0.08136354251370939, ""base_emotional.excitement"": 0.2205189996091632, ""base_emotional.frustration"": 0.1560198191631164, ""base_emotional.loneliness"": 0.04892187087188465, ""base_emotional.self_esteem"": 0.7031809006724071, ""base_emotional.shame"": 0.10144794235365782, ""base_emotional.trust_in_teacher"": 0.6248418866474194}"		
1778047108.166	0	28	0.914861	0.810647	0.821183	0.000000	"{""adhd_hyperactive_impulsive.cognitive.conflict_tendency"": 0.22657146217174354, ""adhd_hyperactive_impulsive.cognitive.impulse_override"": 0.30663870461557585, ""adhd_hyperactive_impulsive.cognitive.plan_consistency"": -0.47319491491998206, ""adhd_hyperactive_impulsive.emotional.anger"": 0.1579281470882538, ""adhd_hyperactive_impulsive.emotional.excitement"": 0.21547161714035126, ""adhd_inattentive.cognitive.att_bandwidth"": -2, ""adhd_inattentive.cognitive.plan_consistency"": -0.3629671282570165, ""adhd_inattentive.cognitive.retention"": -2, ""adhd_inattentive.cognitive.task_initiation_delay"": 0.48773751640590646, ""adhd_inattentive.emotional.frustration"": 0.24790102486034316, ""adhd_inattentive.emotional.self_esteem"": -0.18207571466397257, ""adhd_inattentive.emotional.shame"": 0.1364527134881391, ""base_cognitive.att_bandwidth"": 2, ""base_cognitive.conflict_tendency"": 0.059673713577840015, ""base_cognitive.importance_trigger"": 114.7429224430985, ""base_cognitive.impulse_override"": 0.11222369795979227, ""base_cognitive.plan_consistency"": 0.8552983957750572, ""base_cognitive.recency_decay"": 0.9810515390897062, ""base_cognitive.retention"": 4, ""base_cognitive.social_sensitivity"": 0.44413600852783053, ""base_cognitive.task_initiation_delay"": 0.01840758016224948, ""base_cognitive.vision_r"": 3, ""base_emotional.anger"": 0.10832116580843283, ""base_emotional.anxiety"": 0.12908037344409676, ""base_emotional.excitement"": 0.27118152763998593, ""base_emotional.frustration"": 0.05535635690429049, ""base_emotional.loneliness"": 0.10977814221769353, ""base_emotional.self_esteem"": 0.7267956874989383, ""base_emotional.shame"": 0.07546565082566814, ""base_emotional.trust_in_teacher"": 0.6576036485016761}"		
1778047108.660	0	29	0.907103	0.810228	0.802415	0.000000	"{""adhd_hyperactive_impulsive.cognitive.conflict_tendency"": 0.2300925078831025, ""adhd_hyperactive_impulsive.cognitive.impulse_override"": 0.2788883801904572, ""adhd_hyperactive_impulsive.cognitive.plan_consistency"": -0.5460516257537033, ""adhd_hyperactive_impulsive.emotional.anger"": 0.12514861335126687, ""adhd_hyperactive_impulsive.emotional.excitement"": 0.13538397600398586, ""adhd_inattentive.cognitive.att_bandwidth"": -1, ""adhd_inattentive.cognitive.plan_consistency"": -0.28265712831416223, ""adhd_inattentive.cognitive.retention"": -3, ""adhd_inattentive.cognitive.task_initiation_delay"": 0.4623554346138754, ""adhd_inattentive.emotional.frustration"": 0.1408320630506645, ""adhd_inattentive.emotional.self_esteem"": -0.3230923477202168, ""adhd_inattentive.emotional.shame"": 0.13798606577805125, ""base_cognitive.att_bandwidth"": 2, ""base_cognitive.conflict_tendency"": 0.1119096341023069, ""base_cognitive.importance_trigger"": 118.9007216921255, ""base_cognitive.impulse_override"": 0.04059799459308438, ""base_cognitive.plan_consistency"": 0.8417489249898304, ""base_cognitive.recency_decay"": 0.9869523404136161, ""base_cognitive.retention"": 4, ""base_cognitive.social_sensitivity"": 0.30954998612901485, ""base_cognitive.task_initiation_delay"": 0.032572452091469216, ""base_cognitive.vision_r"": 5, ""base_emotional.anger"": 0.0889527936436223, ""base_emotional.anxiety"": 0.1550178867897853, ""base_emotional.excitement"": 0.2895723245635481, ""base_emotional.frustration"": 0.1714867610857329, ""base_emotional.loneliness"": 0.05598781443308834, ""base_emotional.self_esteem"": 0.6567177120799919, ""base_emotional.shame"": 0.03893197159196646, ""base_emotional.trust_in_teacher"": 0.7514903366704214}"		
1778047109.198	0	30	0.917128	0.803679	0.837301	0.000000	"{""adhd_hyperactive_impulsive.cognitive.conflict_tendency"": 0.24933666265895976, ""adhd_hyperactive_impulsive.cognitive.impulse_override"": 0.39461430489500215, ""adhd_hyperactive_impulsive.cognitive.plan_consistency"": -0.4149690370884657, ""adhd_hyperactive_impulsive.emotional.anger"": 0.20649843507677934, ""adhd_hyperactive_impulsive.emotional.excitement"": 0.14930569662310383, ""adhd_inattentive.cognitive.att_bandwidth"": -3, ""adhd_inattentive.cognitive.plan_consistency"": -0.36897210317870327, ""adhd_inattentive.cognitive.retention"": -2, ""adhd_inattentive.cognitive.task_initiation_delay"": 0.41057867933982073, ""adhd_inattentive.emotional.frustration"": 0.17003265597465395, ""adhd_inattentive.emotional.self_esteem"": -0.3266652300107582, ""adhd_inattentive.emotional.shame"": 0.12575336558813327, ""base_cognitive.att_bandwidth"": 2, ""base_cognitive.conflict_tendency"": 0.08166544249264915, ""base_cognitive.importance_trigger"": 160.17238783340608, ""base_cognitive.impulse_override"": 0.10590122670099075, ""base_cognitive.plan_consistency"": 0.8183765949722804, ""base_cognitive.recency_decay"": 0.9928103046991322, ""base_cognitive.retention"": 5, ""base_cognitive.social_sensitivity"": 0.46735947211762374, ""base_cognitive.task_initiation_delay"": 0.02247804784722648, ""base_cognitive.vision_r"": 3, ""base_emotional.anger"": 0.09108365701424898, ""base_emotional.anxiety"": 0.17823984274568738, ""base_emotional.excitement"": 0.21396375398727066, ""base_emotional.frustration"": 0.0604499373600422, ""base_emotional.loneliness"": 0.10474132381664718, ""base_emotional.self_esteem"": 0.7970752330088244, ""base_emotional.shame"": 0.1221711800123669, ""base_emotional.trust_in_teacher"": 0.7373324387057016}"		
1778047109.710	0	31	0.895789	0.760497	0.848726	0.000000	"{""adhd_hyperactive_impulsive.cognitive.conflict_tendency"": 0.1869531872663546, ""adhd_hyperactive_impulsive.cognitive.impulse_override"": 0.30439949299092434, ""adhd_hyperactive_impulsive.cognitive.plan_consistency"": -0.4495580365834384, ""adhd_hyperactive_impulsive.emotional.anger"": 0.22247825255904802, ""adhd_hyperactive_impulsive.emotional.excitement"": 0.21131896332308003, ""adhd_inattentive.cognitive.att_bandwidth"": -2, ""adhd_inattentive.cognitive.plan_consistency"": -0.4474953409594068, ""adhd_inattentive.cognitive.retention"": -4, ""adhd_inattentive.cognitive.task_initiation_delay"": 0.48136720957857987, ""adhd_inattentive.emotional.frustration"": 0.13393113563570047, ""adhd_inattentive.emotional.self_esteem"": -0.22358845420956355, ""adhd_inattentive.emotional.shame"": 0.2465202714923149, ""base_cognitive.att_bandwidth"": 2, ""base_cognitive.conflict_tendency"": 0.08056712172683042, ""base_cognitive.importance_trigger"": 103.10863844068241, ""base_cognitive.impulse_override"": 0.10968596862444371, ""base_cognitive.plan_consistency"": 0.9095981154055478, ""base_cognitive.recency_decay"": 0.9904662397447642, ""base_cognitive.retention"": 4, ""base_cognitive.social_sensitivity"": 0.5686974642261131, ""base_cognitive.task_initiation_delay"": 0.05380391843068547, ""base_cognitive.vision_r"": 4, ""base_emotional.anger"": 0.11293292925307413, ""base_emotional.anxiety"": 0.09121850101670231, ""base_emotional.excitement"": 0.2179898355235274, ""base_emotional.frustration"": 0.1846187264006942, ""base_emotional.loneliness"": 0.09130186478256672, ""base_emotional.self_esteem"": 0.606624046010461, ""base_emotional.shame"": 0.08962806980040691, ""base_emotional.trust_in_teacher"": 0.7979713909815197}"		
1778047110.290	0	32	0.914352	0.802638	0.831923	0.000000	"{""adhd_hyperactive_impulsive.cognitive.conflict_tendency"": 0.1770844885337067, ""adhd_hyperactive_impulsive.cognitive.impulse_override"": 0.36992861207378447, ""adhd_hyperactive_impulsive.cognitive.plan_consistency"": -0.42070400793363283, ""adhd_hyperactive_impulsive.emotional.anger"": 0.14254721700468295, ""adhd_hyperactive_impulsive.emotional.excitement"": 0.14485203628501736, ""adhd_inattentive.cognitive.att_bandwidth"": -3, ""adhd_inattentive.cognitive.plan_consistency"": -0.26516663923949374, ""adhd_inattentive.cognitive.retention"": -2, ""adhd_inattentive.cognitive.task_initiation_delay"": 0.4355175636011141, ""adhd_inattentive.emotional.frustration"": 0.2308796142589009, ""adhd_inattentive.emotional.self_esteem"": -0.28377932000091, ""adhd_inattentive.emotional.shame"": 0.2282073331068987, ""base_cognitive.att_bandwidth"": 2, ""base_cognitive.conflict_tendency"": 0.06444680547266304, ""base_cognitive.importance_trigger"": 167.26490037686094, ""base_cognitive.impulse_override"": 0.10674457447937191, ""base_cognitive.plan_consistency"": 0.7632134165701604, ""base_cognitive.recency_decay"": 0.9874065954876341, ""base_cognitive.retention"": 6, ""base_cognitive.social_sensitivity"": 0.5302292869410218, ""base_cognitive.task_initiation_delay"": 0.06756622537073494, ""base_cognitive.vision_r"": 4, ""base_emotional.anger"": 0.11745632512916578, ""base_emotional.anxiety"": 0.06713184025639819, ""base_emotional.excitement"": 0.1643097614088626, ""base_emotional.frustration"": 0.06934872772013717, ""base_emotional.loneliness"": 0.12734271537951553, ""base_emotional.self_esteem"": 0.7972404414679927, ""base_emotional.shame"": 0.08523146417775812, ""base_emotional.trust_in_teacher"": 0.6122206898135489}"		
1778047110.771	0	33	1.069505	1.060193	0.833473	0.000000	"{""adhd_hyperactive_impulsive.cognitive.conflict_tendency"": 0.12033259245130333, ""adhd_hyperactive_impulsive.cognitive.impulse_override"": 0.3584622857275195, ""adhd_hyperactive_impulsive.cognitive.plan_consistency"": -0.5018349662681687, ""adhd_hyperactive_impulsive.emotional.anger"": 0.15527725761054723, ""adhd_hyperactive_impulsive.emotional.excitement"": 0.15385826351582024, ""adhd_inattentive.cognitive.att_bandwidth"": -3, ""adhd_inattentive.cognitive.plan_consistency"": -0.40515751428722585, ""adhd_inattentive.cognitive.retention"": -4, ""adhd_inattentive.cognitive.task_initiation_delay"": 0.3573777360269387, ""adhd_inattentive.emotional.frustration"": 0.21673117963598415, ""adhd_inattentive.emotional.self_esteem"": -0.3191500824044101, ""adhd_inattentive.emotional.shame"": 0.10745713517061925, ""base_cognitive.att_bandwidth"": 2, ""base_cognitive.conflict_tendency"": 0.04847273945788258, ""base_cognitive.importance_trigger"": 122.72404552149071, ""base_cognitive.impulse_override"": 0.05046492320161865, ""base_cognitive.plan_consistency"": 0.8779420373231186, ""base_cognitive.recency_decay"": 0.9869288685926522, ""base_cognitive.retention"": 4, ""base_cognitive.social_sensitivity"": 0.5375683444787304, ""base_cognitive.task_initiation_delay"": 0.05633176986017673, ""base_cognitive.vision_r"": 5, ""base_emotional.anger"": 0.06497657678272241, ""base_emotional.anxiety"": 0.09262121096149963, ""base_emotional.excitement"": 0.23769941964757804, ""base_emotional.frustration"": 0.17822400616184791, ""base_emotional.loneliness"": 0.11177880037830877, ""base_emotional.self_esteem"": 0.7063244131585347, ""base_emotional.shame"": 0.13333267156139303, ""base_emotional.trust_in_teacher"": 0.6908626622287748}"		
1778047111.305	0	34	0.899304	0.809756	0.783626	0.000000	"{""adhd_hyperactive_impulsive.cognitive.conflict_tendency"": 0.11870749956762891, ""adhd_hyperactive_impulsive.cognitive.impulse_override"": 0.2893780216418881, ""adhd_hyperactive_impulsive.cognitive.plan_consistency"": -0.4545591023954716, ""adhd_hyperactive_impulsive.emotional.anger"": 0.16545695579218475, ""adhd_hyperactive_impulsive.emotional.excitement"": 0.24763974470700703, ""adhd_inattentive.cognitive.att_bandwidth"": -1, ""adhd_inattentive.cognitive.plan_consistency"": -0.3004893620896911, ""adhd_inattentive.cognitive.retention"": -2, ""adhd_inattentive.cognitive.task_initiation_delay"": 0.31930964271044143, ""adhd_inattentive.emotional.frustration"": 0.12075625400569501, ""adhd_inattentive.emotional.self_esteem"": -0.33451221326869307, ""adhd_inattentive.emotional.shame"": 0.19804502718763467, ""base_cognitive.att_bandwidth"": 2, ""base_cognitive.conflict_tendency"": 0.08382758984441863, ""base_cognitive.importance_trigger"": 142.40416460492108, ""base_cognitive.impulse_override"": 0.07509982989073836, ""base_cognitive.plan_consistency"": 0.8855088425175737, ""base_cognitive.recency_decay"": 0.9858665450706675, ""base_cognitive.retention"": 5, ""base_cognitive.social_sensitivity"": 0.510081015843728, ""base_cognitive.task_initiation_delay"": 0.06280078262769871, ""base_cognitive.vision_r"": 3, ""base_emotional.anger"": 0.06553519605966873, ""base_emotional.anxiety"": 0.08393062848997235, ""base_emotional.excitement"": 0.2747948235188046, ""base_emotional.frustration"": 0.10243091095699507, ""base_emotional.loneliness"": 0.036721060677074605, ""base_emotional.self_esteem"": 0.7667822077081075, ""base_emotional.shame"": 0.03451066464324706, ""base_emotional.trust_in_teacher"": 0.6336492941953824}"		
1778047111.886	0	35	0.916326	0.805126	0.833124	0.000000	"{""adhd_hyperactive_impulsive.cognitive.conflict_tendency"": 0.10623095654768701, ""adhd_hyperactive_impulsive.cognitive.impulse_override"": 0.28634146409940525, ""adhd_hyperactive_impulsive.cognitive.plan_consistency"": -0.525789485242593, ""adhd_hyperactive_impulsive.emotional.anger"": 0.22790859055145174, ""adhd_hyperactive_impulsive.emotional.excitement"": 0.24592984435436255, ""adhd_inattentive.cognitive.att_bandwidth"": -3, ""adhd_inattentive.cognitive.plan_consistency"": -0.32911879139705674, ""adhd_inattentive.cognitive.retention"": -2, ""adhd_inattentive.cognitive.task_initiation_delay"": 0.34729008787830445, ""adhd_inattentive.emotional.frustration"": 0.13805939312914173, ""adhd_inattentive.emotional.self_esteem"": -0.31059929589968777, ""adhd_inattentive.emotional.shame"": 0.24831364525900881, ""base_cognitive.att_bandwidth"": 2, ""base_cognitive.conflict_tendency"": 0.04140312562967103, ""base_cognitive.importance_trigger"": 162.7555701493356, ""base_cognitive.impulse_override"": 0.09001342229745818, ""base_cognitive.plan_consistency"": 0.7814676197356685, ""base_cognitive.recency_decay"": 0.9874334380936234, ""base_cognitive.retention"": 6, ""base_cognitive.social_sensitivity"": 0.46813611930205246, ""base_cognitive.task_initiation_delay"": 0.003933144929122989, ""base_cognitive.vision_r"": 5, ""base_emotional.anger"": 0.041543022539643135, ""base_emotional.anxiety"": 0.11070487713043096, ""base_emotional.excitement"": 0.25880169344291615, ""base_emotional.frustration"": 0.08950079693048416, ""base_emotional.loneliness"": 0.08876373037701386, ""base_emotional.self_esteem"": 0.7051158944190463, ""base_emotional.shame"": 0.05813283962254673, ""base_emotional.trust_in_teacher"": 0.707416167598093}"		
1778047112.439	0	36	0.900357	0.801867	0.798091	0.000000	"{""adhd_hyperactive_impulsive.cognitive.conflict_tendency"": 0.19068079593100223, ""adhd_hyperactive_impulsive.cognitive.impulse_override"": 0.38840554525918336, ""adhd_hyperactive_impulsive.cognitive.plan_consistency"": -0.5483940097546205, ""adhd_hyperactive_impulsive.emotional.anger"": 0.19144212631162932, ""adhd_hyperactive_impulsive.emotional.excitement"": 0.1171040832106956, ""adhd_inattentive.cognitive.att_bandwidth"": -3, ""adhd_inattentive.cognitive.plan_consistency"": -0.3003035699444916, ""adhd_inattentive.cognitive.retention"": -2, ""adhd_inattentive.cognitive.task_initiation_delay"": 0.30889075009719275, ""adhd_inattentive.emotional.frustration"": 0.20321096145858264, ""adhd_inattentive.emotional.self_esteem"": -0.34218471912100074, ""adhd_inattentive.emotional.shame"": 0.21741372043561646, ""base_cognitive.att_bandwidth"": 4, ""base_cognitive.conflict_tendency"": 0.09379103223169988, ""base_cognitive.importance_trigger"": 135.06598451559034, ""base_cognitive.impulse_override"": 0.09519228965017515, ""base_cognitive.plan_consistency"": 0.8425950466078319, ""base_cognitive.recency_decay"": 0.9810637116910563, ""base_cognitive.retention"": 4, ""base_cognitive.social_sensitivity"": 0.5242700667352125, ""base_cognitive.task_initiation_delay"": 0.07823331212552201, ""base_cognitive.vision_r"": 3, ""base_emotional.anger"": 0.1144887694793698, ""base_emotional.anxiety"": 0.1381016401316968, ""base_emotional.excitement"": 0.17240391350988274, ""base_emotional.frustration"": 0.05779954759027841, ""base_emotional.loneliness"": 0.03469017364201305, ""base_emotional.self_esteem"": 0.6888766066321551, ""base_emotional.shame"": 0.04360216487919057, ""base_emotional.trust_in_teacher"": 0.6116364276381893}"		
1778047112.973	0	37	0.908617	0.810928	0.805152	0.000000	"{""adhd_hyperactive_impulsive.cognitive.conflict_tendency"": 0.17763206521431552, ""adhd_hyperactive_impulsive.cognitive.impulse_override"": 0.3946297868752706, ""adhd_hyperactive_impulsive.cognitive.plan_consistency"": -0.5042249970269731, ""adhd_hyperactive_impulsive.emotional.anger"": 0.12383741835179583, ""adhd_hyperactive_impulsive.emotional.excitement"": 0.21802198767599495, ""adhd_inattentive.cognitive.att_bandwidth"": -1, ""adhd_inattentive.cognitive.plan_consistency"": -0.3355489596777249, ""adhd_inattentive.cognitive.retention"": -4, ""adhd_inattentive.cognitive.task_initiation_delay"": 0.4369841386996721, ""adhd_inattentive.emotional.frustration"": 0.15330968852752525, ""adhd_inattentive.emotional.self_esteem"": -0.2863537631740551, ""adhd_inattentive.emotional.shame"": 0.20021746161499637, ""base_cognitive.att_bandwidth"": 4, ""base_cognitive.conflict_tendency"": 0.10789829418005087, ""base_cognitive.importance_trigger"": 101.22413720500636, ""base_cognitive.impulse_override"": 0.04037984536175768, ""base_cognitive.plan_consistency"": 0.8878839335706823, ""base_cognitive.recency_decay"": 0.9819114207046798, ""base_cognitive.retention"": 4, ""base_cognitive.social_sensitivity"": 0.39599029586107826, ""base_cognitive.task_initiation_delay"": 0.046976664217325916, ""base_cognitive.vision_r"": 3, ""base_emotional.anger"": 0.13593942004179504, ""base_emotional.anxiety"": 0.11602139223422117, ""base_emotional.excitement"": 0.20555399642570046, ""base_emotional.frustration"": 0.0504359393390835, ""base_emotional.loneliness"": 0.04120877755374101, ""base_emotional.self_esteem"": 0.766103767184396, ""base_emotional.shame"": 0.049009669995895115, ""base_emotional.trust_in_teacher"": 0.7298015735990873}"		
1778047113.463	0	38	0.902934	0.815807	0.783626	0.000000	"{""adhd_hyperactive_impulsive.cognitive.conflict_tendency"": 0.21537000241057003, ""adhd_hyperactive_impulsive.cognitive.impulse_override"": 0.33589641111151375, ""adhd_hyperactive_impulsive.cognitive.plan_consistency"": -0.4689945317160599, ""adhd_hyperactive_impulsive.emotional.anger"": 0.2209370727414458, ""adhd_hyperactive_impulsive.emotional.excitement"": 0.1199201225208859, ""adhd_inattentive.cognitive.att_bandwidth"": -2, ""adhd_inattentive.cognitive.plan_consistency"": -0.2901248438377774, ""adhd_inattentive.cognitive.retention"": -4, ""adhd_inattentive.cognitive.task_initiation_delay"": 0.30943303657862065, ""adhd_inattentive.emotional.frustration"": 0.1522598613328668, ""adhd_inattentive.emotional.self_esteem"": -0.29140517776577246, ""adhd_inattentive.emotional.shame"": 0.128880158814461, ""base_cognitive.att_bandwidth"": 2, ""base_cognitive.conflict_tendency"": 0.06585773723534719, ""base_cognitive.importance_trigger"": 134.95777279425235, ""base_cognitive.impulse_override"": 0.03773309608493371, ""base_cognitive.plan_consistency"": 0.9049685442236692, ""base_cognitive.recency_decay"": 0.9817593546281083, ""base_cognitive.retention"": 4, ""base_cognitive.social_sensitivity"": 0.46999290836766816, ""base_cognitive.task_initiation_delay"": 0.0014203187560713594, ""base_cognitive.vision_r"": 4, ""base_emotional.anger"": 0.05168808867718616, ""base_emotional.anxiety"": 0.16655826739504248, ""base_emotional.excitement"": 0.17742416383492013, ""base_emotional.frustration"": 0.0849055707063361, ""base_emotional.loneliness"": 0.07565018189415532, ""base_emotional.self_esteem"": 0.7873961819680642, ""base_emotional.shame"": 0.14637385493227195, ""base_emotional.trust_in_teacher"": 0.5763726833478287}"		
1778047113.948	0	39	0.897996	0.807576	0.783626	0.000000	"{""adhd_hyperactive_impulsive.cognitive.conflict_tendency"": 0.11215825615674509, ""adhd_hyperactive_impulsive.cognitive.impulse_override"": 0.37900666367336844, ""adhd_hyperactive_impulsive.cognitive.plan_consistency"": -0.35855789035571456, ""adhd_hyperactive_impulsive.emotional.anger"": 0.17692650187291523, ""adhd_hyperactive_impulsive.emotional.excitement"": 0.14073323102238067, ""adhd_inattentive.cognitive.att_bandwidth"": -1, ""adhd_inattentive.cognitive.plan_consistency"": -0.252025519397386, ""adhd_inattentive.cognitive.retention"": -3, ""adhd_inattentive.cognitive.task_initiation_delay"": 0.3109708513658991, ""adhd_inattentive.emotional.frustration"": 0.24347721163749345, ""adhd_inattentive.emotional.self_esteem"": -0.34229388332170213, ""adhd_inattentive.emotional.shame"": 0.14541058091883877, ""base_cognitive.att_bandwidth"": 2, ""base_cognitive.conflict_tendency"": 0.07454489871848002, ""base_cognitive.importance_trigger"": 129.69644550509656, ""base_cognitive.impulse_override"": 0.053238473686506256, ""base_cognitive.plan_consistency"": 0.9227852315529562, ""base_cognitive.recency_decay"": 0.9921403200516222, ""base_cognitive.retention"": 4, ""base_cognitive.social_sensitivity"": 0.5858273009184289, ""base_cognitive.task_initiation_delay"": 0.029058559917815988, ""base_cognitive.vision_r"": 4, ""base_emotional.anger"": 0.1484440824332252, ""base_emotional.anxiety"": 0.09269144046980059, ""base_emotional.excitement"": 0.16659865211897182, ""base_emotional.frustration"": 0.11897351849148131, ""base_emotional.loneliness"": 0.10168812432358557, ""base_emotional.self_esteem"": 0.627291906772924, ""base_emotional.shame"": 0.08567947235911447, ""base_emotional.trust_in_teacher"": 0.701030148429315}"		
1778047114.451	0	40	0.916527	0.812930	0.821921	0.000000	"{""adhd_hyperactive_impulsive.cognitive.conflict_tendency"": 0.11580897626047906, ""adhd_hyperactive_impulsive.cognitive.impulse_override"": 0.3715922743371811, ""adhd_hyperactive_impulsive.cognitive.plan_consistency"": -0.3694162077126695, ""adhd_hyperactive_impulsive.emotional.anger"": 0.23340798984639533, ""adhd_hyperactive_impulsive.emotional.excitement"": 0.12176030553367377, ""adhd_inattentive.cognitive.att_bandwidth"": -1, ""adhd_inattentive.cognitive.plan_consistency"": -0.32568909762187837, ""adhd_inattentive.cognitive.retention"": -4, ""adhd_inattentive.cognitive.task_initiation_delay"": 0.32311666696010316, ""adhd_inattentive.emotional.frustration"": 0.1614444565116933, ""adhd_inattentive.emotional.self_esteem"": -0.34846334781304145, ""adhd_inattentive.emotional.shame"": 0.12457862121954374, ""base_cognitive.att_bandwidth"": 2, ""base_cognitive.conflict_tendency"": 0.08915004063337362, ""base_cognitive.importance_trigger"": 146.58652500310626, ""base_cognitive.impulse_override"": 0.07399829346443647, ""base_cognitive.plan_consistency"": 0.8293295395012346, ""base_cognitive.recency_decay"": 0.983382827764931, ""base_cognitive.retention"": 4, ""base_cognitive.social_sensitivity"": 0.48159226888866313, ""base_cognitive.task_initiation_delay"": 0.05453908277208508, ""base_cognitive.vision_r"": 4, ""base_emotional.anger"": 0.12104098453658128, ""base_emotional.anxiety"": 0.11846185681752035, ""base_emotional.excitement"": 0.2890560833508591, ""base_emotional.frustration"": 0.08998028001302572, ""base_emotional.loneliness"": 0.07019546567050791, ""base_emotional.self_esteem"": 0.7384020121250829, ""base_emotional.shame"": 0.11954681899444244, ""base_emotional.trust_in_teacher"": 0.6927658721929773}"		
1778047115.025	0	41	0.926285	0.811172	0.848955	0.000000	"{""adhd_hyperactive_impulsive.cognitive.conflict_tendency"": 0.10064014155601138, ""adhd_hyperactive_impulsive.cognitive.impulse_override"": 0.30626314384888714, ""adhd_hyperactive_impulsive.cognitive.plan_consistency"": -0.3626514469567267, ""adhd_hyperactive_impulsive.emotional.anger"": 0.183021498050148, ""adhd_hyperactive_impulsive.emotional.excitement"": 0.19087139955207427, ""adhd_inattentive.cognitive.att_bandwidth"": -2, ""adhd_inattentive.cognitive.plan_consistency"": -0.3090174851716534, ""adhd_inattentive.cognitive.retention"": -3, ""adhd_inattentive.cognitive.task_initiation_delay"": 0.4400700574129607, ""adhd_inattentive.emotional.frustration"": 0.15172466858204536, ""adhd_inattentive.emotional.self_esteem"": -0.18480876406619326, ""adhd_inattentive.emotional.shame"": 0.1821042966099995, ""base_cognitive.att_bandwidth"": 3, ""base_cognitive.conflict_tendency"": 0.11654273272767508, ""base_cognitive.importance_trigger"": 157.2993607223656, ""base_cognitive.impulse_override"": 0.06796024839266737, ""base_cognitive.plan_consistency"": 0.7736384436705621, ""base_cognitive.recency_decay"": 0.9877140632640702, ""base_cognitive.retention"": 5, ""base_cognitive.social_sensitivity"": 0.35958424114288956, ""base_cognitive.task_initiation_delay"": 0.04226683246254061, ""base_cognitive.vision_r"": 4, ""base_emotional.anger"": 0.10513553655407454, ""base_emotional.anxiety"": 0.08011269677904004, ""base_emotional.excitement"": 0.20428643321076428, ""base_emotional.frustration"": 0.1805713054444375, ""base_emotional.loneliness"": 0.13983568521133613, ""base_emotional.self_esteem"": 0.6738008670922871, ""base_emotional.shame"": 0.06456033946646528, ""base_emotional.trust_in_teacher"": 0.612596309199161}"		
1778047115.510	0	42	0.919993	0.809222	0.836150	0.000000	"{""adhd_hyperactive_impulsive.cognitive.conflict_tendency"": 0.15881957607797167, ""adhd_hyperactive_impulsive.cognitive.impulse_override"": 0.32297693740496564, ""adhd_hyperactive_impulsive.cognitive.plan_consistency"": -0.3641563269181359, ""adhd_hyperactive_impulsive.emotional.anger"": 0.12717054307992656, ""adhd_hyperactive_impulsive.emotional.excitement"": 0.21200676467133084, ""adhd_inattentive.cognitive.att_bandwidth"": -1, ""adhd_inattentive.cognitive.plan_consistency"": -0.3093294619047875, ""adhd_inattentive.cognitive.retention"": -3, ""adhd_inattentive.cognitive.task_initiation_delay"": 0.3633216911656497, ""adhd_inattentive.emotional.frustration"": 0.19392530753819648, ""adhd_inattentive.emotional.self_esteem"": -0.3098883291187953, ""adhd_inattentive.emotional.shame"": 0.1671179200365847, ""base_cognitive.att_bandwidth"": 2, ""base_cognitive.conflict_tendency"": 0.07273706436504171, ""base_cognitive.importance_trigger"": 148.55990422377093, ""base_cognitive.impulse_override"": 0.03756172907250944, ""base_cognitive.plan_consistency"": 0.7666565701005109, ""base_cognitive.recency_decay"": 0.9942755618849717, ""base_cognitive.retention"": 4, ""base_cognitive.social_sensitivity"": 0.4478406089084307, ""base_cognitive.task_initiation_delay"": 0.07450248447495517, ""base_cognitive.vision_r"": 5, ""base_emotional.anger"": 0.06893357188189309, ""base_emotional.anxiety"": 0.15372863169015943, ""base_emotional.excitement"": 0.23600473806808006, ""base_emotional.frustration"": 0.10001299238709264, ""base_emotional.loneliness"": 0.0789872481490497, ""base_emotional.self_esteem"": 0.7551333274278537, ""base_emotional.shame"": 0.09211563818616, ""base_emotional.trust_in_teacher"": 0.6524618322091331}"		
1778047116.034	0	43	0.883631	0.733944	0.858162	0.000000	"{""adhd_hyperactive_impulsive.cognitive.conflict_tendency"": 0.1203479578533787, ""adhd_hyperactive_impulsive.cognitive.impulse_override"": 0.32818671105507935, ""adhd_hyperactive_impulsive.cognitive.plan_consistency"": -0.5477908676103876, ""adhd_hyperactive_impulsive.emotional.anger"": 0.13401764982693706, ""adhd_hyperactive_impulsive.emotional.excitement"": 0.12538280680800748, ""adhd_inattentive.cognitive.att_bandwidth"": -3, ""adhd_inattentive.cognitive.plan_consistency"": -0.3826453028897618, ""adhd_inattentive.cognitive.retention"": -3, ""adhd_inattentive.cognitive.task_initiation_delay"": 0.3057122851187352, ""adhd_inattentive.emotional.frustration"": 0.23884879284292643, ""adhd_inattentive.emotional.self_esteem"": -0.20591933612850696, ""adhd_inattentive.emotional.shame"": 0.17414721505426017, ""base_cognitive.att_bandwidth"": 4, ""base_cognitive.conflict_tendency"": 0.10526155868323214, ""base_cognitive.importance_trigger"": 168.9959061566965, ""base_cognitive.impulse_override"": 0.09879828850708827, ""base_cognitive.plan_consistency"": 0.7639631853934824, ""base_cognitive.recency_decay"": 0.9840033484725595, ""base_cognitive.retention"": 4, ""base_cognitive.social_sensitivity"": 0.4150773604467982, ""base_cognitive.task_initiation_delay"": 0.014397953376186691, ""base_cognitive.vision_r"": 4, ""base_emotional.anger"": 0.11903414350294372, ""base_emotional.anxiety"": 0.0736370783149459, ""base_emotional.excitement"": 0.1989455117769282, ""base_emotional.frustration"": 0.18066956599153927, ""base_emotional.loneliness"": 0.0679883142179064, ""base_emotional.self_esteem"": 0.7572570716099913, ""base_emotional.shame"": 0.10495328800865207, ""base_emotional.trust_in_teacher"": 0.6798816428038081}"		
1778047116.591	0	44	1.002534	0.924034	0.870285	0.000000	"{""adhd_hyperactive_impulsive.cognitive.conflict_tendency"": 0.22813164541569647, ""adhd_hyperactive_impulsive.cognitive.impulse_override"": 0.39979773670771535, ""adhd_hyperactive_impulsive.cognitive.plan_consistency"": -0.5326105140547761, ""adhd_hyperactive_impulsive.emotional.anger"": 0.15876337383622052, ""adhd_hyperactive_impulsive.emotional.excitement"": 0.16768325751565422, ""adhd_inattentive.cognitive.att_bandwidth"": -2, ""adhd_inattentive.cognitive.plan_consistency"": -0.3796137158729027, ""adhd_inattentive.cognitive.retention"": -4, ""adhd_inattentive.cognitive.task_initiation_delay"": 0.4745088574695302, ""adhd_inattentive.emotional.frustration"": 0.19612831185604823, ""adhd_inattentive.emotional.self_esteem"": -0.29822424160921757, ""adhd_inattentive.emotional.shame"": 0.2204962252626264, ""base_cognitive.att_bandwidth"": 2, ""base_cognitive.conflict_tendency"": 0.1127141944892921, ""base_cognitive.importance_trigger"": 167.41876821582753, ""base_cognitive.impulse_override"": 0.036435178593991036, ""base_cognitive.plan_consistency"": 0.8036693076987291, ""base_cognitive.recency_decay"": 0.9824976345241425, ""base_cognitive.retention"": 5, ""base_cognitive.social_sensitivity"": 0.3358534432005802, ""base_cognitive.task_initiation_delay"": 0.07145886589525238, ""base_cognitive.vision_r"": 5, ""base_emotional.anger"": 0.1070638215031393, ""base_emotional.anxiety"": 0.07522245279898072, ""base_emotional.excitement"": 0.18499290194156487, ""base_emotional.frustration"": 0.18298113780937503, ""base_emotional.loneliness"": 0.13104851971566578, ""base_emotional.self_esteem"": 0.7112299907316466, ""base_emotional.shame"": 0.06340431673109537, ""base_emotional.trust_in_teacher"": 0.7530656191071393}"		
1778047117.196	0	45	0.899342	0.809820	0.783626	0.000000	"{""adhd_hyperactive_impulsive.cognitive.conflict_tendency"": 0.10723272519851784, ""adhd_hyperactive_impulsive.cognitive.impulse_override"": 0.2766855513405774, ""adhd_hyperactive_impulsive.cognitive.plan_consistency"": -0.46745335163529406, ""adhd_hyperactive_impulsive.emotional.anger"": 0.21677585712257788, ""adhd_hyperactive_impulsive.emotional.excitement"": 0.10563142844821131, ""adhd_inattentive.cognitive.att_bandwidth"": -2, ""adhd_inattentive.cognitive.plan_consistency"": -0.25688715905973614, ""adhd_inattentive.cognitive.retention"": -2, ""adhd_inattentive.cognitive.task_initiation_delay"": 0.3306124615162444, ""adhd_inattentive.emotional.frustration"": 0.14011134645836387, ""adhd_inattentive.emotional.self_esteem"": -0.33418032425838085, ""adhd_inattentive.emotional.shame"": 0.14004117131496413, ""base_cognitive.att_bandwidth"": 4, ""base_cognitive.conflict_tendency"": 0.04626216249262042, ""base_cognitive.importance_trigger"": 131.56399952935394, ""base_cognitive.impulse_override"": 0.05677531539050497, ""base_cognitive.plan_consistency"": 0.9034386513654583, ""base_cognitive.recency_decay"": 0.9893241622340019, ""base_cognitive.retention"": 5, ""base_cognitive.social_sensitivity"": 0.4792677457667522, ""base_cognitive.task_initiation_delay"": 0.0021240381364702964, ""base_cognitive.vision_r"": 4, ""base_emotional.anger"": 0.12871680935047877, ""base_emotional.anxiety"": 0.07971057181904861, ""base_emotional.excitement"": 0.26982684029918436, ""base_emotional.frustration"": 0.19059218332179978, ""base_emotional.loneliness"": 0.03113177165170768, ""base_emotional.self_esteem"": 0.6513144879012277, ""base_emotional.shame"": 0.12013892188605985, ""base_emotional.trust_in_teacher"": 0.6110310803678418}"		
1778047117.812	0	46	0.904984	0.801541	0.810148	0.000000	"{""adhd_hyperactive_impulsive.cognitive.conflict_tendency"": 0.16589794382504114, ""adhd_hyperactive_impulsive.cognitive.impulse_override"": 0.39656105948758213, ""adhd_hyperactive_impulsive.cognitive.plan_consistency"": -0.4286941055346633, ""adhd_hyperactive_impulsive.emotional.anger"": 0.16785217881097989, ""adhd_hyperactive_impulsive.emotional.excitement"": 0.24673839840103803, ""adhd_inattentive.cognitive.att_bandwidth"": -1, ""adhd_inattentive.cognitive.plan_consistency"": -0.27464290327019136, ""adhd_inattentive.cognitive.retention"": -2, ""adhd_inattentive.cognitive.task_initiation_delay"": 0.3749260069843049, ""adhd_inattentive.emotional.frustration"": 0.19931118981721285, ""adhd_inattentive.emotional.self_esteem"": -0.19610277832521286, ""adhd_inattentive.emotional.shame"": 0.22517746716387757, ""base_cognitive.att_bandwidth"": 4, ""base_cognitive.conflict_tendency"": 0.11236845776175756, ""base_cognitive.importance_trigger"": 156.26775501477582, ""base_cognitive.impulse_override"": 0.11252672785178797, ""base_cognitive.plan_consistency"": 0.7867364264362399, ""base_cognitive.recency_decay"": 0.9841111520084805, ""base_cognitive.retention"": 5, ""base_cognitive.social_sensitivity"": 0.5907276955217913, ""base_cognitive.task_initiation_delay"": 0.03538577320708064, ""base_cognitive.vision_r"": 5, ""base_emotional.anger"": 0.12689083571089738, ""base_emotional.anxiety"": 0.06518202265578912, ""base_emotional.excitement"": 0.21288070332780623, ""base_emotional.frustration"": 0.06326826396233702, ""base_emotional.loneliness"": 0.03904261294545634, ""base_emotional.self_esteem"": 0.6793299344581543, ""base_emotional.shame"": 0.146966321202912, ""base_emotional.trust_in_teacher"": 0.6124981012846759}"		
1778047118.295	0	47	0.886190	0.750577	0.839609	0.000000	"{""adhd_hyperactive_impulsive.cognitive.conflict_tendency"": 0.10577155805206538, ""adhd_hyperactive_impulsive.cognitive.impulse_override"": 0.38871750470640487, ""adhd_hyperactive_impulsive.cognitive.plan_consistency"": -0.5327330092171184, ""adhd_hyperactive_impulsive.emotional.anger"": 0.1833595579473955, ""adhd_hyperactive_impulsive.emotional.excitement"": 0.21730180653453074, ""adhd_inattentive.cognitive.att_bandwidth"": -3, ""adhd_inattentive.cognitive.plan_consistency"": -0.3209095261318047, ""adhd_inattentive.cognitive.retention"": -2, ""adhd_inattentive.cognitive.task_initiation_delay"": 0.3242812377814026, ""adhd_inattentive.emotional.frustration"": 0.24282758088815223, ""adhd_inattentive.emotional.self_esteem"": -0.24274815753904183, ""adhd_inattentive.emotional.shame"": 0.22116033950683192, ""base_cognitive.att_bandwidth"": 2, ""base_cognitive.conflict_tendency"": 0.11813079334305425, ""base_cognitive.importance_trigger"": 134.97614689378446, ""base_cognitive.impulse_override"": 0.08522429787448632, ""base_cognitive.plan_consistency"": 0.7581154305375735, ""base_cognitive.recency_decay"": 0.9822897648324265, ""base_cognitive.retention"": 4, ""base_cognitive.social_sensitivity"": 0.37364681497568375, ""base_cognitive.task_initiation_delay"": 0.030720550610141062, ""base_cognitive.vision_r"": 3, ""base_emotional.anger"": 0.050556362314026604, ""base_emotional.anxiety"": 0.16443403831353232, ""base_emotional.excitement"": 0.19594342858057684, ""base_emotional.frustration"": 0.09062038022329447, ""base_emotional.loneliness"": 0.10378232326947734, ""base_emotional.self_esteem"": 0.6921812544039103, ""base_emotional.shame"": 0.07213041136506135, ""base_emotional.trust_in_teacher"": 0.6840421372017809}"		
1778047118.778	0	48	0.902483	0.815055	0.783626	0.000000	"{""adhd_hyperactive_impulsive.cognitive.conflict_tendency"": 0.11591846134031861, ""adhd_hyperactive_impulsive.cognitive.impulse_override"": 0.33863107400632586, ""adhd_hyperactive_impulsive.cognitive.plan_consistency"": -0.4706272397150391, ""adhd_hyperactive_impulsive.emotional.anger"": 0.175625447254032, ""adhd_hyperactive_impulsive.emotional.excitement"": 0.11884318419210035, ""adhd_inattentive.cognitive.att_bandwidth"": -1, ""adhd_inattentive.cognitive.plan_consistency"": -0.3117822220016702, ""adhd_inattentive.cognitive.retention"": -4, ""adhd_inattentive.cognitive.task_initiation_delay"": 0.3926186995910518, ""adhd_inattentive.emotional.frustration"": 0.20815698786867315, ""adhd_inattentive.emotional.self_esteem"": -0.2719290115539632, ""adhd_inattentive.emotional.shame"": 0.1821454729084155, ""base_cognitive.att_bandwidth"": 2, ""base_cognitive.conflict_tendency"": 0.058531548779635, ""base_cognitive.importance_trigger"": 153.98961349532556, ""base_cognitive.impulse_override"": 0.04165917496204209, ""base_cognitive.plan_consistency"": 0.9133994524739137, ""base_cognitive.recency_decay"": 0.9859576017170119, ""base_cognitive.retention"": 4, ""base_cognitive.social_sensitivity"": 0.39247730194690733, ""base_cognitive.task_initiation_delay"": 0.06988010014312801, ""base_cognitive.vision_r"": 4, ""base_emotional.anger"": 0.08011197267625088, ""base_emotional.anxiety"": 0.14424550009232945, ""base_emotional.excitement"": 0.1619708560183796, ""base_emotional.frustration"": 0.0741110214269605, ""base_emotional.loneliness"": 0.12069298153444301, ""base_emotional.self_esteem"": 0.6997050433002866, ""base_emotional.shame"": 0.1410391385714061, ""base_emotional.trust_in_teacher"": 0.7850665615953761}"		
1778047119.407	0	49	0.909896	0.799727	0.825150	0.000000	"{""adhd_hyperactive_impulsive.cognitive.conflict_tendency"": 0.17638600463906737, ""adhd_hyperactive_impulsive.cognitive.impulse_override"": 0.316981036426928, ""adhd_hyperactive_impulsive.cognitive.plan_consistency"": -0.3930748106288986, ""adhd_hyperactive_impulsive.emotional.anger"": 0.2218556504283109, ""adhd_hyperactive_impulsive.emotional.excitement"": 0.23708296500507586, ""adhd_inattentive.cognitive.att_bandwidth"": -2, ""adhd_inattentive.cognitive.plan_consistency"": -0.3707719020071074, ""adhd_inattentive.cognitive.retention"": -4, ""adhd_inattentive.cognitive.task_initiation_delay"": 0.303066367835349, ""adhd_inattentive.emotional.frustration"": 0.14931419553152775, ""adhd_inattentive.emotional.self_esteem"": -0.19955971290087793, ""adhd_inattentive.emotional.shame"": 0.19878836086230173, ""base_cognitive.att_bandwidth"": 3, ""base_cognitive.conflict_tendency"": 0.09007702285556404, ""base_cognitive.importance_trigger"": 125.91575819617944, ""base_cognitive.impulse_override"": 0.11993006691643951, ""base_cognitive.plan_consistency"": 0.8481840639816774, ""base_cognitive.recency_decay"": 0.9928485403760849, ""base_cognitive.retention"": 6, ""base_cognitive.social_sensitivity"": 0.4326188441133273, ""base_cognitive.task_initiation_delay"": 0.09142588374362248, ""base_cognitive.vision_r"": 4, ""base_emotional.anger"": 0.11223144577697687, ""base_emotional.anxiety"": 0.16921684798091613, ""base_emotional.excitement"": 0.15565037539810747, ""base_emotional.frustration"": 0.11093905248947912, ""base_emotional.loneliness"": 0.06757601045920104, ""base_emotional.self_esteem"": 0.7204066949673757, ""base_emotional.shame"": 0.12941921705224696, ""base_emotional.trust_in_teacher"": 0.6008700412086234}"		
1778047119.986	0	50	0.896022	0.804285	0.783626	0.000000	"{""adhd_hyperactive_impulsive.cognitive.conflict_tendency"": 0.11770021229666472, ""adhd_hyperactive_impulsive.cognitive.impulse_override"": 0.35407957858774075, ""adhd_hyperactive_impulsive.cognitive.plan_consistency"": -0.40152956109943483, ""adhd_hyperactive_impulsive.emotional.anger"": 0.22544578490469872, ""adhd_hyperactive_impulsive.emotional.excitement"": 0.11250865687141957, ""adhd_inattentive.cognitive.att_bandwidth"": -2, ""adhd_inattentive.cognitive.plan_consistency"": -0.2588411312062384, ""adhd_inattentive.cognitive.retention"": -2, ""adhd_inattentive.cognitive.task_initiation_delay"": 0.4110593685968744, ""adhd_inattentive.emotional.frustration"": 0.22852805891242195, ""adhd_inattentive.emotional.self_esteem"": -0.26931523641655963, ""adhd_inattentive.emotional.shame"": 0.15512504110546535, ""base_cognitive.att_bandwidth"": 4, ""base_cognitive.conflict_tendency"": 0.08528025031310404, ""base_cognitive.importance_trigger"": 113.58679540249726, ""base_cognitive.impulse_override"": 0.09298971962609585, ""base_cognitive.plan_consistency"": 0.9349783949881878, ""base_cognitive.recency_decay"": 0.9891758163654976, ""base_cognitive.retention"": 5, ""base_cognitive.social_sensitivity"": 0.32877229233801897, ""base_cognitive.task_initiation_delay"": 0.0652206036338938, ""base_cognitive.vision_r"": 3, ""base_emotional.anger"": 0.033374722815435014, ""base_emotional.anxiety"": 0.14100493389280233, ""base_emotional.excitement"": 0.24287178956899402, ""base_emotional.frustration"": 0.07182453321468053, ""base_emotional.loneliness"": 0.1378397395705755, ""base_emotional.self_esteem"": 0.7295159569689291, ""base_emotional.shame"": 0.10270416010054353, ""base_emotional.trust_in_teacher"": 0.5863821244449143}"		
1778047120.511	0	51	0.902611	0.815269	0.783626	0.000000	"{""adhd_hyperactive_impulsive.cognitive.conflict_tendency"": 0.12447798855396272, ""adhd_hyperactive_impulsive.cognitive.impulse_override"": 0.3808770765118731, ""adhd_hyperactive_impulsive.cognitive.plan_consistency"": -0.48452014416671474, ""adhd_hyperactive_impulsive.emotional.anger"": 0.19530278161809278, ""adhd_hyperactive_impulsive.emotional.excitement"": 0.13306723058192635, ""adhd_inattentive.cognitive.att_bandwidth"": -2, ""adhd_inattentive.cognitive.plan_consistency"": -0.26990512880787665, ""adhd_inattentive.cognitive.retention"": -3, ""adhd_inattentive.cognitive.task_initiation_delay"": 0.4936752297654369, ""adhd_inattentive.emotional.frustration"": 0.13359894744436862, ""adhd_inattentive.emotional.self_esteem"": -0.2511046484386587, ""adhd_inattentive.emotional.shame"": 0.24112042984717136, ""base_cognitive.att_bandwidth"": 4, ""base_cognitive.conflict_tendency"": 0.08348826047786082, ""base_cognitive.importance_trigger"": 147.2793070564142, ""base_cognitive.impulse_override"": 0.054628205813029754, ""base_cognitive.plan_consistency"": 0.938055237032794, ""base_cognitive.recency_decay"": 0.9803635334187445, ""base_cognitive.retention"": 4, ""base_cognitive.social_sensitivity"": 0.38158288576145477, ""base_cognitive.task_initiation_delay"": 0.08933373969464413, ""base_cognitive.vision_r"": 3, ""base_emotional.anger"": 0.12513803655150207, ""base_emotional.anxiety"": 0.07860501136258878, ""base_emotional.excitement"": 0.2912363073040397, ""base_emotional.frustration"": 0.19093451365817554, ""base_emotional.loneliness"": 0.14186811040868577, ""base_emotional.self_esteem"": 0.6132294441462921, ""base_emotional.shame"": 0.11558081221982114, ""base_emotional.trust_in_teacher"": 0.5791917355897623}"		
1778047121.085	0	52	0.924864	0.803838	0.856404	0.000000	"{""adhd_hyperactive_impulsive.cognitive.conflict_tendency"": 0.11516563961361824, ""adhd_hyperactive_impulsive.cognitive.impulse_override"": 0.3978763699227187, ""adhd_hyperactive_impulsive.cognitive.plan_consistency"": -0.39872321976231107, ""adhd_hyperactive_impulsive.emotional.anger"": 0.13918995186151925, ""adhd_hyperactive_impulsive.emotional.excitement"": 0.16197205862377304, ""adhd_inattentive.cognitive.att_bandwidth"": -2, ""adhd_inattentive.cognitive.plan_consistency"": -0.4257916788329281, ""adhd_inattentive.cognitive.retention"": -4, ""adhd_inattentive.cognitive.task_initiation_delay"": 0.3371199552412087, ""adhd_inattentive.emotional.frustration"": 0.2329978271646183, ""adhd_inattentive.emotional.self_esteem"": -0.22384520614296075, ""adhd_inattentive.emotional.shame"": 0.16373299808217914, ""base_cognitive.att_bandwidth"": 2, ""base_cognitive.conflict_tendency"": 0.059546361495197014, ""base_cognitive.importance_trigger"": 106.53698927811297, ""base_cognitive.impulse_override"": 0.09756275416081055, ""base_cognitive.plan_consistency"": 0.8009444303875832, ""base_cognitive.recency_decay"": 0.9821134785506095, ""base_cognitive.retention"": 6, ""base_cognitive.social_sensitivity"": 0.3171731222916357, ""base_cognitive.task_initiation_delay"": 0.08983397584613947, ""base_cognitive.vision_r"": 4, ""base_emotional.anger"": 0.048748424631942275, ""base_emotional.anxiety"": 0.15947929979663666, ""base_emotional.excitement"": 0.19935910329863485, ""base_emotional.frustration"": 0.07150527405209291, ""base_emotional.loneliness"": 0.06866248111501347, ""base_emotional.self_esteem"": 0.7024079144921404, ""base_emotional.shame"": 0.14327440162255478, ""base_emotional.trust_in_teacher"": 0.7209107016922383}"		
1778047121.691	0	53	0.909620	0.815778	0.800383	0.000000	"{""adhd_hyperactive_impulsive.cognitive.conflict_tendency"": 0.11208395891169616, ""adhd_hyperactive_impulsive.cognitive.impulse_override"": 0.39970985525230984, ""adhd_hyperactive_impulsive.cognitive.plan_consistency"": -0.41046206604033675, ""adhd_hyperactive_impulsive.emotional.anger"": 0.15600376932005863, ""adhd_hyperactive_impulsive.emotional.excitement"": 0.17268616540557363, ""adhd_inattentive.cognitive.att_bandwidth"": -1, ""adhd_inattentive.cognitive.plan_consistency"": -0.2855796727149196, ""adhd_inattentive.cognitive.retention"": -4, ""adhd_inattentive.cognitive.task_initiation_delay"": 0.4152640941557747, ""adhd_inattentive.emotional.frustration"": 0.19149106919249814, ""adhd_inattentive.emotional.self_esteem"": -0.3104581905759583, ""adhd_inattentive.emotional.shame"": 0.23307560833955845, ""base_cognitive.att_bandwidth"": 4, ""base_cognitive.conflict_tendency"": 0.09169807791748051, ""base_cognitive.importance_trigger"": 156.32423139063272, ""base_cognitive.impulse_override"": 0.030852663199311382, ""base_cognitive.plan_consistency"": 0.8044688379789796, ""base_cognitive.recency_decay"": 0.9903257823593263, ""base_cognitive.retention"": 5, ""base_cognitive.social_sensitivity"": 0.3965401176664258, ""base_cognitive.task_initiation_delay"": 0.02210974839867599, ""base_cognitive.vision_r"": 3, ""base_emotional.anger"": 0.11812737385171102, ""base_emotional.anxiety"": 0.15489607622483526, ""base_emotional.excitement"": 0.2812660941281235, ""base_emotional.frustration"": 0.12517434948144834, ""base_emotional.loneliness"": 0.1077777514689655, ""base_emotional.self_esteem"": 0.62825798073546, ""base_emotional.shame"": 0.07926641935077602, ""base_emotional.trust_in_teacher"": 0.7696934912951863}"		
1778047122.218	0	54	0.898507	0.805494	0.788028	0.000000	"{""adhd_hyperactive_impulsive.cognitive.conflict_tendency"": 0.16216403973292468, ""adhd_hyperactive_impulsive.cognitive.impulse_override"": 0.3284184826903752, ""adhd_hyperactive_impulsive.cognitive.plan_consistency"": -0.3574012104934366, ""adhd_hyperactive_impulsive.emotional.anger"": 0.12733182164162213, ""adhd_hyperactive_impulsive.emotional.excitement"": 0.21023257954315883, ""adhd_inattentive.cognitive.att_bandwidth"": -3, ""adhd_inattentive.cognitive.plan_consistency"": -0.337138148741281, ""adhd_inattentive.cognitive.retention"": -4, ""adhd_inattentive.cognitive.task_initiation_delay"": 0.3060444356328073, ""adhd_inattentive.emotional.frustration"": 0.15311777085308872, ""adhd_inattentive.emotional.self_esteem"": -0.2655388076796291, ""adhd_inattentive.emotional.shame"": 0.23355461578914766, ""base_cognitive.att_bandwidth"": 4, ""base_cognitive.conflict_tendency"": 0.06805973504019297, ""base_cognitive.importance_trigger"": 137.35850726245206, ""base_cognitive.impulse_override"": 0.09369249379512315, ""base_cognitive.plan_consistency"": 0.9323109608397782, ""base_cognitive.recency_decay"": 0.9912555294754272, ""base_cognitive.retention"": 4, ""base_cognitive.social_sensitivity"": 0.33289328228887627, ""base_cognitive.task_initiation_delay"": 0.06844504376702619, ""base_cognitive.vision_r"": 3, ""base_emotional.anger"": 0.04016209159128416, ""base_emotional.anxiety"": 0.17887893625373535, ""base_emotional.excitement"": 0.28772197909078256, ""base_emotional.frustration"": 0.129078402308009, ""base_emotional.loneliness"": 0.08551828954920403, ""base_emotional.self_esteem"": 0.7404883987698181, ""base_emotional.shame"": 0.053849334998653235, ""base_emotional.trust_in_teacher"": 0.7609206803038848}"		
1778047122.742	0	55	0.924313	0.816486	0.836054	0.000000	"{""adhd_hyperactive_impulsive.cognitive.conflict_tendency"": 0.23650545134399456, ""adhd_hyperactive_impulsive.cognitive.impulse_override"": 0.368306913022429, ""adhd_hyperactive_impulsive.cognitive.plan_consistency"": -0.3501520434214502, ""adhd_hyperactive_impulsive.emotional.anger"": 0.17538662025249327, ""adhd_hyperactive_impulsive.emotional.excitement"": 0.1795236582942925, ""adhd_inattentive.cognitive.att_bandwidth"": -3, ""adhd_inattentive.cognitive.plan_consistency"": -0.3055735237459253, ""adhd_inattentive.cognitive.retention"": -4, ""adhd_inattentive.cognitive.task_initiation_delay"": 0.316914446376777, ""adhd_inattentive.emotional.frustration"": 0.14225655350036148, ""adhd_inattentive.emotional.self_esteem"": -0.2947403186014911, ""adhd_inattentive.emotional.shame"": 0.18115971341040715, ""base_cognitive.att_bandwidth"": 4, ""base_cognitive.conflict_tendency"": 0.1047269046178757, ""base_cognitive.importance_trigger"": 156.063331277649, ""base_cognitive.impulse_override"": 0.03925845415206596, ""base_cognitive.plan_consistency"": 0.7686711037097449, ""base_cognitive.recency_decay"": 0.9858501696425617, ""base_cognitive.retention"": 4, ""base_cognitive.social_sensitivity"": 0.5297343443593685, ""base_cognitive.task_initiation_delay"": 0.03953269570593644, ""base_cognitive.vision_r"": 4, ""base_emotional.anger"": 0.047243668844532516, ""base_emotional.anxiety"": 0.1038996635686579, ""base_emotional.excitement"": 0.23692495229544258, ""base_emotional.frustration"": 0.07459111194720033, ""base_emotional.loneliness"": 0.1445849424306413, ""base_emotional.self_esteem"": 0.7773346373945531, ""base_emotional.shame"": 0.0907549779925606, ""base_emotional.trust_in_teacher"": 0.760698890176145}"		
1778047123.339	0	56	0.904277	0.812573	0.791835	0.000000	"{""adhd_hyperactive_impulsive.cognitive.conflict_tendency"": 0.16154507998389217, ""adhd_hyperactive_impulsive.cognitive.impulse_override"": 0.3366162986838294, ""adhd_hyperactive_impulsive.cognitive.plan_consistency"": -0.374996871589127, ""adhd_hyperactive_impulsive.emotional.anger"": 0.21292478897158612, ""adhd_hyperactive_impulsive.emotional.excitement"": 0.17150603920320873, ""adhd_inattentive.cognitive.att_bandwidth"": -2, ""adhd_inattentive.cognitive.plan_consistency"": -0.309734778085512, ""adhd_inattentive.cognitive.retention"": -2, ""adhd_inattentive.cognitive.task_initiation_delay"": 0.3106198657515304, ""adhd_inattentive.emotional.frustration"": 0.14543152290313854, ""adhd_inattentive.emotional.self_esteem"": -0.19049659037210778, ""adhd_inattentive.emotional.shame"": 0.24356547748246807, ""base_cognitive.att_bandwidth"": 4, ""base_cognitive.conflict_tendency"": 0.0679536875947393, ""base_cognitive.importance_trigger"": 161.7982456516171, ""base_cognitive.impulse_override"": 0.08554687072712955, ""base_cognitive.plan_consistency"": 0.8034074630199304, ""base_cognitive.recency_decay"": 0.9801693162663374, ""base_cognitive.retention"": 5, ""base_cognitive.social_sensitivity"": 0.510174597389804, ""base_cognitive.task_initiation_delay"": 0.07060322824773288, ""base_cognitive.vision_r"": 5, ""base_emotional.anger"": 0.11370114050087801, ""base_emotional.anxiety"": 0.1758711143060665, ""base_emotional.excitement"": 0.27914534567496496, ""base_emotional.frustration"": 0.06561349907927767, ""base_emotional.loneliness"": 0.11101538964304862, ""base_emotional.self_esteem"": 0.7444763734347909, ""base_emotional.shame"": 0.12854302413601293, ""base_emotional.trust_in_teacher"": 0.705003765834097}"		
1778047123.960	0	57	0.910870	0.811039	0.810616	0.000000	"{""adhd_hyperactive_impulsive.cognitive.conflict_tendency"": 0.20935462351722622, ""adhd_hyperactive_impulsive.cognitive.impulse_override"": 0.3796757723639951, ""adhd_hyperactive_impulsive.cognitive.plan_consistency"": -0.42025873339187764, ""adhd_hyperactive_impulsive.emotional.anger"": 0.24071036331638485, ""adhd_hyperactive_impulsive.emotional.excitement"": 0.10590165030805768, ""adhd_inattentive.cognitive.att_bandwidth"": -3, ""adhd_inattentive.cognitive.plan_consistency"": -0.38708236372206506, ""adhd_inattentive.cognitive.retention"": -4, ""adhd_inattentive.cognitive.task_initiation_delay"": 0.4283647379102249, ""adhd_inattentive.emotional.frustration"": 0.1622234135587023, ""adhd_inattentive.emotional.self_esteem"": -0.245778050850803, ""adhd_inattentive.emotional.shame"": 0.13099864679323545, ""base_cognitive.att_bandwidth"": 2, ""base_cognitive.conflict_tendency"": 0.10510293825535326, ""base_cognitive.importance_trigger"": 118.00220197131283, ""base_cognitive.impulse_override"": 0.05108225388257862, ""base_cognitive.plan_consistency"": 0.8555813136451574, ""base_cognitive.recency_decay"": 0.9917802132901444, ""base_cognitive.retention"": 6, ""base_cognitive.social_sensitivity"": 0.4968372539615339, ""base_cognitive.task_initiation_delay"": 0.059583635218705105, ""base_cognitive.vision_r"": 5, ""base_emotional.anger"": 0.12042763150010961, ""base_emotional.anxiety"": 0.06345930993934842, ""base_emotional.excitement"": 0.21927581319251632, ""base_emotional.frustration"": 0.1236653283536109, ""base_emotional.loneliness"": 0.06493139133673444, ""base_emotional.self_esteem"": 0.6407273426982102, ""base_emotional.shame"": 0.10815422246818265, ""base_emotional.trust_in_teacher"": 0.6137428906819389}"		
1778047124.501	0	58	0.935593	0.802747	0.884861	0.000000	"{""adhd_hyperactive_impulsive.cognitive.conflict_tendency"": 0.21922013775877017, ""adhd_hyperactive_impulsive.cognitive.impulse_override"": 0.32953123478330304, ""adhd_hyperactive_impulsive.cognitive.plan_consistency"": -0.4669536644925679, ""adhd_hyperactive_impulsive.emotional.anger"": 0.18328431372756288, ""adhd_hyperactive_impulsive.emotional.excitement"": 0.11377248569556445, ""adhd_inattentive.cognitive.att_bandwidth"": -3, ""adhd_inattentive.cognitive.plan_consistency"": -0.4490251938431951, ""adhd_inattentive.cognitive.retention"": -2, ""adhd_inattentive.cognitive.task_initiation_delay"": 0.4232874387660919, ""adhd_inattentive.emotional.frustration"": 0.19481484595200327, ""adhd_inattentive.emotional.self_esteem"": -0.2879157883653667, ""adhd_inattentive.emotional.shame"": 0.18252927452991174, ""base_cognitive.att_bandwidth"": 4, ""base_cognitive.conflict_tendency"": 0.031753890638846545, ""base_cognitive.importance_trigger"": 150.75108545870168, ""base_cognitive.impulse_override"": 0.10790841166691115, ""base_cognitive.plan_consistency"": 0.7554992431951512, ""base_cognitive.recency_decay"": 0.9841484152714881, ""base_cognitive.retention"": 4, ""base_cognitive.social_sensitivity"": 0.5127401772634748, ""base_cognitive.task_initiation_delay"": 0.02038852571259552, ""base_cognitive.vision_r"": 3, ""base_emotional.anger"": 0.047769649168340596, ""base_emotional.anxiety"": 0.09139766811433012, ""base_emotional.excitement"": 0.29543957789850533, ""base_emotional.frustration"": 0.0704798242679762, ""base_emotional.loneliness"": 0.06866124853905672, ""base_emotional.self_esteem"": 0.7760717738163136, ""base_emotional.shame"": 0.07201323782472643, ""base_emotional.trust_in_teacher"": 0.6042731530376609}"		
1778047125.071	0	59	0.898397	0.780403	0.825389	0.000000	"{""adhd_hyperactive_impulsive.cognitive.conflict_tendency"": 0.17776723019735782, ""adhd_hyperactive_impulsive.cognitive.impulse_override"": 0.31704815584013657, ""adhd_hyperactive_impulsive.cognitive.plan_consistency"": -0.4457743831478872, ""adhd_hyperactive_impulsive.emotional.anger"": 0.13782267295751474, ""adhd_hyperactive_impulsive.emotional.excitement"": 0.19126653693728357, ""adhd_inattentive.cognitive.att_bandwidth"": -1, ""adhd_inattentive.cognitive.plan_consistency"": -0.2748440280441079, ""adhd_inattentive.cognitive.retention"": -2, ""adhd_inattentive.cognitive.task_initiation_delay"": 0.3364072324313448, ""adhd_inattentive.emotional.frustration"": 0.1995490808299758, ""adhd_inattentive.emotional.self_esteem"": -0.27197969101444763, ""adhd_inattentive.emotional.shame"": 0.17685663379438155, ""base_cognitive.att_bandwidth"": 2, ""base_cognitive.conflict_tendency"": 0.053191142890831926, ""base_cognitive.importance_trigger"": 133.2587140250138, ""base_cognitive.impulse_override"": 0.10519995400148577, ""base_cognitive.plan_consistency"": 0.7533937100486544, ""base_cognitive.recency_decay"": 0.9943653623065549, ""base_cognitive.retention"": 6, ""base_cognitive.social_sensitivity"": 0.3007683350037068, ""base_cognitive.task_initiation_delay"": 0.06368656825601064, ""base_cognitive.vision_r"": 4, ""base_emotional.anger"": 0.11789610253832716, ""base_emotional.anxiety"": 0.14759013361419165, ""base_emotional.excitement"": 0.21018466563413735, ""base_emotional.frustration"": 0.10070225784050199, ""base_emotional.loneliness"": 0.03358072480852868, ""base_emotional.self_esteem"": 0.7359023263031944, ""base_emotional.shame"": 0.12815547805100413, ""base_emotional.trust_in_teacher"": 0.7353200505623614}"		
1778047125.543	0	60	0.910399	0.809329	0.812004	0.000000	"{""adhd_hyperactive_impulsive.cognitive.conflict_tendency"": 0.24424831275842154, ""adhd_hyperactive_impulsive.cognitive.impulse_override"": 0.39134923548027034, ""adhd_hyperactive_impulsive.cognitive.plan_consistency"": -0.447714333949804, ""adhd_hyperactive_impulsive.emotional.anger"": 0.17979126317394478, ""adhd_hyperactive_impulsive.emotional.excitement"": 0.22338432313204684, ""adhd_inattentive.cognitive.att_bandwidth"": -1, ""adhd_inattentive.cognitive.plan_consistency"": -0.4132465992431748, ""adhd_inattentive.cognitive.retention"": -3, ""adhd_inattentive.cognitive.task_initiation_delay"": 0.4549526310169262, ""adhd_inattentive.emotional.frustration"": 0.20443580981786164, ""adhd_inattentive.emotional.self_esteem"": -0.2371579469717313, ""adhd_inattentive.emotional.shame"": 0.20245621374830688, ""base_cognitive.att_bandwidth"": 2, ""base_cognitive.conflict_tendency"": 0.045438599423350455, ""base_cognitive.importance_trigger"": 134.39334335955618, ""base_cognitive.impulse_override"": 0.06144623409996802, ""base_cognitive.plan_consistency"": 0.9382972979948957, ""base_cognitive.recency_decay"": 0.9805850677504918, ""base_cognitive.retention"": 4, ""base_cognitive.social_sensitivity"": 0.5843003189436851, ""base_cognitive.task_initiation_delay"": 0.07531233277084763, ""base_cognitive.vision_r"": 3, ""base_emotional.anger"": 0.14364093154266727, ""base_emotional.anxiety"": 0.11569664466940825, ""base_emotional.excitement"": 0.29498579428659144, ""base_emotional.frustration"": 0.06925629768451111, ""base_emotional.loneliness"": 0.12976726452353238, ""base_emotional.self_esteem"": 0.7564545310264428, ""base_emotional.shame"": 0.14739606473053504, ""base_emotional.trust_in_teacher"": 0.683956109921281}"		
1778047126.176	0	61	0.919676	0.811966	0.831240	0.000000	"{""adhd_hyperactive_impulsive.cognitive.conflict_tendency"": 0.178031436915704, ""adhd_hyperactive_impulsive.cognitive.impulse_override"": 0.3209277159874617, ""adhd_hyperactive_impulsive.cognitive.plan_consistency"": -0.4458103321863066, ""adhd_hyperactive_impulsive.emotional.anger"": 0.18138468914691108, ""adhd_hyperactive_impulsive.emotional.excitement"": 0.20313496394461905, ""adhd_inattentive.cognitive.att_bandwidth"": -2, ""adhd_inattentive.cognitive.plan_consistency"": -0.3432390380488198, ""adhd_inattentive.cognitive.retention"": -4, ""adhd_inattentive.cognitive.task_initiation_delay"": 0.40822919659021095, ""adhd_inattentive.emotional.frustration"": 0.12042403831233567, ""adhd_inattentive.emotional.self_esteem"": -0.3229539083442156, ""adhd_inattentive.emotional.shame"": 0.21814940345019668, ""base_cognitive.att_bandwidth"": 3, ""base_cognitive.conflict_tendency"": 0.07330897745025539, ""base_cognitive.importance_trigger"": 135.1070783747061, ""base_cognitive.impulse_override"": 0.06488898614303783, ""base_cognitive.plan_consistency"": 0.7979919112902825, ""base_cognitive.recency_decay"": 0.9819415190692155, ""base_cognitive.retention"": 6, ""base_cognitive.social_sensitivity"": 0.53421090724087, ""base_cognitive.task_initiation_delay"": 0.04976521680488049, ""base_cognitive.vision_r"": 5, ""base_emotional.anger"": 0.05605907300453142, ""base_emotional.anxiety"": 0.1469056123861287, ""base_emotional.excitement"": 0.23414915494441985, ""base_emotional.frustration"": 0.06937629086058218, ""base_emotional.loneliness"": 0.14111745999233838, ""base_emotional.self_esteem"": 0.7005749135550579, ""base_emotional.shame"": 0.04164108252041464, ""base_emotional.trust_in_teacher"": 0.5993485999048007}"		
1778047126.794	0	62	0.921038	0.813236	0.832742	0.000000	"{""adhd_hyperactive_impulsive.cognitive.conflict_tendency"": 0.2369377225958314, ""adhd_hyperactive_impulsive.cognitive.impulse_override"": 0.3553337283670509, ""adhd_hyperactive_impulsive.cognitive.plan_consistency"": -0.36544035348149584, ""adhd_hyperactive_impulsive.emotional.anger"": 0.20500046890674178, ""adhd_hyperactive_impulsive.emotional.excitement"": 0.2010808252963351, ""adhd_inattentive.cognitive.att_bandwidth"": -1, ""adhd_inattentive.cognitive.plan_consistency"": -0.43071391024691746, ""adhd_inattentive.cognitive.retention"": -3, ""adhd_inattentive.cognitive.task_initiation_delay"": 0.3393351277752537, ""adhd_inattentive.emotional.frustration"": 0.1503425999382158, ""adhd_inattentive.emotional.self_esteem"": -0.26730006039772014, ""adhd_inattentive.emotional.shame"": 0.10108568326863544, ""base_cognitive.att_bandwidth"": 3, ""base_cognitive.conflict_tendency"": 0.09876668070515414, ""base_cognitive.importance_trigger"": 151.6629205641945, ""base_cognitive.impulse_override"": 0.052369651121713774, ""base_cognitive.plan_consistency"": 0.8585962671645524, ""base_cognitive.recency_decay"": 0.9862559781167859, ""base_cognitive.retention"": 6, ""base_cognitive.social_sensitivity"": 0.3821952521323718, ""base_cognitive.task_initiation_delay"": 0.05084579980807481, ""base_cognitive.vision_r"": 3, ""base_emotional.anger"": 0.14850245245213622, ""base_emotional.anxiety"": 0.07565133775535103, ""base_emotional.excitement"": 0.22687693209782633, ""base_emotional.frustration"": 0.1496362380842677, ""base_emotional.loneliness"": 0.07765298614017471, ""base_emotional.self_esteem"": 0.6589544142546707, ""base_emotional.shame"": 0.14541473426934093, ""base_emotional.trust_in_teacher"": 0.5886363481413144}"		
1778047127.400	0	63	0.934543	0.807077	0.875743	0.000000	"{""adhd_hyperactive_impulsive.cognitive.conflict_tendency"": 0.20476723845591338, ""adhd_hyperactive_impulsive.cognitive.impulse_override"": 0.2522287441704946, ""adhd_hyperactive_impulsive.cognitive.plan_consistency"": -0.3939595995570667, ""adhd_hyperactive_impulsive.emotional.anger"": 0.20352702117467894, ""adhd_hyperactive_impulsive.emotional.excitement"": 0.19626423545862443, ""adhd_inattentive.cognitive.att_bandwidth"": -2, ""adhd_inattentive.cognitive.plan_consistency"": -0.4416816605710516, ""adhd_inattentive.cognitive.retention"": -4, ""adhd_inattentive.cognitive.task_initiation_delay"": 0.3094272399280972, ""adhd_inattentive.emotional.frustration"": 0.13284500675816596, ""adhd_inattentive.emotional.self_esteem"": -0.21328451716437113, ""adhd_inattentive.emotional.shame"": 0.14703212800783816, ""base_cognitive.att_bandwidth"": 3, ""base_cognitive.conflict_tendency"": 0.053759991207122874, ""base_cognitive.importance_trigger"": 143.84057646003328, ""base_cognitive.impulse_override"": 0.07011284366195819, ""base_cognitive.plan_consistency"": 0.7961741226408161, ""base_cognitive.recency_decay"": 0.9861139876760302, ""base_cognitive.retention"": 6, ""base_cognitive.social_sensitivity"": 0.5560809709240493, ""base_cognitive.task_initiation_delay"": 0.004369597089280553, ""base_cognitive.vision_r"": 3, ""base_emotional.anger"": 0.07033954445727833, ""base_emotional.anxiety"": 0.12523751914098447, ""base_emotional.excitement"": 0.20696770743411474, ""base_emotional.frustration"": 0.14452603022799304, ""base_emotional.loneliness"": 0.035070542030977765, ""base_emotional.self_esteem"": 0.6772282056367087, ""base_emotional.shame"": 0.04095207694421487, ""base_emotional.trust_in_teacher"": 0.6264120885175669}"		
1778047128.018	0	64	0.923156	0.806534	0.848090	0.000000	"{""adhd_hyperactive_impulsive.cognitive.conflict_tendency"": 0.127542487438915, ""adhd_hyperactive_impulsive.cognitive.impulse_override"": 0.3012540015393621, ""adhd_hyperactive_impulsive.cognitive.plan_consistency"": -0.5428756565653875, ""adhd_hyperactive_impulsive.emotional.anger"": 0.22342187831626034, ""adhd_hyperactive_impulsive.emotional.excitement"": 0.24532051322683893, ""adhd_inattentive.cognitive.att_bandwidth"": -3, ""adhd_inattentive.cognitive.plan_consistency"": -0.3686135194227018, ""adhd_inattentive.cognitive.retention"": -3, ""adhd_inattentive.cognitive.task_initiation_delay"": 0.47588567880232646, ""adhd_inattentive.emotional.frustration"": 0.1714012687113801, ""adhd_inattentive.emotional.self_esteem"": -0.27901367236014324, ""adhd_inattentive.emotional.shame"": 0.16557472197482775, ""base_cognitive.att_bandwidth"": 3, ""base_cognitive.conflict_tendency"": 0.09724722149892535, ""base_cognitive.importance_trigger"": 149.13332119480012, ""base_cognitive.impulse_override"": 0.10835962337329225, ""base_cognitive.plan_consistency"": 0.764287218968417, ""base_cognitive.recency_decay"": 0.9922551016407133, ""base_cognitive.retention"": 6, ""base_cognitive.social_sensitivity"": 0.4182304871433895, ""base_cognitive.task_initiation_delay"": 0.07186074141257805, ""base_cognitive.vision_r"": 3, ""base_emotional.anger"": 0.05016653336554656, ""base_emotional.anxiety"": 0.12256885423348403, ""base_emotional.excitement"": 0.25718456448431865, ""base_emotional.frustration"": 0.05113478215639246, ""base_emotional.loneliness"": 0.05451403821780776, ""base_emotional.self_esteem"": 0.7233862572449995, ""base_emotional.shame"": 0.07360447241548693, ""base_emotional.trust_in_teacher"": 0.6935324083792695}"		
1778047128.683	0	65	0.900340	0.805887	0.792020	0.000000	"{""adhd_hyperactive_impulsive.cognitive.conflict_tendency"": 0.2373191877930068, ""adhd_hyperactive_impulsive.cognitive.impulse_override"": 0.2536016303311908, ""adhd_hyperactive_impulsive.cognitive.plan_consistency"": -0.3969152678926764, ""adhd_hyperactive_impulsive.emotional.anger"": 0.12638285616211156, ""adhd_hyperactive_impulsive.emotional.excitement"": 0.17647776993477882, ""adhd_inattentive.cognitive.att_bandwidth"": -1, ""adhd_inattentive.cognitive.plan_consistency"": -0.35690969499656217, ""adhd_inattentive.cognitive.retention"": -4, ""adhd_inattentive.cognitive.task_initiation_delay"": 0.41249976012657535, ""adhd_inattentive.emotional.frustration"": 0.22455583215887648, ""adhd_inattentive.emotional.self_esteem"": -0.309429147097883, ""adhd_inattentive.emotional.shame"": 0.12490933692039816, ""base_cognitive.att_bandwidth"": 4, ""base_cognitive.conflict_tendency"": 0.07027748113885132, ""base_cognitive.importance_trigger"": 126.07000474314955, ""base_cognitive.impulse_override"": 0.11741774917281822, ""base_cognitive.plan_consistency"": 0.934343251678719, ""base_cognitive.recency_decay"": 0.9844047885253353, ""base_cognitive.retention"": 6, ""base_cognitive.social_sensitivity"": 0.4531592359417168, ""base_cognitive.task_initiation_delay"": 0.06423592191046622, ""base_cognitive.vision_r"": 4, ""base_emotional.anger"": 0.0656631707842831, ""base_emotional.anxiety"": 0.15872393843231752, ""base_emotional.excitement"": 0.2323656832043003, ""base_emotional.frustration"": 0.12179725531329014, ""base_emotional.loneliness"": 0.11123489611947988, ""base_emotional.self_esteem"": 0.7643305445203159, ""base_emotional.shame"": 0.1051752702966244, ""base_emotional.trust_in_teacher"": 0.7876503152018149}"		
1778047129.213	0	66	0.909684	0.803966	0.818262	0.000000	"{""adhd_hyperactive_impulsive.cognitive.conflict_tendency"": 0.18365432093169393, ""adhd_hyperactive_impulsive.cognitive.impulse_override"": 0.29722993100204603, ""adhd_hyperactive_impulsive.cognitive.plan_consistency"": -0.4988074233671597, ""adhd_hyperactive_impulsive.emotional.anger"": 0.20230492137896475, ""adhd_hyperactive_impulsive.emotional.excitement"": 0.1895256047540923, ""adhd_inattentive.cognitive.att_bandwidth"": -2, ""adhd_inattentive.cognitive.plan_consistency"": -0.4064099288095264, ""adhd_inattentive.cognitive.retention"": -2, ""adhd_inattentive.cognitive.task_initiation_delay"": 0.3531888520555737, ""adhd_inattentive.emotional.frustration"": 0.16669088175064625, ""adhd_inattentive.emotional.self_esteem"": -0.32850770561561804, ""adhd_inattentive.emotional.shame"": 0.196616516739825, ""base_cognitive.att_bandwidth"": 2, ""base_cognitive.conflict_tendency"": 0.10703516708200027, ""base_cognitive.importance_trigger"": 149.19616373542527, ""base_cognitive.impulse_override"": 0.11214741984922187, ""base_cognitive.plan_consistency"": 0.9452320588417371, ""base_cognitive.recency_decay"": 0.9828975038076362, ""base_cognitive.retention"": 5, ""base_cognitive.social_sensitivity"": 0.5396626756903304, ""base_cognitive.task_initiation_delay"": 0.021706863901136665, ""base_cognitive.vision_r"": 4, ""base_emotional.anger"": 0.033062851228533724, ""base_emotional.anxiety"": 0.1394551707443401, ""base_emotional.excitement"": 0.23460682638537705, ""base_emotional.frustration"": 0.14178813849143768, ""base_emotional.loneliness"": 0.07649996074612829, ""base_emotional.self_esteem"": 0.6866434021484036, ""base_emotional.shame"": 0.0320574973936116, ""base_emotional.trust_in_teacher"": 0.684818450629226}"		
1778047129.697	0	67	0.722180	0.514550	0.783626	0.000000	"{""adhd_hyperactive_impulsive.cognitive.conflict_tendency"": 0.11110072415322965, ""adhd_hyperactive_impulsive.cognitive.impulse_override"": 0.2837857743133232, ""adhd_hyperactive_impulsive.cognitive.plan_consistency"": -0.363472544103873, ""adhd_hyperactive_impulsive.emotional.anger"": 0.1806969101537411, ""adhd_hyperactive_impulsive.emotional.excitement"": 0.15502725874858625, ""adhd_inattentive.cognitive.att_bandwidth"": -2, ""adhd_inattentive.cognitive.plan_consistency"": -0.2518406033476933, ""adhd_inattentive.cognitive.retention"": -4, ""adhd_inattentive.cognitive.task_initiation_delay"": 0.4323312195943133, ""adhd_inattentive.emotional.frustration"": 0.2281347300736572, ""adhd_inattentive.emotional.self_esteem"": -0.20718711636566425, ""adhd_inattentive.emotional.shame"": 0.16382967408565624, ""base_cognitive.att_bandwidth"": 2, ""base_cognitive.conflict_tendency"": 0.11933056608804281, ""base_cognitive.importance_trigger"": 111.61412345035293, ""base_cognitive.impulse_override"": 0.07092363983264866, ""base_cognitive.plan_consistency"": 0.8707849418292386, ""base_cognitive.recency_decay"": 0.9812407787490615, ""base_cognitive.retention"": 4, ""base_cognitive.social_sensitivity"": 0.31427710371072787, ""base_cognitive.task_initiation_delay"": 0.05851977451833537, ""base_cognitive.vision_r"": 5, ""base_emotional.anger"": 0.03211477674217488, ""base_emotional.anxiety"": 0.1464263760247623, ""base_emotional.excitement"": 0.25886490650686467, ""base_emotional.frustration"": 0.19006252283448882, ""base_emotional.loneliness"": 0.05003258840741991, ""base_emotional.self_esteem"": 0.6152387339873063, ""base_emotional.shame"": 0.06833292802705401, ""base_emotional.trust_in_teacher"": 0.6016876482978859}"		
1778047130.275	0	68	0.732340	0.505894	0.822010	0.000000	"{""adhd_hyperactive_impulsive.cognitive.conflict_tendency"": 0.1619472821890396, ""adhd_hyperactive_impulsive.cognitive.impulse_override"": 0.3829126509980073, ""adhd_hyperactive_impulsive.cognitive.plan_consistency"": -0.5369678710804787, ""adhd_hyperactive_impulsive.emotional.anger"": 0.12731914631413, ""adhd_hyperactive_impulsive.emotional.excitement"": 0.22962403953765584, ""adhd_inattentive.cognitive.att_bandwidth"": -3, ""adhd_inattentive.cognitive.plan_consistency"": -0.363970403223922, ""adhd_inattentive.cognitive.retention"": -2, ""adhd_inattentive.cognitive.task_initiation_delay"": 0.4915369178358362, ""adhd_inattentive.emotional.frustration"": 0.21678414421243747, ""adhd_inattentive.emotional.self_esteem"": -0.21775685764988603, ""adhd_inattentive.emotional.shame"": 0.12504149312601506, ""base_cognitive.att_bandwidth"": 2, ""base_cognitive.conflict_tendency"": 0.09882108628557375, ""base_cognitive.importance_trigger"": 153.87418048753926, ""base_cognitive.impulse_override"": 0.11576512414671306, ""base_cognitive.plan_consistency"": 0.8209525912863018, ""base_cognitive.recency_decay"": 0.9871590697076039, ""base_cognitive.retention"": 6, ""base_cognitive.social_sensitivity"": 0.5551676269107111, ""base_cognitive.task_initiation_delay"": 0.057972478966061364, ""base_cognitive.vision_r"": 5, ""base_emotional.anger"": 0.10875743740808402, ""base_emotional.anxiety"": 0.1393818889304816, ""base_emotional.excitement"": 0.2350103589795975, ""base_emotional.frustration"": 0.19496643266091196, ""base_emotional.loneliness"": 0.07249371610297027, ""base_emotional.self_esteem"": 0.6667459251618089, ""base_emotional.shame"": 0.05474007454495407, ""base_emotional.trust_in_teacher"": 0.5704755897921856}"		
1778047130.883	0	69	0.909670	0.811607	0.806765	0.000000	"{""adhd_hyperactive_impulsive.cognitive.conflict_tendency"": 0.13846304816523847, ""adhd_hyperactive_impulsive.cognitive.impulse_override"": 0.3916957258412721, ""adhd_hyperactive_impulsive.cognitive.plan_consistency"": -0.40405286568114485, ""adhd_hyperactive_impulsive.emotional.anger"": 0.18407009172674196, ""adhd_hyperactive_impulsive.emotional.excitement"": 0.23209332709920086, ""adhd_inattentive.cognitive.att_bandwidth"": -2, ""adhd_inattentive.cognitive.plan_consistency"": -0.43267990936368667, ""adhd_inattentive.cognitive.retention"": -3, ""adhd_inattentive.cognitive.task_initiation_delay"": 0.38880151047807054, ""adhd_inattentive.emotional.frustration"": 0.17843485365908088, ""adhd_inattentive.emotional.self_esteem"": -0.19734467335292089, ""adhd_inattentive.emotional.shame"": 0.22689356054456922, ""base_cognitive.att_bandwidth"": 4, ""base_cognitive.conflict_tendency"": 0.03456181622429949, ""base_cognitive.importance_trigger"": 109.48155212143635, ""base_cognitive.impulse_override"": 0.066222160772101, ""base_cognitive.plan_consistency"": 0.9228240000645196, ""base_cognitive.recency_decay"": 0.981061991966439, ""base_cognitive.retention"": 5, ""base_cognitive.social_sensitivity"": 0.47278721569265575, ""base_cognitive.task_initiation_delay"": 0.042343823985718655, ""base_cognitive.vision_r"": 5, ""base_emotional.anger"": 0.03951509129285249, ""base_emotional.anxiety"": 0.1765965202696868, ""base_emotional.excitement"": 0.16820623026145384, ""base_emotional.frustration"": 0.06934549171289664, ""base_emotional.loneliness"": 0.12221874364627221, ""base_emotional.self_esteem"": 0.7326076421262759, ""base_emotional.shame"": 0.06425344779902495, ""base_emotional.trust_in_teacher"": 0.5987280570809013}"		
1778047131.564	0	70	0.922695	0.788552	0.873910	0.000000	"{""adhd_hyperactive_impulsive.cognitive.conflict_tendency"": 0.23195558539375022, ""adhd_hyperactive_impulsive.cognitive.impulse_override"": 0.25197455763686055, ""adhd_hyperactive_impulsive.cognitive.plan_consistency"": -0.5056450004303668, ""adhd_hyperactive_impulsive.emotional.anger"": 0.21773663565533724, ""adhd_hyperactive_impulsive.emotional.excitement"": 0.20955159521696515, ""adhd_inattentive.cognitive.att_bandwidth"": -2, ""adhd_inattentive.cognitive.plan_consistency"": -0.3969978593021479, ""adhd_inattentive.cognitive.retention"": -2, ""adhd_inattentive.cognitive.task_initiation_delay"": 0.39885252935978244, ""adhd_inattentive.emotional.frustration"": 0.18609265064914704, ""adhd_inattentive.emotional.self_esteem"": -0.29181069201261456, ""adhd_inattentive.emotional.shame"": 0.13790455604371216, ""base_cognitive.att_bandwidth"": 4, ""base_cognitive.conflict_tendency"": 0.0865214757741434, ""base_cognitive.importance_trigger"": 135.05361791846025, ""base_cognitive.impulse_override"": 0.0824172117030269, ""base_cognitive.plan_consistency"": 0.7754275060159265, ""base_cognitive.recency_decay"": 0.9917749178710092, ""base_cognitive.retention"": 6, ""base_cognitive.social_sensitivity"": 0.4522412341555482, ""base_cognitive.task_initiation_delay"": 0.08213556967412788, ""base_cognitive.vision_r"": 5, ""base_emotional.anger"": 0.14010405323616412, ""base_emotional.anxiety"": 0.08245019446796359, ""base_emotional.excitement"": 0.23815223919117395, ""base_emotional.frustration"": 0.09818169197506527, ""base_emotional.loneliness"": 0.09053980514916057, ""base_emotional.self_esteem"": 0.6591202889791005, ""base_emotional.shame"": 0.11971585503622874, ""base_emotional.trust_in_teacher"": 0.632638438606589}"		
1778047132.146	0	71	0.928241	0.808903	0.857250	0.000000	"{""adhd_hyperactive_impulsive.cognitive.conflict_tendency"": 0.2388050157740787, ""adhd_hyperactive_impulsive.cognitive.impulse_override"": 0.391445296227067, ""adhd_hyperactive_impulsive.cognitive.plan_consistency"": -0.5375497728423764, ""adhd_hyperactive_impulsive.emotional.anger"": 0.12436087007922556, ""adhd_hyperactive_impulsive.emotional.excitement"": 0.1351123347221102, ""adhd_inattentive.cognitive.att_bandwidth"": -2, ""adhd_inattentive.cognitive.plan_consistency"": -0.4474959555715237, ""adhd_inattentive.cognitive.retention"": -2, ""adhd_inattentive.cognitive.task_initiation_delay"": 0.3842589732344102, ""adhd_inattentive.emotional.frustration"": 0.1626483286055677, ""adhd_inattentive.emotional.self_esteem"": -0.2466326887997606, ""adhd_inattentive.emotional.shame"": 0.15781645304961256, ""base_cognitive.att_bandwidth"": 2, ""base_cognitive.conflict_tendency"": 0.10039905916365542, ""base_cognitive.importance_trigger"": 161.02332965424623, ""base_cognitive.impulse_override"": 0.05909095646623503, ""base_cognitive.plan_consistency"": 0.8256210101664492, ""base_cognitive.recency_decay"": 0.9925794161036048, ""base_cognitive.retention"": 6, ""base_cognitive.social_sensitivity"": 0.38345363329030613, ""base_cognitive.task_initiation_delay"": 0.08119152136340198, ""base_cognitive.vision_r"": 4, ""base_emotional.anger"": 0.1307234761390122, ""base_emotional.anxiety"": 0.1235878956509794, ""base_emotional.excitement"": 0.1814275558191742, ""base_emotional.frustration"": 0.08566633156966691, ""base_emotional.loneliness"": 0.04205019702269577, ""base_emotional.self_esteem"": 0.624948102596444, ""base_emotional.shame"": 0.0501529645178352, ""base_emotional.trust_in_teacher"": 0.6395684585089161}"		
1778047132.715	0	72	0.889397	0.769407	0.819382	0.000000	"{""adhd_hyperactive_impulsive.cognitive.conflict_tendency"": 0.13366943758442787, ""adhd_hyperactive_impulsive.cognitive.impulse_override"": 0.2681185687775411, ""adhd_hyperactive_impulsive.cognitive.plan_consistency"": -0.37487751715855433, ""adhd_hyperactive_impulsive.emotional.anger"": 0.23053564557884093, ""adhd_hyperactive_impulsive.emotional.excitement"": 0.22020752001929403, ""adhd_inattentive.cognitive.att_bandwidth"": -2, ""adhd_inattentive.cognitive.plan_consistency"": -0.35472398146797446, ""adhd_inattentive.cognitive.retention"": -4, ""adhd_inattentive.cognitive.task_initiation_delay"": 0.3138892984176382, ""adhd_inattentive.emotional.frustration"": 0.18188095013440989, ""adhd_inattentive.emotional.self_esteem"": -0.34251382755483645, ""adhd_inattentive.emotional.shame"": 0.1063409232000922, ""base_cognitive.att_bandwidth"": 3, ""base_cognitive.conflict_tendency"": 0.0866490085246779, ""base_cognitive.importance_trigger"": 113.57621298495138, ""base_cognitive.impulse_override"": 0.11490121425272265, ""base_cognitive.plan_consistency"": 0.8593296678216316, ""base_cognitive.recency_decay"": 0.987622090942543, ""base_cognitive.retention"": 5, ""base_cognitive.social_sensitivity"": 0.4641318833445852, ""base_cognitive.task_initiation_delay"": 0.06139668985265548, ""base_cognitive.vision_r"": 5, ""base_emotional.anger"": 0.05261973187207952, ""base_emotional.anxiety"": 0.1348677157697492, ""base_emotional.excitement"": 0.26388659881632437, ""base_emotional.frustration"": 0.15126024286091572, ""base_emotional.loneliness"": 0.12631512648069326, ""base_emotional.self_esteem"": 0.69502461993825, ""base_emotional.shame"": 0.11932291134449312, ""base_emotional.trust_in_teacher"": 0.6921238105337798}"		
1778047133.242	0	73	0.900732	0.812137	0.783626	0.000000	"{""adhd_hyperactive_impulsive.cognitive.conflict_tendency"": 0.1670852925496919, ""adhd_hyperactive_impulsive.cognitive.impulse_override"": 0.2568077506995911, ""adhd_hyperactive_impulsive.cognitive.plan_consistency"": -0.4918935369216347, ""adhd_hyperactive_impulsive.emotional.anger"": 0.17626254401590086, ""adhd_hyperactive_impulsive.emotional.excitement"": 0.14138722405939994, ""adhd_inattentive.cognitive.att_bandwidth"": -1, ""adhd_inattentive.cognitive.plan_consistency"": -0.30426198717743147, ""adhd_inattentive.cognitive.retention"": -2, ""adhd_inattentive.cognitive.task_initiation_delay"": 0.42111194648331873, ""adhd_inattentive.emotional.frustration"": 0.21128601542221753, ""adhd_inattentive.emotional.self_esteem"": -0.3009829122104103, ""adhd_inattentive.emotional.shame"": 0.18407981159392606, ""base_cognitive.att_bandwidth"": 3, ""base_cognitive.conflict_tendency"": 0.032575014784779116, ""base_cognitive.importance_trigger"": 154.36006634306648, ""base_cognitive.impulse_override"": 0.04892940509514282, ""base_cognitive.plan_consistency"": 0.891223866005861, ""base_cognitive.recency_decay"": 0.986473806618884, ""base_cognitive.retention"": 4, ""base_cognitive.social_sensitivity"": 0.524206085821751, ""base_cognitive.task_initiation_delay"": 0.07444059998975826, ""base_cognitive.vision_r"": 5, ""base_emotional.anger"": 0.08228958601839062, ""base_emotional.anxiety"": 0.08093440769813393, ""base_emotional.excitement"": 0.26417380458002804, ""base_emotional.frustration"": 0.1405676822506839, ""base_emotional.loneliness"": 0.09811647638267713, ""base_emotional.self_esteem"": 0.7064820990538794, ""base_emotional.shame"": 0.10578685481568058, ""base_emotional.trust_in_teacher"": 0.702064781288255}"		
1778047133.846	0	74	0.877110	0.754217	0.811449	0.000000	"{""adhd_hyperactive_impulsive.cognitive.conflict_tendency"": 0.22589511074140553, ""adhd_hyperactive_impulsive.cognitive.impulse_override"": 0.32948442801760136, ""adhd_hyperactive_impulsive.cognitive.plan_consistency"": -0.4383563784536194, ""adhd_hyperactive_impulsive.emotional.anger"": 0.23801804575059093, ""adhd_hyperactive_impulsive.emotional.excitement"": 0.13821338569892214, ""adhd_inattentive.cognitive.att_bandwidth"": -1, ""adhd_inattentive.cognitive.plan_consistency"": -0.36619321627453993, ""adhd_inattentive.cognitive.retention"": -3, ""adhd_inattentive.cognitive.task_initiation_delay"": 0.38029654380959327, ""adhd_inattentive.emotional.frustration"": 0.21837375450689656, ""adhd_inattentive.emotional.self_esteem"": -0.23241498942038807, ""adhd_inattentive.emotional.shame"": 0.14716764492665332, ""base_cognitive.att_bandwidth"": 2, ""base_cognitive.conflict_tendency"": 0.040770211708547825, ""base_cognitive.importance_trigger"": 111.42714871551208, ""base_cognitive.impulse_override"": 0.08807093225724927, ""base_cognitive.plan_consistency"": 0.9024507108010211, ""base_cognitive.recency_decay"": 0.9921596925535716, ""base_cognitive.retention"": 6, ""base_cognitive.social_sensitivity"": 0.5973698881296056, ""base_cognitive.task_initiation_delay"": 0.040286930654461706, ""base_cognitive.vision_r"": 5, ""base_emotional.anger"": 0.13470880194915869, ""base_emotional.anxiety"": 0.08902513433631853, ""base_emotional.excitement"": 0.24197356263286474, ""base_emotional.frustration"": 0.10259098164952317, ""base_emotional.loneliness"": 0.11905569100700007, ""base_emotional.self_esteem"": 0.7911607897334478, ""base_emotional.shame"": 0.03644457193507352, ""base_emotional.trust_in_teacher"": 0.6263122024292014}"		
1778047134.330	0	75	0.911024	0.810203	0.812254	0.000000	"{""adhd_hyperactive_impulsive.cognitive.conflict_tendency"": 0.12753960970672515, ""adhd_hyperactive_impulsive.cognitive.impulse_override"": 0.3030172727096525, ""adhd_hyperactive_impulsive.cognitive.plan_consistency"": -0.3710115394019633, ""adhd_hyperactive_impulsive.emotional.anger"": 0.18517270154064924, ""adhd_hyperactive_impulsive.emotional.excitement"": 0.11353024348045548, ""adhd_inattentive.cognitive.att_bandwidth"": -3, ""adhd_inattentive.cognitive.plan_consistency"": -0.30426406970665926, ""adhd_inattentive.cognitive.retention"": -3, ""adhd_inattentive.cognitive.task_initiation_delay"": 0.30622015275809694, ""adhd_inattentive.emotional.frustration"": 0.20035008170048282, ""adhd_inattentive.emotional.self_esteem"": -0.2479522946412222, ""adhd_inattentive.emotional.shame"": 0.20542373257219368, ""base_cognitive.att_bandwidth"": 2, ""base_cognitive.conflict_tendency"": 0.08413035489767567, ""base_cognitive.importance_trigger"": 133.89628784687844, ""base_cognitive.impulse_override"": 0.06530426622037896, ""base_cognitive.plan_consistency"": 0.7853958864395714, ""base_cognitive.recency_decay"": 0.98376929560535, ""base_cognitive.retention"": 4, ""base_cognitive.social_sensitivity"": 0.43038143080422775, ""base_cognitive.task_initiation_delay"": 0.09799911011363159, ""base_cognitive.vision_r"": 4, ""base_emotional.anger"": 0.11463073549110335, ""base_emotional.anxiety"": 0.11988260274041046, ""base_emotional.excitement"": 0.2542839299417907, ""base_emotional.frustration"": 0.09112129670109324, ""base_emotional.loneliness"": 0.06695375004613281, ""base_emotional.self_esteem"": 0.778594664998683, ""base_emotional.shame"": 0.07689062753228045, ""base_emotional.trust_in_teacher"": 0.6712512121013449}"		
1778047134.853	0	76	0.902811	0.815601	0.783626	0.000000	"{""adhd_hyperactive_impulsive.cognitive.conflict_tendency"": 0.1782408511018747, ""adhd_hyperactive_impulsive.cognitive.impulse_override"": 0.2802726079608769, ""adhd_hyperactive_impulsive.cognitive.plan_consistency"": -0.38000381206896916, ""adhd_hyperactive_impulsive.emotional.anger"": 0.21529583698047738, ""adhd_hyperactive_impulsive.emotional.excitement"": 0.18157588496873522, ""adhd_inattentive.cognitive.att_bandwidth"": -1, ""adhd_inattentive.cognitive.plan_consistency"": -0.3258310767748716, ""adhd_inattentive.cognitive.retention"": -4, ""adhd_inattentive.cognitive.task_initiation_delay"": 0.4456427774062074, ""adhd_inattentive.emotional.frustration"": 0.24430267442087256, ""adhd_inattentive.emotional.self_esteem"": -0.2063695755559819, ""adhd_inattentive.emotional.shame"": 0.14222164267972945, ""base_cognitive.att_bandwidth"": 3, ""base_cognitive.conflict_tendency"": 0.03571017528633983, ""base_cognitive.importance_trigger"": 165.5414236263254, ""base_cognitive.impulse_override"": 0.09749281600047952, ""base_cognitive.plan_consistency"": 0.7986519678271934, ""base_cognitive.recency_decay"": 0.989544794409593, ""base_cognitive.retention"": 4, ""base_cognitive.social_sensitivity"": 0.3759908086761947, ""base_cognitive.task_initiation_delay"": 0.031512822648143694, ""base_cognitive.vision_r"": 3, ""base_emotional.anger"": 0.04766575933266862, ""base_emotional.anxiety"": 0.09001921494503609, ""base_emotional.excitement"": 0.24360211195022735, ""base_emotional.frustration"": 0.10328028035069245, ""base_emotional.loneliness"": 0.118120945769025, ""base_emotional.self_esteem"": 0.6847002582226146, ""base_emotional.shame"": 0.09934549145475276, ""base_emotional.trust_in_teacher"": 0.6778808969071926}"		
1778047135.433	0	77	0.926837	0.811865	0.849297	0.000000	"{""adhd_hyperactive_impulsive.cognitive.conflict_tendency"": 0.17867468188576024, ""adhd_hyperactive_impulsive.cognitive.impulse_override"": 0.32911174274473837, ""adhd_hyperactive_impulsive.cognitive.plan_consistency"": -0.5035985150864568, ""adhd_hyperactive_impulsive.emotional.anger"": 0.21914677919028336, ""adhd_hyperactive_impulsive.emotional.excitement"": 0.16811485511420723, ""adhd_inattentive.cognitive.att_bandwidth"": -1, ""adhd_inattentive.cognitive.plan_consistency"": -0.44338296370909874, ""adhd_inattentive.cognitive.retention"": -3, ""adhd_inattentive.cognitive.task_initiation_delay"": 0.32775218948251467, ""adhd_inattentive.emotional.frustration"": 0.1508225151321838, ""adhd_inattentive.emotional.self_esteem"": -0.3254562983371228, ""adhd_inattentive.emotional.shame"": 0.24865971085972205, ""base_cognitive.att_bandwidth"": 2, ""base_cognitive.conflict_tendency"": 0.04726855493243072, ""base_cognitive.importance_trigger"": 146.36522067845675, ""base_cognitive.impulse_override"": 0.055424717759283586, ""base_cognitive.plan_consistency"": 0.8834014860452954, ""base_cognitive.recency_decay"": 0.9914478475577357, ""base_cognitive.retention"": 6, ""base_cognitive.social_sensitivity"": 0.5191915599829269, ""base_cognitive.task_initiation_delay"": 0.00948587223752463, ""base_cognitive.vision_r"": 5, ""base_emotional.anger"": 0.07318890598603942, ""base_emotional.anxiety"": 0.06170102642612112, ""base_emotional.excitement"": 0.1553121386672943, ""base_emotional.frustration"": 0.06754886271286614, ""base_emotional.loneliness"": 0.10936047507783853, ""base_emotional.self_esteem"": 0.6921101413361643, ""base_emotional.shame"": 0.0463453715330108, ""base_emotional.trust_in_teacher"": 0.7028754923095135}"		
1778047136.036	0	78	0.749115	0.525001	0.835287	0.000000	"{""adhd_hyperactive_impulsive.cognitive.conflict_tendency"": 0.11860076109405132, ""adhd_hyperactive_impulsive.cognitive.impulse_override"": 0.32835753411082824, ""adhd_hyperactive_impulsive.cognitive.plan_consistency"": -0.4207870218148251, ""adhd_hyperactive_impulsive.emotional.anger"": 0.2218130120466692, ""adhd_hyperactive_impulsive.emotional.excitement"": 0.13197423263344654, ""adhd_inattentive.cognitive.att_bandwidth"": -3, ""adhd_inattentive.cognitive.plan_consistency"": -0.3913661882892234, ""adhd_inattentive.cognitive.retention"": -4, ""adhd_inattentive.cognitive.task_initiation_delay"": 0.3989305774660855, ""adhd_inattentive.emotional.frustration"": 0.24238707772665224, ""adhd_inattentive.emotional.self_esteem"": -0.18654007768918773, ""adhd_inattentive.emotional.shame"": 0.17463853580738842, ""base_cognitive.att_bandwidth"": 4, ""base_cognitive.conflict_tendency"": 0.08027241363178386, ""base_cognitive.importance_trigger"": 144.2715632914037, ""base_cognitive.impulse_override"": 0.11170765892124984, ""base_cognitive.plan_consistency"": 0.8828847570324699, ""base_cognitive.recency_decay"": 0.9920108787167482, ""base_cognitive.retention"": 5, ""base_cognitive.social_sensitivity"": 0.5280671914957512, ""base_cognitive.task_initiation_delay"": 0.01951221590073218, ""base_cognitive.vision_r"": 4, ""base_emotional.anger"": 0.08509882220360841, ""base_emotional.anxiety"": 0.10108399596654377, ""base_emotional.excitement"": 0.22504406270138755, ""base_emotional.frustration"": 0.14698420447219607, ""base_emotional.loneliness"": 0.09652510214493687, ""base_emotional.self_esteem"": 0.7182764993063682, ""base_emotional.shame"": 0.09567490884864653, ""base_emotional.trust_in_teacher"": 0.7883113208724072}"		
1778047136.580	0	79	0.900513	0.811771	0.783626	0.000000	"{""adhd_hyperactive_impulsive.cognitive.conflict_tendency"": 0.18514899133942417, ""adhd_hyperactive_impulsive.cognitive.impulse_override"": 0.341854489947986, ""adhd_hyperactive_impulsive.cognitive.plan_consistency"": -0.5238541670656399, ""adhd_hyperactive_impulsive.emotional.anger"": 0.1823165209640157, ""adhd_hyperactive_impulsive.emotional.excitement"": 0.18513339356453565, ""adhd_inattentive.cognitive.att_bandwidth"": -3, ""adhd_inattentive.cognitive.plan_consistency"": -0.3059408784847101, ""adhd_inattentive.cognitive.retention"": -3, ""adhd_inattentive.cognitive.task_initiation_delay"": 0.344214692793251, ""adhd_inattentive.emotional.frustration"": 0.23559084101748623, ""adhd_inattentive.emotional.self_esteem"": -0.24485028709856754, ""adhd_inattentive.emotional.shame"": 0.1295918269528406, ""base_cognitive.att_bandwidth"": 2, ""base_cognitive.conflict_tendency"": 0.0875473865837701, ""base_cognitive.importance_trigger"": 124.73070839518077, ""base_cognitive.impulse_override"": 0.046869039282106784, ""base_cognitive.plan_consistency"": 0.9315814482510276, ""base_cognitive.recency_decay"": 0.9809932188128774, ""base_cognitive.retention"": 5, ""base_cognitive.social_sensitivity"": 0.38580598165747276, ""base_cognitive.task_initiation_delay"": 0.003510966226790602, ""base_cognitive.vision_r"": 5, ""base_emotional.anger"": 0.06227401410974877, ""base_emotional.anxiety"": 0.07941659359093389, ""base_emotional.excitement"": 0.21255052081495301, ""base_emotional.frustration"": 0.11902066340615322, ""base_emotional.loneliness"": 0.08990326514927068, ""base_emotional.self_esteem"": 0.6070199424390328, ""base_emotional.shame"": 0.0709624312439319, ""base_emotional.trust_in_teacher"": 0.7873846012070993}"		
1778047137.098	0	80	0.850659	0.714955	0.804213	0.000000	"{""adhd_hyperactive_impulsive.cognitive.conflict_tendency"": 0.23150039872964162, ""adhd_hyperactive_impulsive.cognitive.impulse_override"": 0.25552557304968304, ""adhd_hyperactive_impulsive.cognitive.plan_consistency"": -0.49300753228936156, ""adhd_hyperactive_impulsive.emotional.anger"": 0.15784761656165275, ""adhd_hyperactive_impulsive.emotional.excitement"": 0.15862003802088276, ""adhd_inattentive.cognitive.att_bandwidth"": -3, ""adhd_inattentive.cognitive.plan_consistency"": -0.29365733215996676, ""adhd_inattentive.cognitive.retention"": -3, ""adhd_inattentive.cognitive.task_initiation_delay"": 0.420388465666714, ""adhd_inattentive.emotional.frustration"": 0.1859746286921489, ""adhd_inattentive.emotional.self_esteem"": -0.26975728770390583, ""adhd_inattentive.emotional.shame"": 0.16838392329770646, ""base_cognitive.att_bandwidth"": 3, ""base_cognitive.conflict_tendency"": 0.08378106044194386, ""base_cognitive.importance_trigger"": 114.68605747204322, ""base_cognitive.impulse_override"": 0.11027014372673402, ""base_cognitive.plan_consistency"": 0.8551724712136436, ""base_cognitive.recency_decay"": 0.98616246439425, ""base_cognitive.retention"": 4, ""base_cognitive.social_sensitivity"": 0.5804977643280049, ""base_cognitive.task_initiation_delay"": 0.027959838759455694, ""base_cognitive.vision_r"": 3, ""base_emotional.anger"": 0.11940882469530546, ""base_emotional.anxiety"": 0.10238907525644325, ""base_emotional.excitement"": 0.20597922175423924, ""base_emotional.frustration"": 0.1681225079686433, ""base_emotional.loneliness"": 0.1210459382846033, ""base_emotional.self_esteem"": 0.6862733176359079, ""base_emotional.shame"": 0.09106475492495597, ""base_emotional.trust_in_teacher"": 0.7538973764787288}"		
1778047137.723	1	1	0.915440	0.813928	0.817708	0.000000	"{""adhd_hyperactive_impulsive.cognitive.conflict_tendency"": 0.2045596434814312, ""adhd_hyperactive_impulsive.cognitive.impulse_override"": 0.29140878161756234, ""adhd_hyperactive_impulsive.cognitive.plan_consistency"": -0.49777455913376134, ""adhd_hyperactive_impulsive.emotional.anger"": 0.15384163029019943, ""adhd_hyperactive_impulsive.emotional.excitement"": 0.11377275760421653, ""adhd_inattentive.cognitive.att_bandwidth"": -2, ""adhd_inattentive.cognitive.plan_consistency"": -0.41888249535111793, ""adhd_inattentive.cognitive.retention"": -3, ""adhd_inattentive.cognitive.task_initiation_delay"": 0.4123716397786277, ""adhd_inattentive.emotional.frustration"": 0.19353196752192026, ""adhd_inattentive.emotional.self_esteem"": -0.24227438959099992, ""adhd_inattentive.emotional.shame"": 0.2301767610886126, ""base_cognitive.att_bandwidth"": 3, ""base_cognitive.conflict_tendency"": 0.033390928384479976, ""base_cognitive.importance_trigger"": 115.10964008693125, ""base_cognitive.impulse_override"": 0.04116857559868309, ""base_cognitive.plan_consistency"": 0.9030778547309947, ""base_cognitive.recency_decay"": 0.9902179013503694, ""base_cognitive.retention"": 6, ""base_cognitive.social_sensitivity"": 0.5021308688298615, ""base_cognitive.task_initiation_delay"": 0.025025147444120162, ""base_cognitive.vision_r"": 3, ""base_emotional.anger"": 0.09775330088173732, ""base_emotional.anxiety"": 0.08945550290663315, ""base_emotional.excitement"": 0.23703106727865664, ""base_emotional.frustration"": 0.07080903941316972, ""base_emotional.loneliness"": 0.06682965429426624, ""base_emotional.self_esteem"": 0.7157272450012524, ""base_emotional.shame"": 0.132070290007059, ""base_emotional.trust_in_teacher"": 0.7120210740907228}"		
1778047138.368	1	2	0.884614	0.742582	0.847663	0.000000	"{""adhd_hyperactive_impulsive.cognitive.conflict_tendency"": 0.2401850727626494, ""adhd_hyperactive_impulsive.cognitive.impulse_override"": 0.2964981604030687, ""adhd_hyperactive_impulsive.cognitive.plan_consistency"": -0.3848201389370019, ""adhd_hyperactive_impulsive.emotional.anger"": 0.2478440160658365, ""adhd_hyperactive_impulsive.emotional.excitement"": 0.24278450161615736, ""adhd_inattentive.cognitive.att_bandwidth"": -1, ""adhd_inattentive.cognitive.plan_consistency"": -0.3443363793622375, ""adhd_inattentive.cognitive.retention"": -3, ""adhd_inattentive.cognitive.task_initiation_delay"": 0.3273340513405417, ""adhd_inattentive.emotional.frustration"": 0.24382502624214566, ""adhd_inattentive.emotional.self_esteem"": -0.2518249592327803, ""adhd_inattentive.emotional.shame"": 0.16928605720058326, ""base_cognitive.att_bandwidth"": 3, ""base_cognitive.conflict_tendency"": 0.0967126916085216, ""base_cognitive.importance_trigger"": 102.16590620816042, ""base_cognitive.impulse_override"": 0.10426481025578431, ""base_cognitive.plan_consistency"": 0.7687197300399765, ""base_cognitive.recency_decay"": 0.98347925288824, ""base_cognitive.retention"": 6, ""base_cognitive.social_sensitivity"": 0.3968790029389592, ""base_cognitive.task_initiation_delay"": 0.005782335413040938, ""base_cognitive.vision_r"": 4, ""base_emotional.anger"": 0.08302628933313151, ""base_emotional.anxiety"": 0.08045649095200733, ""base_emotional.excitement"": 0.160196095784464, ""base_emotional.frustration"": 0.09528886677941283, ""base_emotional.loneliness"": 0.034143910983998875, ""base_emotional.self_esteem"": 0.7445841066197378, ""base_emotional.shame"": 0.05288019175398301, ""base_emotional.trust_in_teacher"": 0.6250706502417578}"		
1778047138.893	1	3	0.903415	0.808790	0.795352	0.000000	"{""adhd_hyperactive_impulsive.cognitive.conflict_tendency"": 0.1642428461118284, ""adhd_hyperactive_impulsive.cognitive.impulse_override"": 0.2601733578491791, ""adhd_hyperactive_impulsive.cognitive.plan_consistency"": -0.5319533915483086, ""adhd_hyperactive_impulsive.emotional.anger"": 0.16868143314537545, ""adhd_hyperactive_impulsive.emotional.excitement"": 0.17874574701665058, ""adhd_inattentive.cognitive.att_bandwidth"": -2, ""adhd_inattentive.cognitive.plan_consistency"": -0.2612776941863, ""adhd_inattentive.cognitive.retention"": -4, ""adhd_inattentive.cognitive.task_initiation_delay"": 0.44418168274148484, ""adhd_inattentive.emotional.frustration"": 0.161836616040116, ""adhd_inattentive.emotional.self_esteem"": -0.2137972504933711, ""adhd_inattentive.emotional.shame"": 0.21457392218831328, ""base_cognitive.att_bandwidth"": 2, ""base_cognitive.conflict_tendency"": 0.06190806257899236, ""base_cognitive.importance_trigger"": 149.02617244022173, ""base_cognitive.impulse_override"": 0.07233924627139567, ""base_cognitive.plan_consistency"": 0.8080457446969025, ""base_cognitive.recency_decay"": 0.9809525787090555, ""base_cognitive.retention"": 5, ""base_cognitive.social_sensitivity"": 0.4336374620280318, ""base_cognitive.task_initiation_delay"": 0.05973154409059024, ""base_cognitive.vision_r"": 4, ""base_emotional.anger"": 0.14501968437308457, ""base_emotional.anxiety"": 0.10475162650156669, ""base_emotional.excitement"": 0.2215880703262924, ""base_emotional.frustration"": 0.1608947401019591, ""base_emotional.loneliness"": 0.06154199984798202, ""base_emotional.self_esteem"": 0.6473125510995319, ""base_emotional.shame"": 0.09932222192077053, ""base_emotional.trust_in_teacher"": 0.6634724267873089}"		
1778047139.475	1	4	0.750093	0.522610	0.841317	0.000000	"{""adhd_hyperactive_impulsive.cognitive.conflict_tendency"": 0.13254347050620585, ""adhd_hyperactive_impulsive.cognitive.impulse_override"": 0.39793396095550027, ""adhd_hyperactive_impulsive.cognitive.plan_consistency"": -0.4627223341797015, ""adhd_hyperactive_impulsive.emotional.anger"": 0.18941755094382856, ""adhd_hyperactive_impulsive.emotional.excitement"": 0.19245888658477517, ""adhd_inattentive.cognitive.att_bandwidth"": -1, ""adhd_inattentive.cognitive.plan_consistency"": -0.4090398799331246, ""adhd_inattentive.cognitive.retention"": -3, ""adhd_inattentive.cognitive.task_initiation_delay"": 0.36243231306245194, ""adhd_inattentive.emotional.frustration"": 0.22907541675466947, ""adhd_inattentive.emotional.self_esteem"": -0.31185831599109626, ""adhd_inattentive.emotional.shame"": 0.15708555365274052, ""base_cognitive.att_bandwidth"": 3, ""base_cognitive.conflict_tendency"": 0.07613880977473036, ""base_cognitive.importance_trigger"": 121.25493549992629, ""base_cognitive.impulse_override"": 0.051452678102648954, ""base_cognitive.plan_consistency"": 0.8654145090791752, ""base_cognitive.recency_decay"": 0.99343895953714, ""base_cognitive.retention"": 5, ""base_cognitive.social_sensitivity"": 0.5961915017071079, ""base_cognitive.task_initiation_delay"": 0.09111667952677296, ""base_cognitive.vision_r"": 3, ""base_emotional.anger"": 0.07638092864301435, ""base_emotional.anxiety"": 0.05910924697163101, ""base_emotional.excitement"": 0.2575042735742057, ""base_emotional.frustration"": 0.1126525259052157, ""base_emotional.loneliness"": 0.1071462128652611, ""base_emotional.self_esteem"": 0.6275197711065909, ""base_emotional.shame"": 0.08685539548051985, ""base_emotional.trust_in_teacher"": 0.6811023501131699}"		
1778047140.068	1	5	0.777526	0.560570	0.852961	0.000000	"{""adhd_hyperactive_impulsive.cognitive.conflict_tendency"": 0.10318739410299628, ""adhd_hyperactive_impulsive.cognitive.impulse_override"": 0.3258418735815649, ""adhd_hyperactive_impulsive.cognitive.plan_consistency"": -0.44166857817831195, ""adhd_hyperactive_impulsive.emotional.anger"": 0.12420392465598515, ""adhd_hyperactive_impulsive.emotional.excitement"": 0.2346732342042377, ""adhd_inattentive.cognitive.att_bandwidth"": -2, ""adhd_inattentive.cognitive.plan_consistency"": -0.297807313199662, ""adhd_inattentive.cognitive.retention"": -3, ""adhd_inattentive.cognitive.task_initiation_delay"": 0.35016031896753097, ""adhd_inattentive.emotional.frustration"": 0.21408303398614822, ""adhd_inattentive.emotional.self_esteem"": -0.34188488194993966, ""adhd_inattentive.emotional.shame"": 0.14311610968796648, ""base_cognitive.att_bandwidth"": 4, ""base_cognitive.conflict_tendency"": 0.09119748032508676, ""base_cognitive.importance_trigger"": 108.31694094158213, ""base_cognitive.impulse_override"": 0.09803671672847085, ""base_cognitive.plan_consistency"": 0.7768245338328267, ""base_cognitive.recency_decay"": 0.9880485185153368, ""base_cognitive.retention"": 5, ""base_cognitive.social_sensitivity"": 0.5485117438301202, ""base_cognitive.task_initiation_delay"": 0.07945689891130472, ""base_cognitive.vision_r"": 4, ""base_emotional.anger"": 0.13730298848342132, ""base_emotional.anxiety"": 0.07402663909163454, ""base_emotional.excitement"": 0.1797350670363395, ""base_emotional.frustration"": 0.12996200822535453, ""base_emotional.loneliness"": 0.08568093938961377, ""base_emotional.self_esteem"": 0.7220671427529852, ""base_emotional.shame"": 0.10604357136500904, ""base_emotional.trust_in_teacher"": 0.6029031905426886}"		
1778047140.604	1	6	0.915182	0.808012	0.825937	0.000000	"{""adhd_hyperactive_impulsive.cognitive.conflict_tendency"": 0.12342708553152643, ""adhd_hyperactive_impulsive.cognitive.impulse_override"": 0.2654548219741978, ""adhd_hyperactive_impulsive.cognitive.plan_consistency"": -0.357347399242153, ""adhd_hyperactive_impulsive.emotional.anger"": 0.1813977444406116, ""adhd_hyperactive_impulsive.emotional.excitement"": 0.16694795293995307, ""adhd_inattentive.cognitive.att_bandwidth"": -3, ""adhd_inattentive.cognitive.plan_consistency"": -0.38663597060087984, ""adhd_inattentive.cognitive.retention"": -2, ""adhd_inattentive.cognitive.task_initiation_delay"": 0.31387715063368216, ""adhd_inattentive.emotional.frustration"": 0.13784016135942115, ""adhd_inattentive.emotional.self_esteem"": -0.27605637794189053, ""adhd_inattentive.emotional.shame"": 0.23926546477271385, ""base_cognitive.att_bandwidth"": 3, ""base_cognitive.conflict_tendency"": 0.04843254155710264, ""base_cognitive.importance_trigger"": 167.48740138872134, ""base_cognitive.impulse_override"": 0.07586481246585716, ""base_cognitive.plan_consistency"": 0.9196176513696825, ""base_cognitive.recency_decay"": 0.9819722835328568, ""base_cognitive.retention"": 4, ""base_cognitive.social_sensitivity"": 0.451922245506729, ""base_cognitive.task_initiation_delay"": 0.060094989554017854, ""base_cognitive.vision_r"": 5, ""base_emotional.anger"": 0.05646289063948224, ""base_emotional.anxiety"": 0.17644116751269912, ""base_emotional.excitement"": 0.28581799793538404, ""base_emotional.frustration"": 0.19996048287973112, ""base_emotional.loneliness"": 0.1469872036106238, ""base_emotional.self_esteem"": 0.6150938327512047, ""base_emotional.shame"": 0.06455939845517773, ""base_emotional.trust_in_teacher"": 0.7992413110901097}"		
1778047141.083	1	7	0.921458	0.814580	0.831775	0.000000	"{""adhd_hyperactive_impulsive.cognitive.conflict_tendency"": 0.1469723179613888, ""adhd_hyperactive_impulsive.cognitive.impulse_override"": 0.3166476757718004, ""adhd_hyperactive_impulsive.cognitive.plan_consistency"": -0.4732645957944954, ""adhd_hyperactive_impulsive.emotional.anger"": 0.22134111312395732, ""adhd_hyperactive_impulsive.emotional.excitement"": 0.12979189986532833, ""adhd_inattentive.cognitive.att_bandwidth"": -2, ""adhd_inattentive.cognitive.plan_consistency"": -0.434246744327173, ""adhd_inattentive.cognitive.retention"": -3, ""adhd_inattentive.cognitive.task_initiation_delay"": 0.38111118068451744, ""adhd_inattentive.emotional.frustration"": 0.19904122466793167, ""adhd_inattentive.emotional.self_esteem"": -0.22329915161803068, ""adhd_inattentive.emotional.shame"": 0.20476186111590688, ""base_cognitive.att_bandwidth"": 2, ""base_cognitive.conflict_tendency"": 0.04747518379505444, ""base_cognitive.importance_trigger"": 158.77891390198818, ""base_cognitive.impulse_override"": 0.035315929908743465, ""base_cognitive.plan_consistency"": 0.8702561240620713, ""base_cognitive.recency_decay"": 0.9856263192036467, ""base_cognitive.retention"": 4, ""base_cognitive.social_sensitivity"": 0.3558221373640644, ""base_cognitive.task_initiation_delay"": 0.01237320252406267, ""base_cognitive.vision_r"": 4, ""base_emotional.anger"": 0.03675130740599558, ""base_emotional.anxiety"": 0.162519066213818, ""base_emotional.excitement"": 0.18398952763599769, ""base_emotional.frustration"": 0.05645759542831342, ""base_emotional.loneliness"": 0.11740950307454125, ""base_emotional.self_esteem"": 0.7963570247462017, ""base_emotional.shame"": 0.03476037425096182, ""base_emotional.trust_in_teacher"": 0.5970884539737488}"		
1778047141.650	1	8	0.908429	0.804460	0.814382	0.000000	"{""adhd_hyperactive_impulsive.cognitive.conflict_tendency"": 0.17809714007741595, ""adhd_hyperactive_impulsive.cognitive.impulse_override"": 0.34203780267708717, ""adhd_hyperactive_impulsive.cognitive.plan_consistency"": -0.5127925974246375, ""adhd_hyperactive_impulsive.emotional.anger"": 0.13773770406390867, ""adhd_hyperactive_impulsive.emotional.excitement"": 0.1389033996072421, ""adhd_inattentive.cognitive.att_bandwidth"": -3, ""adhd_inattentive.cognitive.plan_consistency"": -0.3175433961060649, ""adhd_inattentive.cognitive.retention"": -4, ""adhd_inattentive.cognitive.task_initiation_delay"": 0.43584662212901815, ""adhd_inattentive.emotional.frustration"": 0.13057596837284555, ""adhd_inattentive.emotional.self_esteem"": -0.18655121207028622, ""adhd_inattentive.emotional.shame"": 0.11615080477435784, ""base_cognitive.att_bandwidth"": 3, ""base_cognitive.conflict_tendency"": 0.06727575867163399, ""base_cognitive.importance_trigger"": 147.41057647794432, ""base_cognitive.impulse_override"": 0.08739531627530617, ""base_cognitive.plan_consistency"": 0.8220158646791397, ""base_cognitive.recency_decay"": 0.991306003019355, ""base_cognitive.retention"": 5, ""base_cognitive.social_sensitivity"": 0.32278008152907023, ""base_cognitive.task_initiation_delay"": 0.08925639267966676, ""base_cognitive.vision_r"": 4, ""base_emotional.anger"": 0.04454243404001272, ""base_emotional.anxiety"": 0.14936289172838252, ""base_emotional.excitement"": 0.24125516205088943, ""base_emotional.frustration"": 0.1474945336762113, ""base_emotional.loneliness"": 0.05273779778216674, ""base_emotional.self_esteem"": 0.6935366494949969, ""base_emotional.shame"": 0.12454661700820545, ""base_emotional.trust_in_teacher"": 0.5693371926184131}"		
1778047142.225	1	9	0.903441	0.802737	0.804496	0.000000	"{""adhd_hyperactive_impulsive.cognitive.conflict_tendency"": 0.20587470616146494, ""adhd_hyperactive_impulsive.cognitive.impulse_override"": 0.37394817804160185, ""adhd_hyperactive_impulsive.cognitive.plan_consistency"": -0.39540795294904013, ""adhd_hyperactive_impulsive.emotional.anger"": 0.2075804198066526, ""adhd_hyperactive_impulsive.emotional.excitement"": 0.21228456635415283, ""adhd_inattentive.cognitive.att_bandwidth"": -2, ""adhd_inattentive.cognitive.plan_consistency"": -0.2739396277382561, ""adhd_inattentive.cognitive.retention"": -2, ""adhd_inattentive.cognitive.task_initiation_delay"": 0.47883712816497775, ""adhd_inattentive.emotional.frustration"": 0.1755703507949679, ""adhd_inattentive.emotional.self_esteem"": -0.2911575256130791, ""adhd_inattentive.emotional.shame"": 0.17864453292239688, ""base_cognitive.att_bandwidth"": 3, ""base_cognitive.conflict_tendency"": 0.118353343994476, ""base_cognitive.importance_trigger"": 128.92778758893186, ""base_cognitive.impulse_override"": 0.11220319615057127, ""base_cognitive.plan_consistency"": 0.8406753061654112, ""base_cognitive.recency_decay"": 0.9860336227680926, ""base_cognitive.retention"": 5, ""base_cognitive.social_sensitivity"": 0.3613654156772761, ""base_cognitive.task_initiation_delay"": 0.04712311718032611, ""base_cognitive.vision_r"": 4, ""base_emotional.anger"": 0.12385141906266167, ""base_emotional.anxiety"": 0.1376808361043766, ""base_emotional.excitement"": 0.2057703448223677, ""base_emotional.frustration"": 0.09200116424591086, ""base_emotional.loneliness"": 0.09037997845989572, ""base_emotional.self_esteem"": 0.6720631029145687, ""base_emotional.shame"": 0.14746742107799227, ""base_emotional.trust_in_teacher"": 0.7667346385884207}"		
1778047142.801	1	10	0.911661	0.810098	0.814006	0.000000	"{""adhd_hyperactive_impulsive.cognitive.conflict_tendency"": 0.23390143910758954, ""adhd_hyperactive_impulsive.cognitive.impulse_override"": 0.3630257438165866, ""adhd_hyperactive_impulsive.cognitive.plan_consistency"": -0.41370329849533866, ""adhd_hyperactive_impulsive.emotional.anger"": 0.22931429437318845, ""adhd_hyperactive_impulsive.emotional.excitement"": 0.15653777546382125, ""adhd_inattentive.cognitive.att_bandwidth"": -1, ""adhd_inattentive.cognitive.plan_consistency"": -0.3616596334279906, ""adhd_inattentive.cognitive.retention"": -4, ""adhd_inattentive.cognitive.task_initiation_delay"": 0.4999293178498751, ""adhd_inattentive.emotional.frustration"": 0.14887405316314625, ""adhd_inattentive.emotional.self_esteem"": -0.32510487427777024, ""adhd_inattentive.emotional.shame"": 0.1074424772201007, ""base_cognitive.att_bandwidth"": 4, ""base_cognitive.conflict_tendency"": 0.10765477769589678, ""base_cognitive.importance_trigger"": 136.03616935500142, ""base_cognitive.impulse_override"": 0.059544948479525545, ""base_cognitive.plan_consistency"": 0.94263855100144, ""base_cognitive.recency_decay"": 0.9941029337019345, ""base_cognitive.retention"": 5, ""base_cognitive.social_sensitivity"": 0.5171315269274519, ""base_cognitive.task_initiation_delay"": 0.033761880772339395, ""base_cognitive.vision_r"": 5, ""base_emotional.anger"": 0.10824941328226641, ""base_emotional.anxiety"": 0.12331905204096076, ""base_emotional.excitement"": 0.2754584510535669, ""base_emotional.frustration"": 0.17692765963688656, ""base_emotional.loneliness"": 0.12749414102321205, ""base_emotional.self_esteem"": 0.7604934337744839, ""base_emotional.shame"": 0.06916018351669326, ""base_emotional.trust_in_teacher"": 0.7499880158294114}"		
1778047143.304	1	11	0.918688	0.811865	0.828923	0.000000	"{""adhd_hyperactive_impulsive.cognitive.conflict_tendency"": 0.12062834591645462, ""adhd_hyperactive_impulsive.cognitive.impulse_override"": 0.30494029509025766, ""adhd_hyperactive_impulsive.cognitive.plan_consistency"": -0.4664459605346602, ""adhd_hyperactive_impulsive.emotional.anger"": 0.21220614072757005, ""adhd_hyperactive_impulsive.emotional.excitement"": 0.17757003275079614, ""adhd_inattentive.cognitive.att_bandwidth"": -2, ""adhd_inattentive.cognitive.plan_consistency"": -0.4444412671642917, ""adhd_inattentive.cognitive.retention"": -2, ""adhd_inattentive.cognitive.task_initiation_delay"": 0.37988705973291803, ""adhd_inattentive.emotional.frustration"": 0.2258963511155559, ""adhd_inattentive.emotional.self_esteem"": -0.34209342493487305, ""adhd_inattentive.emotional.shame"": 0.24346122823482053, ""base_cognitive.att_bandwidth"": 2, ""base_cognitive.conflict_tendency"": 0.04025004771389196, ""base_cognitive.importance_trigger"": 111.73469755500984, ""base_cognitive.impulse_override"": 0.07223085522185267, ""base_cognitive.plan_consistency"": 0.9325597726869511, ""base_cognitive.recency_decay"": 0.9878994032003311, ""base_cognitive.retention"": 4, ""base_cognitive.social_sensitivity"": 0.40464061290157666, ""base_cognitive.task_initiation_delay"": 0.04568035574961448, ""base_cognitive.vision_r"": 4, ""base_emotional.anger"": 0.044385776470660415, ""base_emotional.anxiety"": 0.14032502061720406, ""base_emotional.excitement"": 0.1780001684945356, ""base_emotional.frustration"": 0.05181876680158234, ""base_emotional.loneliness"": 0.0922102208735801, ""base_emotional.self_esteem"": 0.7225630837682295, ""base_emotional.shame"": 0.07096299425685558, ""base_emotional.trust_in_teacher"": 0.7165227994798706}"		
1778047143.878	1	12	0.908881	0.802494	0.818462	0.000000	"{""adhd_hyperactive_impulsive.cognitive.conflict_tendency"": 0.2223979443404978, ""adhd_hyperactive_impulsive.cognitive.impulse_override"": 0.29557220420738745, ""adhd_hyperactive_impulsive.cognitive.plan_consistency"": -0.4400321313187143, ""adhd_hyperactive_impulsive.emotional.anger"": 0.1415616384527647, ""adhd_hyperactive_impulsive.emotional.excitement"": 0.12176784893946124, ""adhd_inattentive.cognitive.att_bandwidth"": -3, ""adhd_inattentive.cognitive.plan_consistency"": -0.3046698518023736, ""adhd_inattentive.cognitive.retention"": -3, ""adhd_inattentive.cognitive.task_initiation_delay"": 0.40299734479529914, ""adhd_inattentive.emotional.frustration"": 0.18950797405934805, ""adhd_inattentive.emotional.self_esteem"": -0.20880581206931775, ""adhd_inattentive.emotional.shame"": 0.12479193379759135, ""base_cognitive.att_bandwidth"": 3, ""base_cognitive.conflict_tendency"": 0.10072471870640766, ""base_cognitive.importance_trigger"": 112.28815064953588, ""base_cognitive.impulse_override"": 0.10087063427816642, ""base_cognitive.plan_consistency"": 0.7704657984818284, ""base_cognitive.recency_decay"": 0.9848261302243246, ""base_cognitive.retention"": 5, ""base_cognitive.social_sensitivity"": 0.5683729165049387, ""base_cognitive.task_initiation_delay"": 0.0872341235125309, ""base_cognitive.vision_r"": 5, ""base_emotional.anger"": 0.09253785663710608, ""base_emotional.anxiety"": 0.079196315219497, ""base_emotional.excitement"": 0.29950876791126224, ""base_emotional.frustration"": 0.1320008460452921, ""base_emotional.loneliness"": 0.07306219775498463, ""base_emotional.self_esteem"": 0.7544581311858967, ""base_emotional.shame"": 0.11653672492070506, ""base_emotional.trust_in_teacher"": 0.7965958976436789}"		
1778047144.448	1	13	0.901163	0.808047	0.790837	0.000000	"{""adhd_hyperactive_impulsive.cognitive.conflict_tendency"": 0.1606501085511217, ""adhd_hyperactive_impulsive.cognitive.impulse_override"": 0.39967351010538854, ""adhd_hyperactive_impulsive.cognitive.plan_consistency"": -0.35301449448928657, ""adhd_hyperactive_impulsive.emotional.anger"": 0.2174430267255704, ""adhd_hyperactive_impulsive.emotional.excitement"": 0.1684647101732113, ""adhd_inattentive.cognitive.att_bandwidth"": -2, ""adhd_inattentive.cognitive.plan_consistency"": -0.34513197572971305, ""adhd_inattentive.cognitive.retention"": -4, ""adhd_inattentive.cognitive.task_initiation_delay"": 0.39385505734515475, ""adhd_inattentive.emotional.frustration"": 0.12375745231997493, ""adhd_inattentive.emotional.self_esteem"": -0.3164265138091374, ""adhd_inattentive.emotional.shame"": 0.13609145288614105, ""base_cognitive.att_bandwidth"": 2, ""base_cognitive.conflict_tendency"": 0.1162602768404699, ""base_cognitive.importance_trigger"": 151.57557612242744, ""base_cognitive.impulse_override"": 0.08467183713022744, ""base_cognitive.plan_consistency"": 0.9300786277210983, ""base_cognitive.recency_decay"": 0.9879985516819269, ""base_cognitive.retention"": 6, ""base_cognitive.social_sensitivity"": 0.4704664580295782, ""base_cognitive.task_initiation_delay"": 0.07512474940072704, ""base_cognitive.vision_r"": 5, ""base_emotional.anger"": 0.05029540490075424, ""base_emotional.anxiety"": 0.06838121502756594, ""base_emotional.excitement"": 0.28474041042090326, ""base_emotional.frustration"": 0.17285938517814953, ""base_emotional.loneliness"": 0.06540787451806418, ""base_emotional.self_esteem"": 0.667742577763352, ""base_emotional.shame"": 0.05186827204732459, ""base_emotional.trust_in_teacher"": 0.6341343378379068}"		
1778047144.931	1	14	0.925604	0.805721	0.855429	0.000000	"{""adhd_hyperactive_impulsive.cognitive.conflict_tendency"": 0.12337545993561558, ""adhd_hyperactive_impulsive.cognitive.impulse_override"": 0.31320865302006895, ""adhd_hyperactive_impulsive.cognitive.plan_consistency"": -0.4362275524098995, ""adhd_hyperactive_impulsive.emotional.anger"": 0.16402862150291198, ""adhd_hyperactive_impulsive.emotional.excitement"": 0.13428795532399054, ""adhd_inattentive.cognitive.att_bandwidth"": -1, ""adhd_inattentive.cognitive.plan_consistency"": -0.42985426047989006, ""adhd_inattentive.cognitive.retention"": -2, ""adhd_inattentive.cognitive.task_initiation_delay"": 0.43516634118535713, ""adhd_inattentive.emotional.frustration"": 0.19129126674559283, ""adhd_inattentive.emotional.self_esteem"": -0.19638870008621245, ""adhd_inattentive.emotional.shame"": 0.15652500126834604, ""base_cognitive.att_bandwidth"": 2, ""base_cognitive.conflict_tendency"": 0.05020741263790533, ""base_cognitive.importance_trigger"": 166.1708795821478, ""base_cognitive.impulse_override"": 0.10260398239568536, ""base_cognitive.plan_consistency"": 0.786102011329725, ""base_cognitive.recency_decay"": 0.9808149880086221, ""base_cognitive.retention"": 4, ""base_cognitive.social_sensitivity"": 0.46837330744547845, ""base_cognitive.task_initiation_delay"": 0.08795912347085363, ""base_cognitive.vision_r"": 3, ""base_emotional.anger"": 0.06022724766521855, ""base_emotional.anxiety"": 0.07523347460693218, ""base_emotional.excitement"": 0.18004917929377834, ""base_emotional.frustration"": 0.10245370630797634, ""base_emotional.loneliness"": 0.030740414157904516, ""base_emotional.self_esteem"": 0.7203526823256481, ""base_emotional.shame"": 0.04621997716867066, ""base_emotional.trust_in_teacher"": 0.5703986355945048}"		
1778047145.488	1	15	0.912242	0.812383	0.812031	0.000000	"{""adhd_hyperactive_impulsive.cognitive.conflict_tendency"": 0.23133393632737834, ""adhd_hyperactive_impulsive.cognitive.impulse_override"": 0.32337060693593866, ""adhd_hyperactive_impulsive.cognitive.plan_consistency"": -0.37496548990473916, ""adhd_hyperactive_impulsive.emotional.anger"": 0.19731652527815988, ""adhd_hyperactive_impulsive.emotional.excitement"": 0.1287224567413491, ""adhd_inattentive.cognitive.att_bandwidth"": -1, ""adhd_inattentive.cognitive.plan_consistency"": -0.397155475071187, ""adhd_inattentive.cognitive.retention"": -4, ""adhd_inattentive.cognitive.task_initiation_delay"": 0.33695890361968067, ""adhd_inattentive.emotional.frustration"": 0.2321402411115372, ""adhd_inattentive.emotional.self_esteem"": -0.19263000951221856, ""adhd_inattentive.emotional.shame"": 0.11487569180550081, ""base_cognitive.att_bandwidth"": 2, ""base_cognitive.conflict_tendency"": 0.049064891728703264, ""base_cognitive.importance_trigger"": 103.84158484329032, ""base_cognitive.impulse_override"": 0.07449813993179043, ""base_cognitive.plan_consistency"": 0.9380302592039452, ""base_cognitive.recency_decay"": 0.9880434695170736, ""base_cognitive.retention"": 5, ""base_cognitive.social_sensitivity"": 0.4695866864704437, ""base_cognitive.task_initiation_delay"": 0.0194311987399193, ""base_cognitive.vision_r"": 3, ""base_emotional.anger"": 0.05276521371324281, ""base_emotional.anxiety"": 0.07992120172871926, ""base_emotional.excitement"": 0.17497176559880684, ""base_emotional.frustration"": 0.10884291522739148, ""base_emotional.loneliness"": 0.14383250401071818, ""base_emotional.self_esteem"": 0.6228659322354497, ""base_emotional.shame"": 0.11768794759825237, ""base_emotional.trust_in_teacher"": 0.7199386467784947}"		
1778047145.968	1	16	0.744510	0.521169	0.829522	0.000000	"{""adhd_hyperactive_impulsive.cognitive.conflict_tendency"": 0.1999424492920551, ""adhd_hyperactive_impulsive.cognitive.impulse_override"": 0.36815266305404837, ""adhd_hyperactive_impulsive.cognitive.plan_consistency"": -0.3924106332971127, ""adhd_hyperactive_impulsive.emotional.anger"": 0.14370605492777894, ""adhd_hyperactive_impulsive.emotional.excitement"": 0.2458779918821418, ""adhd_inattentive.cognitive.att_bandwidth"": -2, ""adhd_inattentive.cognitive.plan_consistency"": -0.4309940530011353, ""adhd_inattentive.cognitive.retention"": -2, ""adhd_inattentive.cognitive.task_initiation_delay"": 0.4434606693260854, ""adhd_inattentive.emotional.frustration"": 0.20012350774200371, ""adhd_inattentive.emotional.self_esteem"": -0.2780945305954745, ""adhd_inattentive.emotional.shame"": 0.14691062305225022, ""base_cognitive.att_bandwidth"": 2, ""base_cognitive.conflict_tendency"": 0.10090456453053016, ""base_cognitive.importance_trigger"": 113.67780085236623, ""base_cognitive.impulse_override"": 0.050420983655246096, ""base_cognitive.plan_consistency"": 0.8978266620538494, ""base_cognitive.recency_decay"": 0.9887188953642556, ""base_cognitive.retention"": 4, ""base_cognitive.social_sensitivity"": 0.4127012707395686, ""base_cognitive.task_initiation_delay"": 0.0067707313873659365, ""base_cognitive.vision_r"": 4, ""base_emotional.anger"": 0.058389168631521715, ""base_emotional.anxiety"": 0.13775949153912906, ""base_emotional.excitement"": 0.26330197206502537, ""base_emotional.frustration"": 0.14848782062705873, ""base_emotional.loneliness"": 0.12136979908358524, ""base_emotional.self_esteem"": 0.6827325911861142, ""base_emotional.shame"": 0.041649526015040655, ""base_emotional.trust_in_teacher"": 0.6166712121937626}"		
1778047146.621	1	17	0.918497	0.814995	0.823750	0.000000	"{""adhd_hyperactive_impulsive.cognitive.conflict_tendency"": 0.2233841698978609, ""adhd_hyperactive_impulsive.cognitive.impulse_override"": 0.3864811845613095, ""adhd_hyperactive_impulsive.cognitive.plan_consistency"": -0.5114008262160663, ""adhd_hyperactive_impulsive.emotional.anger"": 0.12090802274233362, ""adhd_hyperactive_impulsive.emotional.excitement"": 0.12431134256862508, ""adhd_inattentive.cognitive.att_bandwidth"": -1, ""adhd_inattentive.cognitive.plan_consistency"": -0.33416860237721907, ""adhd_inattentive.cognitive.retention"": -4, ""adhd_inattentive.cognitive.task_initiation_delay"": 0.43394748156929847, ""adhd_inattentive.emotional.frustration"": 0.13886448463358517, ""adhd_inattentive.emotional.self_esteem"": -0.31920354264837797, ""adhd_inattentive.emotional.shame"": 0.1890062509909654, ""base_cognitive.att_bandwidth"": 4, ""base_cognitive.conflict_tendency"": 0.08872179116000486, ""base_cognitive.importance_trigger"": 141.3381126847267, ""base_cognitive.impulse_override"": 0.04410109896599559, ""base_cognitive.plan_consistency"": 0.7542078433655632, ""base_cognitive.recency_decay"": 0.9850526531074051, ""base_cognitive.retention"": 6, ""base_cognitive.social_sensitivity"": 0.34689192445894634, ""base_cognitive.task_initiation_delay"": 0.018055264570849973, ""base_cognitive.vision_r"": 3, ""base_emotional.anger"": 0.08359390441822412, ""base_emotional.anxiety"": 0.17885274999180456, ""base_emotional.excitement"": 0.1840762952021383, ""base_emotional.frustration"": 0.09217978599842219, ""base_emotional.loneliness"": 0.10091507181775085, ""base_emotional.self_esteem"": 0.7195877290649303, ""base_emotional.shame"": 0.1311794998675197, ""base_emotional.trust_in_teacher"": 0.7052656546974091}"		
1778047147.262	1	18	0.817062	0.653872	0.811847	0.000000	"{""adhd_hyperactive_impulsive.cognitive.conflict_tendency"": 0.15024243661754455, ""adhd_hyperactive_impulsive.cognitive.impulse_override"": 0.39242408067947127, ""adhd_hyperactive_impulsive.cognitive.plan_consistency"": -0.4208611831665222, ""adhd_hyperactive_impulsive.emotional.anger"": 0.13738962711165767, ""adhd_hyperactive_impulsive.emotional.excitement"": 0.1240130665943695, ""adhd_inattentive.cognitive.att_bandwidth"": -2, ""adhd_inattentive.cognitive.plan_consistency"": -0.3861305216566618, ""adhd_inattentive.cognitive.retention"": -4, ""adhd_inattentive.cognitive.task_initiation_delay"": 0.300589569468253, ""adhd_inattentive.emotional.frustration"": 0.17166749289832525, ""adhd_inattentive.emotional.self_esteem"": -0.22607053132654667, ""adhd_inattentive.emotional.shame"": 0.2267590776698331, ""base_cognitive.att_bandwidth"": 4, ""base_cognitive.conflict_tendency"": 0.0747452437916132, ""base_cognitive.importance_trigger"": 141.17352143055945, ""base_cognitive.impulse_override"": 0.07582679008217527, ""base_cognitive.plan_consistency"": 0.9102499739729455, ""base_cognitive.recency_decay"": 0.987273745807134, ""base_cognitive.retention"": 6, ""base_cognitive.social_sensitivity"": 0.4029098476929561, ""base_cognitive.task_initiation_delay"": 0.03818578121229804, ""base_cognitive.vision_r"": 4, ""base_emotional.anger"": 0.14099774097297751, ""base_emotional.anxiety"": 0.17742901543205147, ""base_emotional.excitement"": 0.2138897702146786, ""base_emotional.frustration"": 0.1877440803095246, ""base_emotional.loneliness"": 0.1322412240066659, ""base_emotional.self_esteem"": 0.6414913054971798, ""base_emotional.shame"": 0.0975579456142297, ""base_emotional.trust_in_teacher"": 0.739815099488103}"		
1778047147.848	1	19	0.936051	0.812456	0.871444	0.000000	"{""adhd_hyperactive_impulsive.cognitive.conflict_tendency"": 0.11669333336268756, ""adhd_hyperactive_impulsive.cognitive.impulse_override"": 0.33727415244704445, ""adhd_hyperactive_impulsive.cognitive.plan_consistency"": -0.5421765436559918, ""adhd_hyperactive_impulsive.emotional.anger"": 0.17958466803451376, ""adhd_hyperactive_impulsive.emotional.excitement"": 0.10082186765305058, ""adhd_inattentive.cognitive.att_bandwidth"": -1, ""adhd_inattentive.cognitive.plan_consistency"": -0.41978374204621055, ""adhd_inattentive.cognitive.retention"": -4, ""adhd_inattentive.cognitive.task_initiation_delay"": 0.3594873597092017, ""adhd_inattentive.emotional.frustration"": 0.12165805583013989, ""adhd_inattentive.emotional.self_esteem"": -0.32569474493736156, ""adhd_inattentive.emotional.shame"": 0.18682452655667747, ""base_cognitive.att_bandwidth"": 3, ""base_cognitive.conflict_tendency"": 0.07639237618898444, ""base_cognitive.importance_trigger"": 102.44167502564704, ""base_cognitive.impulse_override"": 0.051684227466651175, ""base_cognitive.plan_consistency"": 0.7538356812610824, ""base_cognitive.recency_decay"": 0.9896301507633019, ""base_cognitive.retention"": 5, ""base_cognitive.social_sensitivity"": 0.4787954352357189, ""base_cognitive.task_initiation_delay"": 0.02328162328020521, ""base_cognitive.vision_r"": 5, ""base_emotional.anger"": 0.06013166257136919, ""base_emotional.anxiety"": 0.06105819282215764, ""base_emotional.excitement"": 0.23003820340860195, ""base_emotional.frustration"": 0.07509713821232232, ""base_emotional.loneliness"": 0.1265656689923842, ""base_emotional.self_esteem"": 0.7438330567379888, ""base_emotional.shame"": 0.11025213404376062, ""base_emotional.trust_in_teacher"": 0.5931464867816104}"		
1778047148.498	1	20	0.900666	0.812026	0.783626	0.000000	"{""adhd_hyperactive_impulsive.cognitive.conflict_tendency"": 0.14423286894891216, ""adhd_hyperactive_impulsive.cognitive.impulse_override"": 0.273372544603914, ""adhd_hyperactive_impulsive.cognitive.plan_consistency"": -0.49064309455052246, ""adhd_hyperactive_impulsive.emotional.anger"": 0.2086184820024899, ""adhd_hyperactive_impulsive.emotional.excitement"": 0.22132995162841612, ""adhd_inattentive.cognitive.att_bandwidth"": -1, ""adhd_inattentive.cognitive.plan_consistency"": -0.2501399888513501, ""adhd_inattentive.cognitive.retention"": -2, ""adhd_inattentive.cognitive.task_initiation_delay"": 0.3094947443746821, ""adhd_inattentive.emotional.frustration"": 0.20641520847788675, ""adhd_inattentive.emotional.self_esteem"": -0.34698701583044705, ""adhd_inattentive.emotional.shame"": 0.24454935217246637, ""base_cognitive.att_bandwidth"": 3, ""base_cognitive.conflict_tendency"": 0.036613130394753134, ""base_cognitive.importance_trigger"": 141.7938463164907, ""base_cognitive.impulse_override"": 0.06196838303032666, ""base_cognitive.plan_consistency"": 0.8047905577257392, ""base_cognitive.recency_decay"": 0.980939935356725, ""base_cognitive.retention"": 6, ""base_cognitive.social_sensitivity"": 0.5769161449424534, ""base_cognitive.task_initiation_delay"": 0.09964556287745874, ""base_cognitive.vision_r"": 5, ""base_emotional.anger"": 0.08532975341506753, ""base_emotional.anxiety"": 0.1771395057418167, ""base_emotional.excitement"": 0.24144352927179036, ""base_emotional.frustration"": 0.09739469203839171, ""base_emotional.loneliness"": 0.06237793454154419, ""base_emotional.self_esteem"": 0.7521849904769765, ""base_emotional.shame"": 0.09085231257780763, ""base_emotional.trust_in_teacher"": 0.7036036193942576}"		
1778047149.036	1	21	0.936984	0.815143	0.869746	0.000000	"{""adhd_hyperactive_impulsive.cognitive.conflict_tendency"": 0.11353459932206969, ""adhd_hyperactive_impulsive.cognitive.impulse_override"": 0.28834209064867566, ""adhd_hyperactive_impulsive.cognitive.plan_consistency"": -0.45503868451131807, ""adhd_hyperactive_impulsive.emotional.anger"": 0.16949625956102538, ""adhd_hyperactive_impulsive.emotional.excitement"": 0.17127868085087594, ""adhd_inattentive.cognitive.att_bandwidth"": -1, ""adhd_inattentive.cognitive.plan_consistency"": -0.41771817807776596, ""adhd_inattentive.cognitive.retention"": -2, ""adhd_inattentive.cognitive.task_initiation_delay"": 0.35063212156287965, ""adhd_inattentive.emotional.frustration"": 0.145832201860419, ""adhd_inattentive.emotional.self_esteem"": -0.2713024737747767, ""adhd_inattentive.emotional.shame"": 0.16807712232843236, ""base_cognitive.att_bandwidth"": 2, ""base_cognitive.conflict_tendency"": 0.04800996997651508, ""base_cognitive.importance_trigger"": 101.78010343299077, ""base_cognitive.impulse_override"": 0.05034354675670806, ""base_cognitive.plan_consistency"": 0.7612834859941212, ""base_cognitive.recency_decay"": 0.9887898046641432, ""base_cognitive.retention"": 5, ""base_cognitive.social_sensitivity"": 0.511073319354542, ""base_cognitive.task_initiation_delay"": 0.016866932777128276, ""base_cognitive.vision_r"": 4, ""base_emotional.anger"": 0.075145208968461, ""base_emotional.anxiety"": 0.17903822593229007, ""base_emotional.excitement"": 0.2703161536427114, ""base_emotional.frustration"": 0.07874767596082824, ""base_emotional.loneliness"": 0.07675441345766879, ""base_emotional.self_esteem"": 0.7169961406358947, ""base_emotional.shame"": 0.07056600278894606, ""base_emotional.trust_in_teacher"": 0.617495875960189}"		
1778047149.581	1	22	0.846383	0.704460	0.809267	0.000000	"{""adhd_hyperactive_impulsive.cognitive.conflict_tendency"": 0.20111472953139287, ""adhd_hyperactive_impulsive.cognitive.impulse_override"": 0.3003669871689034, ""adhd_hyperactive_impulsive.cognitive.plan_consistency"": -0.4494623888801051, ""adhd_hyperactive_impulsive.emotional.anger"": 0.2187281039743066, ""adhd_hyperactive_impulsive.emotional.excitement"": 0.24781136795091155, ""adhd_inattentive.cognitive.att_bandwidth"": -3, ""adhd_inattentive.cognitive.plan_consistency"": -0.4077183644194024, ""adhd_inattentive.cognitive.retention"": -2, ""adhd_inattentive.cognitive.task_initiation_delay"": 0.47955951706185695, ""adhd_inattentive.emotional.frustration"": 0.19356351919404777, ""adhd_inattentive.emotional.self_esteem"": -0.24301052864910536, ""adhd_inattentive.emotional.shame"": 0.2167339301531351, ""base_cognitive.att_bandwidth"": 3, ""base_cognitive.conflict_tendency"": 0.07416991187301536, ""base_cognitive.importance_trigger"": 123.64347888975007, ""base_cognitive.impulse_override"": 0.07631966630447712, ""base_cognitive.plan_consistency"": 0.9159315417382536, ""base_cognitive.recency_decay"": 0.984453194878393, ""base_cognitive.retention"": 4, ""base_cognitive.social_sensitivity"": 0.4139787854178928, ""base_cognitive.task_initiation_delay"": 0.05845792135201632, ""base_cognitive.vision_r"": 4, ""base_emotional.anger"": 0.091952858505927, ""base_emotional.anxiety"": 0.1394368536420498, ""base_emotional.excitement"": 0.23754572895917944, ""base_emotional.frustration"": 0.1751535424898501, ""base_emotional.loneliness"": 0.14177444622313362, ""base_emotional.self_esteem"": 0.6456567849262703, ""base_emotional.shame"": 0.08575396975519148, ""base_emotional.trust_in_teacher"": 0.6835649297971018}"		
1778047150.092	1	23	0.927157	0.818413	0.840273	0.000000	"{""adhd_hyperactive_impulsive.cognitive.conflict_tendency"": 0.14275218070020185, ""adhd_hyperactive_impulsive.cognitive.impulse_override"": 0.33150340462540884, ""adhd_hyperactive_impulsive.cognitive.plan_consistency"": -0.5133709082830897, ""adhd_hyperactive_impulsive.emotional.anger"": 0.16930772937191868, ""adhd_hyperactive_impulsive.emotional.excitement"": 0.19445143054263142, ""adhd_inattentive.cognitive.att_bandwidth"": -1, ""adhd_inattentive.cognitive.plan_consistency"": -0.32577227416311977, ""adhd_inattentive.cognitive.retention"": -2, ""adhd_inattentive.cognitive.task_initiation_delay"": 0.43396889007223827, ""adhd_inattentive.emotional.frustration"": 0.16996987366490168, ""adhd_inattentive.emotional.self_esteem"": -0.3334032010871872, ""adhd_inattentive.emotional.shame"": 0.176371189771158, ""base_cognitive.att_bandwidth"": 2, ""base_cognitive.conflict_tendency"": 0.0879111550000086, ""base_cognitive.importance_trigger"": 110.84454607378875, ""base_cognitive.impulse_override"": 0.03891928316470929, ""base_cognitive.plan_consistency"": 0.7652211509167448, ""base_cognitive.recency_decay"": 0.9849236127154978, ""base_cognitive.retention"": 4, ""base_cognitive.social_sensitivity"": 0.4352404969968422, ""base_cognitive.task_initiation_delay"": 0.06159733632033763, ""base_cognitive.vision_r"": 5, ""base_emotional.anger"": 0.07729366663756362, ""base_emotional.anxiety"": 0.1483611659095467, ""base_emotional.excitement"": 0.2948355676274166, ""base_emotional.frustration"": 0.10614630330447986, ""base_emotional.loneliness"": 0.0529511153471567, ""base_emotional.self_esteem"": 0.6542314081319449, ""base_emotional.shame"": 0.1227309396996525, ""base_emotional.trust_in_teacher"": 0.7238013742192946}"		
1778047150.675	1	24	0.921458	0.806878	0.843330	0.000000	"{""adhd_hyperactive_impulsive.cognitive.conflict_tendency"": 0.17840865994323846, ""adhd_hyperactive_impulsive.cognitive.impulse_override"": 0.27742048320481694, ""adhd_hyperactive_impulsive.cognitive.plan_consistency"": -0.35165918761352605, ""adhd_hyperactive_impulsive.emotional.anger"": 0.1817877084529786, ""adhd_hyperactive_impulsive.emotional.excitement"": 0.19119744345205192, ""adhd_inattentive.cognitive.att_bandwidth"": -2, ""adhd_inattentive.cognitive.plan_consistency"": -0.3501137313497979, ""adhd_inattentive.cognitive.retention"": -2, ""adhd_inattentive.cognitive.task_initiation_delay"": 0.41283674937318987, ""adhd_inattentive.emotional.frustration"": 0.14919038420565828, ""adhd_inattentive.emotional.self_esteem"": -0.2535760283195813, ""adhd_inattentive.emotional.shame"": 0.17139702846460436, ""base_cognitive.att_bandwidth"": 3, ""base_cognitive.conflict_tendency"": 0.08497209243147195, ""base_cognitive.importance_trigger"": 127.2063194705945, ""base_cognitive.impulse_override"": 0.11642619252352147, ""base_cognitive.plan_consistency"": 0.7676491352900652, ""base_cognitive.recency_decay"": 0.9866835447467509, ""base_cognitive.retention"": 5, ""base_cognitive.social_sensitivity"": 0.3848838063147231, ""base_cognitive.task_initiation_delay"": 0.06812928819416701, ""base_cognitive.vision_r"": 5, ""base_emotional.anger"": 0.1437578174935947, ""base_emotional.anxiety"": 0.14100665854347783, ""base_emotional.excitement"": 0.21295564764942732, ""base_emotional.frustration"": 0.1051290877078016, ""base_emotional.loneliness"": 0.10378611249003765, ""base_emotional.self_esteem"": 0.6330982379802713, ""base_emotional.shame"": 0.0632007856769137, ""base_emotional.trust_in_teacher"": 0.5674641862486016}"		
1778047151.243	1	25	0.902333	0.802526	0.802044	0.000000	"{""adhd_hyperactive_impulsive.cognitive.conflict_tendency"": 0.17132328746008346, ""adhd_hyperactive_impulsive.cognitive.impulse_override"": 0.3079474711744267, ""adhd_hyperactive_impulsive.cognitive.plan_consistency"": -0.38769958721921693, ""adhd_hyperactive_impulsive.emotional.anger"": 0.17938026159547807, ""adhd_hyperactive_impulsive.emotional.excitement"": 0.14315173503113093, ""adhd_inattentive.cognitive.att_bandwidth"": -1, ""adhd_inattentive.cognitive.plan_consistency"": -0.2831989698374796, ""adhd_inattentive.cognitive.retention"": -3, ""adhd_inattentive.cognitive.task_initiation_delay"": 0.4705025846238888, ""adhd_inattentive.emotional.frustration"": 0.15354032458746825, ""adhd_inattentive.emotional.self_esteem"": -0.24053414288168623, ""adhd_inattentive.emotional.shame"": 0.21032710963460477, ""base_cognitive.att_bandwidth"": 2, ""base_cognitive.conflict_tendency"": 0.03267094592640062, ""base_cognitive.importance_trigger"": 166.23308038550718, ""base_cognitive.impulse_override"": 0.051765320479660884, ""base_cognitive.plan_consistency"": 0.8254004008351494, ""base_cognitive.recency_decay"": 0.9819302531239478, ""base_cognitive.retention"": 6, ""base_cognitive.social_sensitivity"": 0.4383581518621137, ""base_cognitive.task_initiation_delay"": 0.07380434181743724, ""base_cognitive.vision_r"": 3, ""base_emotional.anger"": 0.05306716431787177, ""base_emotional.anxiety"": 0.08737031868103402, ""base_emotional.excitement"": 0.2611813123713858, ""base_emotional.frustration"": 0.12154570013482505, ""base_emotional.loneliness"": 0.0994342900351104, ""base_emotional.self_esteem"": 0.6366856127557844, ""base_emotional.shame"": 0.0531548599695941, ""base_emotional.trust_in_teacher"": 0.571703726147532}"		
1778047151.783	1	26	0.856274	0.691793	0.852996	0.000000	"{""adhd_hyperactive_impulsive.cognitive.conflict_tendency"": 0.11309287944055385, ""adhd_hyperactive_impulsive.cognitive.impulse_override"": 0.3229001693173784, ""adhd_hyperactive_impulsive.cognitive.plan_consistency"": -0.4401456758861735, ""adhd_hyperactive_impulsive.emotional.anger"": 0.2230317286960919, ""adhd_hyperactive_impulsive.emotional.excitement"": 0.1967883654210162, ""adhd_inattentive.cognitive.att_bandwidth"": -3, ""adhd_inattentive.cognitive.plan_consistency"": -0.4367959914957735, ""adhd_inattentive.cognitive.retention"": -2, ""adhd_inattentive.cognitive.task_initiation_delay"": 0.300799619517074, ""adhd_inattentive.emotional.frustration"": 0.14768296288111762, ""adhd_inattentive.emotional.self_esteem"": -0.24024327972182435, ""adhd_inattentive.emotional.shame"": 0.1579694682730547, ""base_cognitive.att_bandwidth"": 2, ""base_cognitive.conflict_tendency"": 0.06366073247729337, ""base_cognitive.importance_trigger"": 152.2244445287042, ""base_cognitive.impulse_override"": 0.03998574196806291, ""base_cognitive.plan_consistency"": 0.8090414125230645, ""base_cognitive.recency_decay"": 0.9870658471927106, ""base_cognitive.retention"": 5, ""base_cognitive.social_sensitivity"": 0.4191255177079314, ""base_cognitive.task_initiation_delay"": 0.046779436085711334, ""base_cognitive.vision_r"": 3, ""base_emotional.anger"": 0.08744515230507602, ""base_emotional.anxiety"": 0.08908388152495313, ""base_emotional.excitement"": 0.17546756757992166, ""base_emotional.frustration"": 0.17449178199462803, ""base_emotional.loneliness"": 0.06278270468291774, ""base_emotional.self_esteem"": 0.6010748763491519, ""base_emotional.shame"": 0.08030809067447633, ""base_emotional.trust_in_teacher"": 0.6825193267114014}"		
1778047152.422	1	27	0.927699	0.807029	0.858705	0.000000	"{""adhd_hyperactive_impulsive.cognitive.conflict_tendency"": 0.15303315376776627, ""adhd_hyperactive_impulsive.cognitive.impulse_override"": 0.2975913158876615, ""adhd_hyperactive_impulsive.cognitive.plan_consistency"": -0.46781448947903537, ""adhd_hyperactive_impulsive.emotional.anger"": 0.1665868019560492, ""adhd_hyperactive_impulsive.emotional.excitement"": 0.22132809494605493, ""adhd_inattentive.cognitive.att_bandwidth"": -3, ""adhd_inattentive.cognitive.plan_consistency"": -0.4409397457437479, ""adhd_inattentive.cognitive.retention"": -4, ""adhd_inattentive.cognitive.task_initiation_delay"": 0.31003438131765626, ""adhd_inattentive.emotional.frustration"": 0.12516693876203208, ""adhd_inattentive.emotional.self_esteem"": -0.18965659648384295, ""adhd_inattentive.emotional.shame"": 0.211730605808238, ""base_cognitive.att_bandwidth"": 3, ""base_cognitive.conflict_tendency"": 0.03103165118252542, ""base_cognitive.importance_trigger"": 103.43213359512069, ""base_cognitive.impulse_override"": 0.09645218577941048, ""base_cognitive.plan_consistency"": 0.8212620146822598, ""base_cognitive.recency_decay"": 0.9886992224267991, ""base_cognitive.retention"": 6, ""base_cognitive.social_sensitivity"": 0.3243548298069472, ""base_cognitive.task_initiation_delay"": 0.031648559527235276, ""base_cognitive.vision_r"": 5, ""base_emotional.anger"": 0.08619227834543708, ""base_emotional.anxiety"": 0.17972573528030844, ""base_emotional.excitement"": 0.20517278696134716, ""base_emotional.frustration"": 0.15078038436732716, ""base_emotional.loneliness"": 0.03291310435875964, ""base_emotional.self_esteem"": 0.7739538367852855, ""base_emotional.shame"": 0.13770540696655514, ""base_emotional.trust_in_teacher"": 0.6744402796529756}"		
1778047153.065	1	28	0.756614	0.571939	0.783626	0.000000	"{""adhd_hyperactive_impulsive.cognitive.conflict_tendency"": 0.2112413199606229, ""adhd_hyperactive_impulsive.cognitive.impulse_override"": 0.3482791765174647, ""adhd_hyperactive_impulsive.cognitive.plan_consistency"": -0.3684429349323595, ""adhd_hyperactive_impulsive.emotional.anger"": 0.15957769074412637, ""adhd_hyperactive_impulsive.emotional.excitement"": 0.16211502510548342, ""adhd_inattentive.cognitive.att_bandwidth"": -2, ""adhd_inattentive.cognitive.plan_consistency"": -0.26819243437660967, ""adhd_inattentive.cognitive.retention"": -4, ""adhd_inattentive.cognitive.task_initiation_delay"": 0.468015852270976, ""adhd_inattentive.emotional.frustration"": 0.2153141344819336, ""adhd_inattentive.emotional.self_esteem"": -0.2707052652163848, ""adhd_inattentive.emotional.shame"": 0.167448455288771, ""base_cognitive.att_bandwidth"": 4, ""base_cognitive.conflict_tendency"": 0.08934463770541225, ""base_cognitive.importance_trigger"": 166.52835778994842, ""base_cognitive.impulse_override"": 0.08114087183481264, ""base_cognitive.plan_consistency"": 0.9191288712684675, ""base_cognitive.recency_decay"": 0.9904574237043843, ""base_cognitive.retention"": 6, ""base_cognitive.social_sensitivity"": 0.5981592824014417, ""base_cognitive.task_initiation_delay"": 0.061580932095299794, ""base_cognitive.vision_r"": 3, ""base_emotional.anger"": 0.1410044618527952, ""base_emotional.anxiety"": 0.052762050526898495, ""base_emotional.excitement"": 0.27257725087632984, ""base_emotional.frustration"": 0.18566919092491313, ""base_emotional.loneliness"": 0.03837070523452649, ""base_emotional.self_esteem"": 0.6818479469415585, ""base_emotional.shame"": 0.1280811820155111, ""base_emotional.trust_in_teacher"": 0.5871028464122465}"		
1778047153.590	1	29	0.931418	0.814086	0.857416	0.000000	"{""adhd_hyperactive_impulsive.cognitive.conflict_tendency"": 0.1729143305970629, ""adhd_hyperactive_impulsive.cognitive.impulse_override"": 0.2554112434824454, ""adhd_hyperactive_impulsive.cognitive.plan_consistency"": -0.49443777320376736, ""adhd_hyperactive_impulsive.emotional.anger"": 0.23967720411903964, ""adhd_hyperactive_impulsive.emotional.excitement"": 0.19894585742072626, ""adhd_inattentive.cognitive.att_bandwidth"": -1, ""adhd_inattentive.cognitive.plan_consistency"": -0.3622644956852885, ""adhd_inattentive.cognitive.retention"": -2, ""adhd_inattentive.cognitive.task_initiation_delay"": 0.3126213331555988, ""adhd_inattentive.emotional.frustration"": 0.136550586547382, ""adhd_inattentive.emotional.self_esteem"": -0.20551567103631188, ""adhd_inattentive.emotional.shame"": 0.14227052037895155, ""base_cognitive.att_bandwidth"": 3, ""base_cognitive.conflict_tendency"": 0.11651238761744889, ""base_cognitive.importance_trigger"": 112.24551457183938, ""base_cognitive.impulse_override"": 0.04521473023214184, ""base_cognitive.plan_consistency"": 0.7667321124467744, ""base_cognitive.recency_decay"": 0.991283707020826, ""base_cognitive.retention"": 4, ""base_cognitive.social_sensitivity"": 0.5007223413073644, ""base_cognitive.task_initiation_delay"": 0.008778147271160918, ""base_cognitive.vision_r"": 5, ""base_emotional.anger"": 0.10668110008463573, ""base_emotional.anxiety"": 0.1710672226715157, ""base_emotional.excitement"": 0.15596710717263843, ""base_emotional.frustration"": 0.06568410548131402, ""base_emotional.loneliness"": 0.11053965307472731, ""base_emotional.self_esteem"": 0.6813701815963531, ""base_emotional.shame"": 0.05121421786440763, ""base_emotional.trust_in_teacher"": 0.657850717822238}"		
1778047154.161	1	30	0.936004	0.802860	0.885721	0.000000	"{""adhd_hyperactive_impulsive.cognitive.conflict_tendency"": 0.17562979958640634, ""adhd_hyperactive_impulsive.cognitive.impulse_override"": 0.38221321071569875, ""adhd_hyperactive_impulsive.cognitive.plan_consistency"": -0.4630763778065374, ""adhd_hyperactive_impulsive.emotional.anger"": 0.23619656167821054, ""adhd_hyperactive_impulsive.emotional.excitement"": 0.2169679196741941, ""adhd_inattentive.cognitive.att_bandwidth"": -3, ""adhd_inattentive.cognitive.plan_consistency"": -0.42606352582842316, ""adhd_inattentive.cognitive.retention"": -4, ""adhd_inattentive.cognitive.task_initiation_delay"": 0.36792840912317426, ""adhd_inattentive.emotional.frustration"": 0.2039933802122838, ""adhd_inattentive.emotional.self_esteem"": -0.28053677580146924, ""adhd_inattentive.emotional.shame"": 0.22345189574900176, ""base_cognitive.att_bandwidth"": 2, ""base_cognitive.conflict_tendency"": 0.04772707764732434, ""base_cognitive.importance_trigger"": 127.38887863036999, ""base_cognitive.impulse_override"": 0.08323294901529377, ""base_cognitive.plan_consistency"": 0.7818561626657513, ""base_cognitive.recency_decay"": 0.9899026826285742, ""base_cognitive.retention"": 6, ""base_cognitive.social_sensitivity"": 0.47167098980364164, ""base_cognitive.task_initiation_delay"": 0.0899726973364347, ""base_cognitive.vision_r"": 3, ""base_emotional.anger"": 0.05082853833857246, ""base_emotional.anxiety"": 0.16414095000298823, ""base_emotional.excitement"": 0.1714116552469221, ""base_emotional.frustration"": 0.07585800528095543, ""base_emotional.loneliness"": 0.05516652713088917, ""base_emotional.self_esteem"": 0.7081821092299491, ""base_emotional.shame"": 0.06497414268223775, ""base_emotional.trust_in_teacher"": 0.6137034107274013}"		
1778047154.701	1	31	0.734768	0.522163	0.803676	0.000000	"{""adhd_hyperactive_impulsive.cognitive.conflict_tendency"": 0.2375282084533363, ""adhd_hyperactive_impulsive.cognitive.impulse_override"": 0.28439024962699855, ""adhd_hyperactive_impulsive.cognitive.plan_consistency"": -0.3868691004288545, ""adhd_hyperactive_impulsive.emotional.anger"": 0.13858847484272316, ""adhd_hyperactive_impulsive.emotional.excitement"": 0.24630296471933089, ""adhd_inattentive.cognitive.att_bandwidth"": -3, ""adhd_inattentive.cognitive.plan_consistency"": -0.3058689211990532, ""adhd_inattentive.cognitive.retention"": -4, ""adhd_inattentive.cognitive.task_initiation_delay"": 0.3883573108265271, ""adhd_inattentive.emotional.frustration"": 0.19333471957597437, ""adhd_inattentive.emotional.self_esteem"": -0.2583604350862388, ""adhd_inattentive.emotional.shame"": 0.22421528420333312, ""base_cognitive.att_bandwidth"": 4, ""base_cognitive.conflict_tendency"": 0.09137741634081692, ""base_cognitive.importance_trigger"": 102.3942688155481, ""base_cognitive.impulse_override"": 0.04117252962113753, ""base_cognitive.plan_consistency"": 0.8709398534876909, ""base_cognitive.recency_decay"": 0.9822108419860803, ""base_cognitive.retention"": 4, ""base_cognitive.social_sensitivity"": 0.48362853186522037, ""base_cognitive.task_initiation_delay"": 0.08557658388235492, ""base_cognitive.vision_r"": 3, ""base_emotional.anger"": 0.09170960607282153, ""base_emotional.anxiety"": 0.14505258373854135, ""base_emotional.excitement"": 0.23595863220836522, ""base_emotional.frustration"": 0.1797681391377966, ""base_emotional.loneliness"": 0.03221301516304209, ""base_emotional.self_esteem"": 0.7499547657446868, ""base_emotional.shame"": 0.11550061468308619, ""base_emotional.trust_in_teacher"": 0.7882014542249225}"		
1778047155.305	1	32	0.918884	0.805440	0.839049	0.000000	"{""adhd_hyperactive_impulsive.cognitive.conflict_tendency"": 0.24275182433116943, ""adhd_hyperactive_impulsive.cognitive.impulse_override"": 0.3319788064048744, ""adhd_hyperactive_impulsive.cognitive.plan_consistency"": -0.42491748569761595, ""adhd_hyperactive_impulsive.emotional.anger"": 0.22467929650502105, ""adhd_hyperactive_impulsive.emotional.excitement"": 0.20040128576751232, ""adhd_inattentive.cognitive.att_bandwidth"": -3, ""adhd_inattentive.cognitive.plan_consistency"": -0.40555587531841675, ""adhd_inattentive.cognitive.retention"": -2, ""adhd_inattentive.cognitive.task_initiation_delay"": 0.3995823881455405, ""adhd_inattentive.emotional.frustration"": 0.19037254400665743, ""adhd_inattentive.emotional.self_esteem"": -0.2632689505499053, ""adhd_inattentive.emotional.shame"": 0.13649068072410206, ""base_cognitive.att_bandwidth"": 3, ""base_cognitive.conflict_tendency"": 0.04624666710265966, ""base_cognitive.importance_trigger"": 107.34178285662198, ""base_cognitive.impulse_override"": 0.11276434213276289, ""base_cognitive.plan_consistency"": 0.9113720639494183, ""base_cognitive.recency_decay"": 0.9872425869357032, ""base_cognitive.retention"": 5, ""base_cognitive.social_sensitivity"": 0.5364159762988348, ""base_cognitive.task_initiation_delay"": 0.018415174953147397, ""base_cognitive.vision_r"": 3, ""base_emotional.anger"": 0.09697580012238746, ""base_emotional.anxiety"": 0.09937889663484697, ""base_emotional.excitement"": 0.18326002127320315, ""base_emotional.frustration"": 0.11909863007512068, ""base_emotional.loneliness"": 0.0747921059284127, ""base_emotional.self_esteem"": 0.6766991670913725, ""base_emotional.shame"": 0.05853172986024878, ""base_emotional.trust_in_teacher"": 0.6690439182154102}"		
1778047155.860	1	33	0.775437	0.591870	0.800787	0.000000	"{""adhd_hyperactive_impulsive.cognitive.conflict_tendency"": 0.19621425963558956, ""adhd_hyperactive_impulsive.cognitive.impulse_override"": 0.26596423449111767, ""adhd_hyperactive_impulsive.cognitive.plan_consistency"": -0.4118145269712826, ""adhd_hyperactive_impulsive.emotional.anger"": 0.15517410198692191, ""adhd_hyperactive_impulsive.emotional.excitement"": 0.14703796763419053, ""adhd_inattentive.cognitive.att_bandwidth"": -1, ""adhd_inattentive.cognitive.plan_consistency"": -0.3182989233953326, ""adhd_inattentive.cognitive.retention"": -2, ""adhd_inattentive.cognitive.task_initiation_delay"": 0.4944190168460615, ""adhd_inattentive.emotional.frustration"": 0.2105780622585962, ""adhd_inattentive.emotional.self_esteem"": -0.27151082471002386, ""adhd_inattentive.emotional.shame"": 0.1647249779554257, ""base_cognitive.att_bandwidth"": 3, ""base_cognitive.conflict_tendency"": 0.04621834677018523, ""base_cognitive.importance_trigger"": 100.31451111870925, ""base_cognitive.impulse_override"": 0.0545407346508334, ""base_cognitive.plan_consistency"": 0.8603413349368456, ""base_cognitive.recency_decay"": 0.9924722316800925, ""base_cognitive.retention"": 4, ""base_cognitive.social_sensitivity"": 0.5397510674535725, ""base_cognitive.task_initiation_delay"": 0.017156172591303486, ""base_cognitive.vision_r"": 5, ""base_emotional.anger"": 0.0730894905524703, ""base_emotional.anxiety"": 0.0978804128695113, ""base_emotional.excitement"": 0.24585561602384726, ""base_emotional.frustration"": 0.15189106781076606, ""base_emotional.loneliness"": 0.10851345832882939, ""base_emotional.self_esteem"": 0.6585082367975995, ""base_emotional.shame"": 0.0847990763840839, ""base_emotional.trust_in_teacher"": 0.7816618841671001}"		
1778047156.405	1	34	0.804998	0.610505	0.846737	0.000000	"{""adhd_hyperactive_impulsive.cognitive.conflict_tendency"": 0.1434074281106635, ""adhd_hyperactive_impulsive.cognitive.impulse_override"": 0.2914209976459847, ""adhd_hyperactive_impulsive.cognitive.plan_consistency"": -0.4544183465600802, ""adhd_hyperactive_impulsive.emotional.anger"": 0.1636255475626814, ""adhd_hyperactive_impulsive.emotional.excitement"": 0.12032421094008328, ""adhd_inattentive.cognitive.att_bandwidth"": -2, ""adhd_inattentive.cognitive.plan_consistency"": -0.3543322450010662, ""adhd_inattentive.cognitive.retention"": -4, ""adhd_inattentive.cognitive.task_initiation_delay"": 0.4267657729828281, ""adhd_inattentive.emotional.frustration"": 0.23406094853864484, ""adhd_inattentive.emotional.self_esteem"": -0.21833093012745217, ""adhd_inattentive.emotional.shame"": 0.1522712486531734, ""base_cognitive.att_bandwidth"": 2, ""base_cognitive.conflict_tendency"": 0.06959682256137062, ""base_cognitive.importance_trigger"": 138.2116744862333, ""base_cognitive.impulse_override"": 0.10952029577950016, ""base_cognitive.plan_consistency"": 0.7821103479760616, ""base_cognitive.recency_decay"": 0.9911433309768933, ""base_cognitive.retention"": 5, ""base_cognitive.social_sensitivity"": 0.494580036995538, ""base_cognitive.task_initiation_delay"": 0.07456745941295946, ""base_cognitive.vision_r"": 3, ""base_emotional.anger"": 0.1453516812066664, ""base_emotional.anxiety"": 0.057997082967797056, ""base_emotional.excitement"": 0.15566774155033092, ""base_emotional.frustration"": 0.1326719216471251, ""base_emotional.loneliness"": 0.05464094195587921, ""base_emotional.self_esteem"": 0.7790491766232351, ""base_emotional.shame"": 0.05223103636361931, ""base_emotional.trust_in_teacher"": 0.7791413871847411}"		
1778047156.948	1	35	0.916920	0.816714	0.817230	0.000000	"{""adhd_hyperactive_impulsive.cognitive.conflict_tendency"": 0.17080752250319398, ""adhd_hyperactive_impulsive.cognitive.impulse_override"": 0.26016250314863554, ""adhd_hyperactive_impulsive.cognitive.plan_consistency"": -0.4634850514548914, ""adhd_hyperactive_impulsive.emotional.anger"": 0.14127601881860347, ""adhd_hyperactive_impulsive.emotional.excitement"": 0.1223778157986907, ""adhd_inattentive.cognitive.att_bandwidth"": -2, ""adhd_inattentive.cognitive.plan_consistency"": -0.280353430825567, ""adhd_inattentive.cognitive.retention"": -2, ""adhd_inattentive.cognitive.task_initiation_delay"": 0.4893082609594667, ""adhd_inattentive.emotional.frustration"": 0.2243520738013498, ""adhd_inattentive.emotional.self_esteem"": -0.18528674639139206, ""adhd_inattentive.emotional.shame"": 0.1460441874158887, ""base_cognitive.att_bandwidth"": 4, ""base_cognitive.conflict_tendency"": 0.08139958778878076, ""base_cognitive.importance_trigger"": 119.86211879321874, ""base_cognitive.impulse_override"": 0.030996408804756306, ""base_cognitive.plan_consistency"": 0.7523355085169103, ""base_cognitive.recency_decay"": 0.9856853461473383, ""base_cognitive.retention"": 4, ""base_cognitive.social_sensitivity"": 0.41782205189108496, ""base_cognitive.task_initiation_delay"": 0.05619938347983064, ""base_cognitive.vision_r"": 5, ""base_emotional.anger"": 0.09207393792256054, ""base_emotional.anxiety"": 0.11315234086794083, ""base_emotional.excitement"": 0.1588310108125366, ""base_emotional.frustration"": 0.08800714691260714, ""base_emotional.loneliness"": 0.12466728015813375, ""base_emotional.self_esteem"": 0.668294543307063, ""base_emotional.shame"": 0.14095452361405986, ""base_emotional.trust_in_teacher"": 0.5722179595989475}"		
1778047157.608	1	36	0.919671	0.814871	0.826872	0.000000	"{""adhd_hyperactive_impulsive.cognitive.conflict_tendency"": 0.17732528038350856, ""adhd_hyperactive_impulsive.cognitive.impulse_override"": 0.3844012306073734, ""adhd_hyperactive_impulsive.cognitive.plan_consistency"": -0.48987723497342694, ""adhd_hyperactive_impulsive.emotional.anger"": 0.19717798239619483, ""adhd_hyperactive_impulsive.emotional.excitement"": 0.24526651390832196, ""adhd_inattentive.cognitive.att_bandwidth"": -3, ""adhd_inattentive.cognitive.plan_consistency"": -0.42687415248059546, ""adhd_inattentive.cognitive.retention"": -2, ""adhd_inattentive.cognitive.task_initiation_delay"": 0.4660282022582447, ""adhd_inattentive.emotional.frustration"": 0.1875989764773562, ""adhd_inattentive.emotional.self_esteem"": -0.30984000062650024, ""adhd_inattentive.emotional.shame"": 0.11970157610649333, ""base_cognitive.att_bandwidth"": 4, ""base_cognitive.conflict_tendency"": 0.05216165345155685, ""base_cognitive.importance_trigger"": 116.34495165211594, ""base_cognitive.impulse_override"": 0.032838149316543774, ""base_cognitive.plan_consistency"": 0.9150494041959448, ""base_cognitive.recency_decay"": 0.9931314753870507, ""base_cognitive.retention"": 6, ""base_cognitive.social_sensitivity"": 0.4181949818146994, ""base_cognitive.task_initiation_delay"": 0.011507612171307236, ""base_cognitive.vision_r"": 4, ""base_emotional.anger"": 0.03886273291378804, ""base_emotional.anxiety"": 0.16923036254062718, ""base_emotional.excitement"": 0.16296695120892707, ""base_emotional.frustration"": 0.09264452187928963, ""base_emotional.loneliness"": 0.09731520167837783, ""base_emotional.self_esteem"": 0.6430677149551849, ""base_emotional.shame"": 0.10633341580057774, ""base_emotional.trust_in_teacher"": 0.6861133614759609}"		
1778047158.176	1	37	0.916536	0.809446	0.827172	0.000000	"{""adhd_hyperactive_impulsive.cognitive.conflict_tendency"": 0.23395182430797204, ""adhd_hyperactive_impulsive.cognitive.impulse_override"": 0.2773680655493835, ""adhd_hyperactive_impulsive.cognitive.plan_consistency"": -0.43244373558800636, ""adhd_hyperactive_impulsive.emotional.anger"": 0.13815131800508512, ""adhd_hyperactive_impulsive.emotional.excitement"": 0.14943685660166944, ""adhd_inattentive.cognitive.att_bandwidth"": -2, ""adhd_inattentive.cognitive.plan_consistency"": -0.3686865996399113, ""adhd_inattentive.cognitive.retention"": -3, ""adhd_inattentive.cognitive.task_initiation_delay"": 0.4407164197777588, ""adhd_inattentive.emotional.frustration"": 0.1420256529026155, ""adhd_inattentive.emotional.self_esteem"": -0.29116885199991654, ""adhd_inattentive.emotional.shame"": 0.13572229960606835, ""base_cognitive.att_bandwidth"": 3, ""base_cognitive.conflict_tendency"": 0.045571723749845146, ""base_cognitive.importance_trigger"": 114.90073261832309, ""base_cognitive.impulse_override"": 0.09803753986055662, ""base_cognitive.plan_consistency"": 0.8769555879760003, ""base_cognitive.recency_decay"": 0.9906356192364352, ""base_cognitive.retention"": 5, ""base_cognitive.social_sensitivity"": 0.46619001282427264, ""base_cognitive.task_initiation_delay"": 0.0108660447280435, ""base_cognitive.vision_r"": 4, ""base_emotional.anger"": 0.09537160146267405, ""base_emotional.anxiety"": 0.05529813923619043, ""base_emotional.excitement"": 0.26652792552956567, ""base_emotional.frustration"": 0.07592745561246289, ""base_emotional.loneliness"": 0.060893674029962055, ""base_emotional.self_esteem"": 0.6536768292750949, ""base_emotional.shame"": 0.11523032859872712, ""base_emotional.trust_in_teacher"": 0.5892065291189471}"		
1778047158.749	1	38	0.904324	0.809194	0.797019	0.000000	"{""adhd_hyperactive_impulsive.cognitive.conflict_tendency"": 0.13313018031066418, ""adhd_hyperactive_impulsive.cognitive.impulse_override"": 0.3770998796449583, ""adhd_hyperactive_impulsive.cognitive.plan_consistency"": -0.3530496279608766, ""adhd_hyperactive_impulsive.emotional.anger"": 0.20916315657306736, ""adhd_hyperactive_impulsive.emotional.excitement"": 0.2059921416581204, ""adhd_inattentive.cognitive.att_bandwidth"": -2, ""adhd_inattentive.cognitive.plan_consistency"": -0.3185736169874358, ""adhd_inattentive.cognitive.retention"": -4, ""adhd_inattentive.cognitive.task_initiation_delay"": 0.4595632355302632, ""adhd_inattentive.emotional.frustration"": 0.19148385696622572, ""adhd_inattentive.emotional.self_esteem"": -0.23861484371930347, ""adhd_inattentive.emotional.shame"": 0.10756109326658099, ""base_cognitive.att_bandwidth"": 2, ""base_cognitive.conflict_tendency"": 0.0653208768783932, ""base_cognitive.importance_trigger"": 138.7635509238284, ""base_cognitive.impulse_override"": 0.06339997136876116, ""base_cognitive.plan_consistency"": 0.8971022864076335, ""base_cognitive.recency_decay"": 0.9917344108716587, ""base_cognitive.retention"": 6, ""base_cognitive.social_sensitivity"": 0.346102912140472, ""base_cognitive.task_initiation_delay"": 0.06693674543338542, ""base_cognitive.vision_r"": 3, ""base_emotional.anger"": 0.10024389826030682, ""base_emotional.anxiety"": 0.05000322939951974, ""base_emotional.excitement"": 0.21356130616410895, ""base_emotional.frustration"": 0.09446606978018932, ""base_emotional.loneliness"": 0.04505891433052427, ""base_emotional.self_esteem"": 0.7816639291301579, ""base_emotional.shame"": 0.04036701958924012, ""base_emotional.trust_in_teacher"": 0.7120274545334456}"		
1778047159.269	1	39	0.881934	0.767109	0.804172	0.000000	"{""adhd_hyperactive_impulsive.cognitive.conflict_tendency"": 0.14125424544255166, ""adhd_hyperactive_impulsive.cognitive.impulse_override"": 0.3919298422250965, ""adhd_hyperactive_impulsive.cognitive.plan_consistency"": -0.4087685392246415, ""adhd_hyperactive_impulsive.emotional.anger"": 0.2282798132339719, ""adhd_hyperactive_impulsive.emotional.excitement"": 0.10235866414863257, ""adhd_inattentive.cognitive.att_bandwidth"": -1, ""adhd_inattentive.cognitive.plan_consistency"": -0.3737136718437889, ""adhd_inattentive.cognitive.retention"": -4, ""adhd_inattentive.cognitive.task_initiation_delay"": 0.3272204951573501, ""adhd_inattentive.emotional.frustration"": 0.18276353017339544, ""adhd_inattentive.emotional.self_esteem"": -0.26469540969195376, ""adhd_inattentive.emotional.shame"": 0.16648774250045914, ""base_cognitive.att_bandwidth"": 4, ""base_cognitive.conflict_tendency"": 0.0645472040318617, ""base_cognitive.importance_trigger"": 130.90065903190273, ""base_cognitive.impulse_override"": 0.052617418294860906, ""base_cognitive.plan_consistency"": 0.899191563351484, ""base_cognitive.recency_decay"": 0.9820285873815322, ""base_cognitive.retention"": 4, ""base_cognitive.social_sensitivity"": 0.47586459172061746, ""base_cognitive.task_initiation_delay"": 0.02445556102091935, ""base_cognitive.vision_r"": 5, ""base_emotional.anger"": 0.13271004528692015, ""base_emotional.anxiety"": 0.08158791746542139, ""base_emotional.excitement"": 0.2934914508274577, ""base_emotional.frustration"": 0.15402741957459876, ""base_emotional.loneliness"": 0.08223727977265016, ""base_emotional.self_esteem"": 0.7129864677658561, ""base_emotional.shame"": 0.03836343749452592, ""base_emotional.trust_in_teacher"": 0.7723993461993898}"		
1778047159.816	1	40	0.930830	0.814476	0.855361	0.000000	"{""adhd_hyperactive_impulsive.cognitive.conflict_tendency"": 0.207896340037094, ""adhd_hyperactive_impulsive.cognitive.impulse_override"": 0.29792419078323695, ""adhd_hyperactive_impulsive.cognitive.plan_consistency"": -0.4420157099208405, ""adhd_hyperactive_impulsive.emotional.anger"": 0.1403922656154195, ""adhd_hyperactive_impulsive.emotional.excitement"": 0.17956946547257746, ""adhd_inattentive.cognitive.att_bandwidth"": -2, ""adhd_inattentive.cognitive.plan_consistency"": -0.37971109244321444, ""adhd_inattentive.cognitive.retention"": -3, ""adhd_inattentive.cognitive.task_initiation_delay"": 0.38870227982785044, ""adhd_inattentive.emotional.frustration"": 0.13351882712284766, ""adhd_inattentive.emotional.self_esteem"": -0.3300154616486339, ""adhd_inattentive.emotional.shame"": 0.16760226287843744, ""base_cognitive.att_bandwidth"": 4, ""base_cognitive.conflict_tendency"": 0.10194662989175445, ""base_cognitive.importance_trigger"": 148.23081232441072, ""base_cognitive.impulse_override"": 0.06352753645698223, ""base_cognitive.plan_consistency"": 0.7704836523952819, ""base_cognitive.recency_decay"": 0.9890930395896208, ""base_cognitive.retention"": 4, ""base_cognitive.social_sensitivity"": 0.5135314670255511, ""base_cognitive.task_initiation_delay"": 0.0017953506062908576, ""base_cognitive.vision_r"": 3, ""base_emotional.anger"": 0.13548768054034774, ""base_emotional.anxiety"": 0.12284067731970356, ""base_emotional.excitement"": 0.2563039923442383, ""base_emotional.frustration"": 0.06406367227067422, ""base_emotional.loneliness"": 0.1260609685803727, ""base_emotional.self_esteem"": 0.6253462740291494, ""base_emotional.shame"": 0.050959628950476885, ""base_emotional.trust_in_teacher"": 0.6869526221956753}"		
1778047160.448	1	41	0.901206	0.803371	0.797957	0.000000	"{""adhd_hyperactive_impulsive.cognitive.conflict_tendency"": 0.22641983192946055, ""adhd_hyperactive_impulsive.cognitive.impulse_override"": 0.3455425805733264, ""adhd_hyperactive_impulsive.cognitive.plan_consistency"": -0.5408237669852105, ""adhd_hyperactive_impulsive.emotional.anger"": 0.15514720587037362, ""adhd_hyperactive_impulsive.emotional.excitement"": 0.24212994709160202, ""adhd_inattentive.cognitive.att_bandwidth"": -2, ""adhd_inattentive.cognitive.plan_consistency"": -0.31706674771190385, ""adhd_inattentive.cognitive.retention"": -3, ""adhd_inattentive.cognitive.task_initiation_delay"": 0.49140997116748797, ""adhd_inattentive.emotional.frustration"": 0.1615206561848216, ""adhd_inattentive.emotional.self_esteem"": -0.23832328531232772, ""adhd_inattentive.emotional.shame"": 0.20312390081221054, ""base_cognitive.att_bandwidth"": 3, ""base_cognitive.conflict_tendency"": 0.09289400655242705, ""base_cognitive.importance_trigger"": 105.55928582079589, ""base_cognitive.impulse_override"": 0.07658076538432479, ""base_cognitive.plan_consistency"": 0.8547995762954227, ""base_cognitive.recency_decay"": 0.9888201067401442, ""base_cognitive.retention"": 6, ""base_cognitive.social_sensitivity"": 0.5504300449483086, ""base_cognitive.task_initiation_delay"": 0.07334153537519275, ""base_cognitive.vision_r"": 5, ""base_emotional.anger"": 0.05253831504417332, ""base_emotional.anxiety"": 0.08511439574831096, ""base_emotional.excitement"": 0.18131903671694416, ""base_emotional.frustration"": 0.16081400875147456, ""base_emotional.loneliness"": 0.082289222083471, ""base_emotional.self_esteem"": 0.7080126496408393, ""base_emotional.shame"": 0.14162012397735013, ""base_emotional.trust_in_teacher"": 0.6647752631481998}"		
1778047161.023	1	42	0.917124	0.812040	0.824749	0.000000	"{""adhd_hyperactive_impulsive.cognitive.conflict_tendency"": 0.11447434160675488, ""adhd_hyperactive_impulsive.cognitive.impulse_override"": 0.39696500773160137, ""adhd_hyperactive_impulsive.cognitive.plan_consistency"": -0.41506200978554536, ""adhd_hyperactive_impulsive.emotional.anger"": 0.24455414368963432, ""adhd_hyperactive_impulsive.emotional.excitement"": 0.23946414010200734, ""adhd_inattentive.cognitive.att_bandwidth"": -2, ""adhd_inattentive.cognitive.plan_consistency"": -0.29223511370516786, ""adhd_inattentive.cognitive.retention"": -3, ""adhd_inattentive.cognitive.task_initiation_delay"": 0.39423676916649736, ""adhd_inattentive.emotional.frustration"": 0.12843840367014703, ""adhd_inattentive.emotional.self_esteem"": -0.24830241388817142, ""adhd_inattentive.emotional.shame"": 0.23733555914803248, ""base_cognitive.att_bandwidth"": 2, ""base_cognitive.conflict_tendency"": 0.1064667381761927, ""base_cognitive.importance_trigger"": 155.8066549679947, ""base_cognitive.impulse_override"": 0.0732144184415496, ""base_cognitive.plan_consistency"": 0.780264393227114, ""base_cognitive.recency_decay"": 0.9948080528118967, ""base_cognitive.retention"": 6, ""base_cognitive.social_sensitivity"": 0.32473824267140844, ""base_cognitive.task_initiation_delay"": 0.07177432972304491, ""base_cognitive.vision_r"": 5, ""base_emotional.anger"": 0.05526263188346214, ""base_emotional.anxiety"": 0.07994461794883789, ""base_emotional.excitement"": 0.2794317265781087, ""base_emotional.frustration"": 0.07079639388925466, ""base_emotional.loneliness"": 0.05366489940863256, ""base_emotional.self_esteem"": 0.7813063019861184, ""base_emotional.shame"": 0.09523921920709119, ""base_emotional.trust_in_teacher"": 0.6864447868148007}"		
1778047161.549	1	43	0.908941	0.799917	0.822477	0.000000	"{""adhd_hyperactive_impulsive.cognitive.conflict_tendency"": 0.21594404495585184, ""adhd_hyperactive_impulsive.cognitive.impulse_override"": 0.2610816550253746, ""adhd_hyperactive_impulsive.cognitive.plan_consistency"": -0.43133287248870356, ""adhd_hyperactive_impulsive.emotional.anger"": 0.22332629076829372, ""adhd_hyperactive_impulsive.emotional.excitement"": 0.17323402556182377, ""adhd_inattentive.cognitive.att_bandwidth"": -3, ""adhd_inattentive.cognitive.plan_consistency"": -0.36315531253287164, ""adhd_inattentive.cognitive.retention"": -4, ""adhd_inattentive.cognitive.task_initiation_delay"": 0.3699394020646539, ""adhd_inattentive.emotional.frustration"": 0.16296023812609595, ""adhd_inattentive.emotional.self_esteem"": -0.22301018769844172, ""adhd_inattentive.emotional.shame"": 0.11174589436133939, ""base_cognitive.att_bandwidth"": 4, ""base_cognitive.conflict_tendency"": 0.051955517322260024, ""base_cognitive.importance_trigger"": 156.09969875102615, ""base_cognitive.impulse_override"": 0.10966890521124838, ""base_cognitive.plan_consistency"": 0.808589005510658, ""base_cognitive.recency_decay"": 0.9801202406643463, ""base_cognitive.retention"": 4, ""base_cognitive.social_sensitivity"": 0.3002154475940351, ""base_cognitive.task_initiation_delay"": 0.07556471011727989, ""base_cognitive.vision_r"": 5, ""base_emotional.anger"": 0.10662301839138996, ""base_emotional.anxiety"": 0.10830724814578191, ""base_emotional.excitement"": 0.2958459748830196, ""base_emotional.frustration"": 0.07865321081928109, ""base_emotional.loneliness"": 0.057542820796111685, ""base_emotional.self_esteem"": 0.7238078194278803, ""base_emotional.shame"": 0.08776684472785173, ""base_emotional.trust_in_teacher"": 0.5809509936619761}"		
1778047162.049	1	44	0.919763	0.812406	0.830798	0.000000	"{""adhd_hyperactive_impulsive.cognitive.conflict_tendency"": 0.16302889556297911, ""adhd_hyperactive_impulsive.cognitive.impulse_override"": 0.2802199849003822, ""adhd_hyperactive_impulsive.cognitive.plan_consistency"": -0.39831149911552644, ""adhd_hyperactive_impulsive.emotional.anger"": 0.12991086055678824, ""adhd_hyperactive_impulsive.emotional.excitement"": 0.17821750082713317, ""adhd_inattentive.cognitive.att_bandwidth"": -3, ""adhd_inattentive.cognitive.plan_consistency"": -0.4121771723687084, ""adhd_inattentive.cognitive.retention"": -3, ""adhd_inattentive.cognitive.task_initiation_delay"": 0.3963559853466043, ""adhd_inattentive.emotional.frustration"": 0.23684346705418435, ""adhd_inattentive.emotional.self_esteem"": -0.22873851084434688, ""adhd_inattentive.emotional.shame"": 0.17361720640037714, ""base_cognitive.att_bandwidth"": 2, ""base_cognitive.conflict_tendency"": 0.05585467449831069, ""base_cognitive.importance_trigger"": 131.12803582656224, ""base_cognitive.impulse_override"": 0.03274551403985296, ""base_cognitive.plan_consistency"": 0.8766621927914892, ""base_cognitive.recency_decay"": 0.9866241121519347, ""base_cognitive.retention"": 4, ""base_cognitive.social_sensitivity"": 0.419390131112212, ""base_cognitive.task_initiation_delay"": 0.09958845130817758, ""base_cognitive.vision_r"": 3, ""base_emotional.anger"": 0.12142439100168637, ""base_emotional.anxiety"": 0.12154637916435478, ""base_emotional.excitement"": 0.19289733179678462, ""base_emotional.frustration"": 0.07445636835545154, ""base_emotional.loneliness"": 0.03499678084890302, ""base_emotional.self_esteem"": 0.6576446731094372, ""base_emotional.shame"": 0.0937143646661863, ""base_emotional.trust_in_teacher"": 0.6588026693146009}"		
1778047162.633	1	45	0.927258	0.805284	0.860218	0.000000	"{""adhd_hyperactive_impulsive.cognitive.conflict_tendency"": 0.17567172458413183, ""adhd_hyperactive_impulsive.cognitive.impulse_override"": 0.2840443363030343, ""adhd_hyperactive_impulsive.cognitive.plan_consistency"": -0.5443494302996478, ""adhd_hyperactive_impulsive.emotional.anger"": 0.20924595237090637, ""adhd_hyperactive_impulsive.emotional.excitement"": 0.15414972743902217, ""adhd_inattentive.cognitive.att_bandwidth"": -1, ""adhd_inattentive.cognitive.plan_consistency"": -0.3697604213344938, ""adhd_inattentive.cognitive.retention"": -2, ""adhd_inattentive.cognitive.task_initiation_delay"": 0.4968211983177038, ""adhd_inattentive.emotional.frustration"": 0.23042697338712403, ""adhd_inattentive.emotional.self_esteem"": -0.22049962863120862, ""adhd_inattentive.emotional.shame"": 0.14045160349221966, ""base_cognitive.att_bandwidth"": 3, ""base_cognitive.conflict_tendency"": 0.09085249515375327, ""base_cognitive.importance_trigger"": 151.0866258028882, ""base_cognitive.impulse_override"": 0.09591011913127546, ""base_cognitive.plan_consistency"": 0.7951703998655812, ""base_cognitive.recency_decay"": 0.9891623428890767, ""base_cognitive.retention"": 5, ""base_cognitive.social_sensitivity"": 0.38390076716931315, ""base_cognitive.task_initiation_delay"": 0.08589014416134368, ""base_cognitive.vision_r"": 5, ""base_emotional.anger"": 0.04919001256530482, ""base_emotional.anxiety"": 0.15475159488897286, ""base_emotional.excitement"": 0.2603413063829308, ""base_emotional.frustration"": 0.09634885793842263, ""base_emotional.loneliness"": 0.04403436547548706, ""base_emotional.self_esteem"": 0.6893215204183016, ""base_emotional.shame"": 0.06906259047421964, ""base_emotional.trust_in_teacher"": 0.6537698276915316}"		
1778047163.293	1	46	0.865949	0.703258	0.859985	0.000000	"{""adhd_hyperactive_impulsive.cognitive.conflict_tendency"": 0.2279908701021226, ""adhd_hyperactive_impulsive.cognitive.impulse_override"": 0.3660957862279951, ""adhd_hyperactive_impulsive.cognitive.plan_consistency"": -0.5275677704445761, ""adhd_hyperactive_impulsive.emotional.anger"": 0.14924831653599416, ""adhd_hyperactive_impulsive.emotional.excitement"": 0.19003535665488452, ""adhd_inattentive.cognitive.att_bandwidth"": -1, ""adhd_inattentive.cognitive.plan_consistency"": -0.44644292585019024, ""adhd_inattentive.cognitive.retention"": -2, ""adhd_inattentive.cognitive.task_initiation_delay"": 0.4574418299120958, ""adhd_inattentive.emotional.frustration"": 0.2463053897403674, ""adhd_inattentive.emotional.self_esteem"": -0.27488388235933514, ""adhd_inattentive.emotional.shame"": 0.22905897310160428, ""base_cognitive.att_bandwidth"": 4, ""base_cognitive.conflict_tendency"": 0.03461913446490693, ""base_cognitive.importance_trigger"": 122.12246385213874, ""base_cognitive.impulse_override"": 0.0786548400991341, ""base_cognitive.plan_consistency"": 0.7714126483377863, ""base_cognitive.recency_decay"": 0.9858663800763179, ""base_cognitive.retention"": 6, ""base_cognitive.social_sensitivity"": 0.5173884720965187, ""base_cognitive.task_initiation_delay"": 0.019979438890227432, ""base_cognitive.vision_r"": 4, ""base_emotional.anger"": 0.09749559310871023, ""base_emotional.anxiety"": 0.062467836025051536, ""base_emotional.excitement"": 0.24508279917140874, ""base_emotional.frustration"": 0.09076730818445249, ""base_emotional.loneliness"": 0.09542378450240373, ""base_emotional.self_esteem"": 0.7571282085769747, ""base_emotional.shame"": 0.1063656344083236, ""base_emotional.trust_in_teacher"": 0.7887052319515987}"		
1778047163.886	1	47	0.899812	0.810603	0.783626	0.000000	"{""adhd_hyperactive_impulsive.cognitive.conflict_tendency"": 0.21600729026272542, ""adhd_hyperactive_impulsive.cognitive.impulse_override"": 0.30485019853884493, ""adhd_hyperactive_impulsive.cognitive.plan_consistency"": -0.3538732142966345, ""adhd_hyperactive_impulsive.emotional.anger"": 0.17293878183643097, ""adhd_hyperactive_impulsive.emotional.excitement"": 0.22123715553435466, ""adhd_inattentive.cognitive.att_bandwidth"": -2, ""adhd_inattentive.cognitive.plan_consistency"": -0.2786457852748616, ""adhd_inattentive.cognitive.retention"": -3, ""adhd_inattentive.cognitive.task_initiation_delay"": 0.3997197551491882, ""adhd_inattentive.emotional.frustration"": 0.16525632153915792, ""adhd_inattentive.emotional.self_esteem"": -0.29096433735739496, ""adhd_inattentive.emotional.shame"": 0.2318458649096528, ""base_cognitive.att_bandwidth"": 4, ""base_cognitive.conflict_tendency"": 0.04433566024087056, ""base_cognitive.importance_trigger"": 100.6645066042096, ""base_cognitive.impulse_override"": 0.0633562873818948, ""base_cognitive.plan_consistency"": 0.9294566080334552, ""base_cognitive.recency_decay"": 0.990596329113195, ""base_cognitive.retention"": 5, ""base_cognitive.social_sensitivity"": 0.5641558082076816, ""base_cognitive.task_initiation_delay"": 0.014607678672209114, ""base_cognitive.vision_r"": 5, ""base_emotional.anger"": 0.08687283140261942, ""base_emotional.anxiety"": 0.10226356181500862, ""base_emotional.excitement"": 0.2905135833448347, ""base_emotional.frustration"": 0.15144497312650027, ""base_emotional.loneliness"": 0.061909986152685184, ""base_emotional.self_esteem"": 0.6624432140903651, ""base_emotional.shame"": 0.03253578190465169, ""base_emotional.trust_in_teacher"": 0.7384915813516717}"		
1778047164.554	1	48	0.897158	0.755979	0.858926	0.000000	"{""adhd_hyperactive_impulsive.cognitive.conflict_tendency"": 0.1178901274935733, ""adhd_hyperactive_impulsive.cognitive.impulse_override"": 0.3607514588677124, ""adhd_hyperactive_impulsive.cognitive.plan_consistency"": -0.5315909019707006, ""adhd_hyperactive_impulsive.emotional.anger"": 0.17803614973724594, ""adhd_hyperactive_impulsive.emotional.excitement"": 0.2493586556649813, ""adhd_inattentive.cognitive.att_bandwidth"": -3, ""adhd_inattentive.cognitive.plan_consistency"": -0.42792219695111994, ""adhd_inattentive.cognitive.retention"": -3, ""adhd_inattentive.cognitive.task_initiation_delay"": 0.4583317484886723, ""adhd_inattentive.emotional.frustration"": 0.20898203154150363, ""adhd_inattentive.emotional.self_esteem"": -0.2966071272357125, ""adhd_inattentive.emotional.shame"": 0.2494089542258508, ""base_cognitive.att_bandwidth"": 4, ""base_cognitive.conflict_tendency"": 0.08532715695166021, ""base_cognitive.importance_trigger"": 120.42029775502654, ""base_cognitive.impulse_override"": 0.0783638743523768, ""base_cognitive.plan_consistency"": 0.7995515476370183, ""base_cognitive.recency_decay"": 0.989044403789533, ""base_cognitive.retention"": 6, ""base_cognitive.social_sensitivity"": 0.5886589308928926, ""base_cognitive.task_initiation_delay"": 0.09365983303056297, ""base_cognitive.vision_r"": 4, ""base_emotional.anger"": 0.045663589994464335, ""base_emotional.anxiety"": 0.11385735696026836, ""base_emotional.excitement"": 0.18093589345639088, ""base_emotional.frustration"": 0.0879455092468614, ""base_emotional.loneliness"": 0.1499793953351757, ""base_emotional.self_esteem"": 0.7768382242822325, ""base_emotional.shame"": 0.060216217183954035, ""base_emotional.trust_in_teacher"": 0.716647636418518}"		
1778047165.124	1	49	0.903712	0.755840	0.875519	0.000000	"{""adhd_hyperactive_impulsive.cognitive.conflict_tendency"": 0.11635697046853222, ""adhd_hyperactive_impulsive.cognitive.impulse_override"": 0.27604374559050227, ""adhd_hyperactive_impulsive.cognitive.plan_consistency"": -0.5430220174454404, ""adhd_hyperactive_impulsive.emotional.anger"": 0.22171218722556452, ""adhd_hyperactive_impulsive.emotional.excitement"": 0.2081446011493816, ""adhd_inattentive.cognitive.att_bandwidth"": -3, ""adhd_inattentive.cognitive.plan_consistency"": -0.37148150124984275, ""adhd_inattentive.cognitive.retention"": -4, ""adhd_inattentive.cognitive.task_initiation_delay"": 0.38578230092097204, ""adhd_inattentive.emotional.frustration"": 0.12056297424417939, ""adhd_inattentive.emotional.self_esteem"": -0.2869340293306197, ""adhd_inattentive.emotional.shame"": 0.17604198254543382, ""base_cognitive.att_bandwidth"": 2, ""base_cognitive.conflict_tendency"": 0.07129121082202, ""base_cognitive.importance_trigger"": 134.3944706100883, ""base_cognitive.impulse_override"": 0.11978588080573377, ""base_cognitive.plan_consistency"": 0.7816874825305498, ""base_cognitive.recency_decay"": 0.9914274797726513, ""base_cognitive.retention"": 6, ""base_cognitive.social_sensitivity"": 0.3448241118747321, ""base_cognitive.task_initiation_delay"": 0.049574918680861224, ""base_cognitive.vision_r"": 5, ""base_emotional.anger"": 0.06303971891560814, ""base_emotional.anxiety"": 0.1010206784095935, ""base_emotional.excitement"": 0.1863261743386537, ""base_emotional.frustration"": 0.1736768923819408, ""base_emotional.loneliness"": 0.14702012078972784, ""base_emotional.self_esteem"": 0.7395738811676722, ""base_emotional.shame"": 0.030279160402155187, ""base_emotional.trust_in_teacher"": 0.5816314247129923}"		
1778047165.665	1	50	0.905688	0.812782	0.795048	0.000000	"{""adhd_hyperactive_impulsive.cognitive.conflict_tendency"": 0.23944927844324893, ""adhd_hyperactive_impulsive.cognitive.impulse_override"": 0.25489977023047267, ""adhd_hyperactive_impulsive.cognitive.plan_consistency"": -0.4758088588074286, ""adhd_hyperactive_impulsive.emotional.anger"": 0.17680046288906243, ""adhd_hyperactive_impulsive.emotional.excitement"": 0.2459251323236807, ""adhd_inattentive.cognitive.att_bandwidth"": -3, ""adhd_inattentive.cognitive.plan_consistency"": -0.2902794990147101, ""adhd_inattentive.cognitive.retention"": -2, ""adhd_inattentive.cognitive.task_initiation_delay"": 0.35526680701720553, ""adhd_inattentive.emotional.frustration"": 0.22032120054285553, ""adhd_inattentive.emotional.self_esteem"": -0.3315801508551455, ""adhd_inattentive.emotional.shame"": 0.21848789019226872, ""base_cognitive.att_bandwidth"": 2, ""base_cognitive.conflict_tendency"": 0.04789199693973384, ""base_cognitive.importance_trigger"": 115.64765598505728, ""base_cognitive.impulse_override"": 0.09664407049792381, ""base_cognitive.plan_consistency"": 0.804669317010748, ""base_cognitive.recency_decay"": 0.9832778719613112, ""base_cognitive.retention"": 5, ""base_cognitive.social_sensitivity"": 0.5335637510509484, ""base_cognitive.task_initiation_delay"": 0.008777538556164189, ""base_cognitive.vision_r"": 5, ""base_emotional.anger"": 0.10557331747248176, ""base_emotional.anxiety"": 0.053909899356211086, ""base_emotional.excitement"": 0.19826190436032776, ""base_emotional.frustration"": 0.0806437909953504, ""base_emotional.loneliness"": 0.12796642089914834, ""base_emotional.self_esteem"": 0.6648941690428054, ""base_emotional.shame"": 0.06594485194973558, ""base_emotional.trust_in_teacher"": 0.6219964930630437}"		
1778047166.226	1	51	0.899351	0.809835	0.783626	0.000000	"{""adhd_hyperactive_impulsive.cognitive.conflict_tendency"": 0.20494802956263453, ""adhd_hyperactive_impulsive.cognitive.impulse_override"": 0.2765972881484675, ""adhd_hyperactive_impulsive.cognitive.plan_consistency"": -0.456395933589239, ""adhd_hyperactive_impulsive.emotional.anger"": 0.2252793570693845, ""adhd_hyperactive_impulsive.emotional.excitement"": 0.12891990795497574, ""adhd_inattentive.cognitive.att_bandwidth"": -2, ""adhd_inattentive.cognitive.plan_consistency"": -0.31732093754571, ""adhd_inattentive.cognitive.retention"": -4, ""adhd_inattentive.cognitive.task_initiation_delay"": 0.3853976088857183, ""adhd_inattentive.emotional.frustration"": 0.15496209689290671, ""adhd_inattentive.emotional.self_esteem"": -0.18798362437375818, ""adhd_inattentive.emotional.shame"": 0.10745346131179996, ""base_cognitive.att_bandwidth"": 3, ""base_cognitive.conflict_tendency"": 0.0842784400673034, ""base_cognitive.importance_trigger"": 168.05120440819076, ""base_cognitive.impulse_override"": 0.06361346331937578, ""base_cognitive.plan_consistency"": 0.9453612498006744, ""base_cognitive.recency_decay"": 0.9843125824051054, ""base_cognitive.retention"": 5, ""base_cognitive.social_sensitivity"": 0.3368706987741658, ""base_cognitive.task_initiation_delay"": 0.04724066149114631, ""base_cognitive.vision_r"": 4, ""base_emotional.anger"": 0.11509894136480407, ""base_emotional.anxiety"": 0.11640409599607493, ""base_emotional.excitement"": 0.16629616628174654, ""base_emotional.frustration"": 0.10085094625465466, ""base_emotional.loneliness"": 0.09636444590387486, ""base_emotional.self_esteem"": 0.6459781049344664, ""base_emotional.shame"": 0.034273981227177244, ""base_emotional.trust_in_teacher"": 0.6931880012021545}"		
1778047166.807	1	52	0.899517	0.810112	0.783626	0.000000	"{""adhd_hyperactive_impulsive.cognitive.conflict_tendency"": 0.23307715236851034, ""adhd_hyperactive_impulsive.cognitive.impulse_override"": 0.2606876377438188, ""adhd_hyperactive_impulsive.cognitive.plan_consistency"": -0.5419781796918195, ""adhd_hyperactive_impulsive.emotional.anger"": 0.12847109615829022, ""adhd_hyperactive_impulsive.emotional.excitement"": 0.17587818735169275, ""adhd_inattentive.cognitive.att_bandwidth"": -1, ""adhd_inattentive.cognitive.plan_consistency"": -0.3607493884467696, ""adhd_inattentive.cognitive.retention"": -3, ""adhd_inattentive.cognitive.task_initiation_delay"": 0.3346408745397513, ""adhd_inattentive.emotional.frustration"": 0.22314866878617193, ""adhd_inattentive.emotional.self_esteem"": -0.31944989618456104, ""adhd_inattentive.emotional.shame"": 0.20623496132979435, ""base_cognitive.att_bandwidth"": 3, ""base_cognitive.conflict_tendency"": 0.10391208296628081, ""base_cognitive.importance_trigger"": 163.9805256323122, ""base_cognitive.impulse_override"": 0.06061632347186047, ""base_cognitive.plan_consistency"": 0.9127028275048462, ""base_cognitive.recency_decay"": 0.9827013135482459, ""base_cognitive.retention"": 5, ""base_cognitive.social_sensitivity"": 0.535889721747922, ""base_cognitive.task_initiation_delay"": 0.00413134241512162, ""base_cognitive.vision_r"": 4, ""base_emotional.anger"": 0.03522680681617844, ""base_emotional.anxiety"": 0.1219950271511295, ""base_emotional.excitement"": 0.29698371252686834, ""base_emotional.frustration"": 0.15182939077684487, ""base_emotional.loneliness"": 0.1496916056628234, ""base_emotional.self_esteem"": 0.6846596512928893, ""base_emotional.shame"": 0.11982645359800502, ""base_emotional.trust_in_teacher"": 0.5900684715031204}"		
1778047167.397	1	53	0.910891	0.806821	0.816996	0.000000	"{""adhd_hyperactive_impulsive.cognitive.conflict_tendency"": 0.14417686008514902, ""adhd_hyperactive_impulsive.cognitive.impulse_override"": 0.38100968707139493, ""adhd_hyperactive_impulsive.cognitive.plan_consistency"": -0.3904872074014304, ""adhd_hyperactive_impulsive.emotional.anger"": 0.15411772327979728, ""adhd_hyperactive_impulsive.emotional.excitement"": 0.11005622088613334, ""adhd_inattentive.cognitive.att_bandwidth"": -1, ""adhd_inattentive.cognitive.plan_consistency"": -0.3349867447517266, ""adhd_inattentive.cognitive.retention"": -2, ""adhd_inattentive.cognitive.task_initiation_delay"": 0.43955228751153486, ""adhd_inattentive.emotional.frustration"": 0.17483805788294432, ""adhd_inattentive.emotional.self_esteem"": -0.2985840794976603, ""adhd_inattentive.emotional.shame"": 0.22729347059041424, ""base_cognitive.att_bandwidth"": 2, ""base_cognitive.conflict_tendency"": 0.06327777424218076, ""base_cognitive.importance_trigger"": 133.966854168324, ""base_cognitive.impulse_override"": 0.08508396562137624, ""base_cognitive.plan_consistency"": 0.8071808590848106, ""base_cognitive.recency_decay"": 0.9909692313932028, ""base_cognitive.retention"": 6, ""base_cognitive.social_sensitivity"": 0.5868931660834533, ""base_cognitive.task_initiation_delay"": 0.08311306575117787, ""base_cognitive.vision_r"": 4, ""base_emotional.anger"": 0.146037799370771, ""base_emotional.anxiety"": 0.13914964091964588, ""base_emotional.excitement"": 0.16734567503070827, ""base_emotional.frustration"": 0.11289925316524316, ""base_emotional.loneliness"": 0.14267282337699444, ""base_emotional.self_esteem"": 0.7138578939074922, ""base_emotional.shame"": 0.14877401951269625, ""base_emotional.trust_in_teacher"": 0.6535775698062544}"		
1778047167.995	1	54	0.917893	0.805397	0.836638	0.000000	"{""adhd_hyperactive_impulsive.cognitive.conflict_tendency"": 0.10045735730576968, ""adhd_hyperactive_impulsive.cognitive.impulse_override"": 0.35247153232374967, ""adhd_hyperactive_impulsive.cognitive.plan_consistency"": -0.47572665871623027, ""adhd_hyperactive_impulsive.emotional.anger"": 0.24658957718903254, ""adhd_hyperactive_impulsive.emotional.excitement"": 0.1576142516012472, ""adhd_inattentive.cognitive.att_bandwidth"": -1, ""adhd_inattentive.cognitive.plan_consistency"": -0.3626816551249904, ""adhd_inattentive.cognitive.retention"": -3, ""adhd_inattentive.cognitive.task_initiation_delay"": 0.3835788152973431, ""adhd_inattentive.emotional.frustration"": 0.162089817876963, ""adhd_inattentive.emotional.self_esteem"": -0.3437776631509323, ""adhd_inattentive.emotional.shame"": 0.16476793069349221, ""base_cognitive.att_bandwidth"": 4, ""base_cognitive.conflict_tendency"": 0.030049125838219514, ""base_cognitive.importance_trigger"": 145.84828571555926, ""base_cognitive.impulse_override"": 0.11693212174987218, ""base_cognitive.plan_consistency"": 0.8325144216690537, ""base_cognitive.recency_decay"": 0.9874201002377142, ""base_cognitive.retention"": 5, ""base_cognitive.social_sensitivity"": 0.4054515825800575, ""base_cognitive.task_initiation_delay"": 0.03660161294436538, ""base_cognitive.vision_r"": 3, ""base_emotional.anger"": 0.09081966552831404, ""base_emotional.anxiety"": 0.11118434486077919, ""base_emotional.excitement"": 0.189053287356027, ""base_emotional.frustration"": 0.11141573741653353, ""base_emotional.loneliness"": 0.05211103626425394, ""base_emotional.self_esteem"": 0.7336787758959417, ""base_emotional.shame"": 0.09482135537931143, ""base_emotional.trust_in_teacher"": 0.5532775165806596}"		
1778047168.529	1	55	0.772780	0.571881	0.824128	0.000000	"{""adhd_hyperactive_impulsive.cognitive.conflict_tendency"": 0.1780687603482446, ""adhd_hyperactive_impulsive.cognitive.impulse_override"": 0.34695692384877275, ""adhd_hyperactive_impulsive.cognitive.plan_consistency"": -0.4413778598391131, ""adhd_hyperactive_impulsive.emotional.anger"": 0.19312688090731972, ""adhd_hyperactive_impulsive.emotional.excitement"": 0.24469141161604965, ""adhd_inattentive.cognitive.att_bandwidth"": -2, ""adhd_inattentive.cognitive.plan_consistency"": -0.2858848342980277, ""adhd_inattentive.cognitive.retention"": -3, ""adhd_inattentive.cognitive.task_initiation_delay"": 0.37675966555297213, ""adhd_inattentive.emotional.frustration"": 0.23709574953041962, ""adhd_inattentive.emotional.self_esteem"": -0.20142505911585226, ""adhd_inattentive.emotional.shame"": 0.11151568405198307, ""base_cognitive.att_bandwidth"": 2, ""base_cognitive.conflict_tendency"": 0.035613733190449595, ""base_cognitive.importance_trigger"": 160.64640572831945, ""base_cognitive.impulse_override"": 0.07280442654014364, ""base_cognitive.plan_consistency"": 0.7768469927439439, ""base_cognitive.recency_decay"": 0.9912813007161742, ""base_cognitive.retention"": 5, ""base_cognitive.social_sensitivity"": 0.5662543082315821, ""base_cognitive.task_initiation_delay"": 0.03839834688335223, ""base_cognitive.vision_r"": 4, ""base_emotional.anger"": 0.04429007299896355, ""base_emotional.anxiety"": 0.15717741835838417, ""base_emotional.excitement"": 0.2404875676631894, ""base_emotional.frustration"": 0.13732865595855717, ""base_emotional.loneliness"": 0.11592799654842406, ""base_emotional.self_esteem"": 0.78738559448846, ""base_emotional.shame"": 0.10971483979582344, ""base_emotional.trust_in_teacher"": 0.7683721912932581}"		
1778047169.046	1	56	0.901875	0.812540	0.785876	0.000000	"{""adhd_hyperactive_impulsive.cognitive.conflict_tendency"": 0.16771311850822546, ""adhd_hyperactive_impulsive.cognitive.impulse_override"": 0.39697465831392464, ""adhd_hyperactive_impulsive.cognitive.plan_consistency"": -0.4653166682008879, ""adhd_hyperactive_impulsive.emotional.anger"": 0.1294676708409349, ""adhd_hyperactive_impulsive.emotional.excitement"": 0.11528756166781354, ""adhd_inattentive.cognitive.att_bandwidth"": -1, ""adhd_inattentive.cognitive.plan_consistency"": -0.28792341249939957, ""adhd_inattentive.cognitive.retention"": -2, ""adhd_inattentive.cognitive.task_initiation_delay"": 0.4441817827418758, ""adhd_inattentive.emotional.frustration"": 0.16486373843856633, ""adhd_inattentive.emotional.self_esteem"": -0.22382269691497458, ""adhd_inattentive.emotional.shame"": 0.22494585457679883, ""base_cognitive.att_bandwidth"": 3, ""base_cognitive.conflict_tendency"": 0.06818765734630736, ""base_cognitive.importance_trigger"": 140.79566497403871, ""base_cognitive.impulse_override"": 0.09060102843663538, ""base_cognitive.plan_consistency"": 0.8387663096101482, ""base_cognitive.recency_decay"": 0.9895652446610934, ""base_cognitive.retention"": 4, ""base_cognitive.social_sensitivity"": 0.5375123218444575, ""base_cognitive.task_initiation_delay"": 0.08699336900675123, ""base_cognitive.vision_r"": 4, ""base_emotional.anger"": 0.11035862104694542, ""base_emotional.anxiety"": 0.08012707439034202, ""base_emotional.excitement"": 0.2083288636473504, ""base_emotional.frustration"": 0.09807376526979922, ""base_emotional.loneliness"": 0.07006013232892297, ""base_emotional.self_esteem"": 0.721428291691035, ""base_emotional.shame"": 0.05572874872751921, ""base_emotional.trust_in_teacher"": 0.6129604752677789}"		
1778047169.660	1	57	0.932405	0.816126	0.856822	0.000000	"{""adhd_hyperactive_impulsive.cognitive.conflict_tendency"": 0.2096886383228222, ""adhd_hyperactive_impulsive.cognitive.impulse_override"": 0.3419869730189861, ""adhd_hyperactive_impulsive.cognitive.plan_consistency"": -0.48219889097989516, ""adhd_hyperactive_impulsive.emotional.anger"": 0.1286462647592494, ""adhd_hyperactive_impulsive.emotional.excitement"": 0.14882358961182846, ""adhd_inattentive.cognitive.att_bandwidth"": -3, ""adhd_inattentive.cognitive.plan_consistency"": -0.39388076408366696, ""adhd_inattentive.cognitive.retention"": -3, ""adhd_inattentive.cognitive.task_initiation_delay"": 0.4325530415878127, ""adhd_inattentive.emotional.frustration"": 0.1408925733064479, ""adhd_inattentive.emotional.self_esteem"": -0.30733596532896984, ""adhd_inattentive.emotional.shame"": 0.19233124841745647, ""base_cognitive.att_bandwidth"": 4, ""base_cognitive.conflict_tendency"": 0.1040690535551851, ""base_cognitive.importance_trigger"": 113.06303369584786, ""base_cognitive.impulse_override"": 0.04284175155057293, ""base_cognitive.plan_consistency"": 0.7593948477707458, ""base_cognitive.recency_decay"": 0.9854734235995042, ""base_cognitive.retention"": 5, ""base_cognitive.social_sensitivity"": 0.41894071690424894, ""base_cognitive.task_initiation_delay"": 0.04372203687056179, ""base_cognitive.vision_r"": 5, ""base_emotional.anger"": 0.11677746263297147, ""base_emotional.anxiety"": 0.1070359727954974, ""base_emotional.excitement"": 0.21355671150318933, ""base_emotional.frustration"": 0.12402518904244897, ""base_emotional.loneliness"": 0.14658971275267513, ""base_emotional.self_esteem"": 0.7416480031759773, ""base_emotional.shame"": 0.09772280014826451, ""base_emotional.trust_in_teacher"": 0.6817695154244585}"		
1778047170.254	1	58	0.730663	0.515836	0.802903	0.000000	"{""adhd_hyperactive_impulsive.cognitive.conflict_tendency"": 0.1907176374028428, ""adhd_hyperactive_impulsive.cognitive.impulse_override"": 0.39910344505146456, ""adhd_hyperactive_impulsive.cognitive.plan_consistency"": -0.39562508384454875, ""adhd_hyperactive_impulsive.emotional.anger"": 0.13257075071588736, ""adhd_hyperactive_impulsive.emotional.excitement"": 0.19126227479171587, ""adhd_inattentive.cognitive.att_bandwidth"": -1, ""adhd_inattentive.cognitive.plan_consistency"": -0.2654711279226965, ""adhd_inattentive.cognitive.retention"": -3, ""adhd_inattentive.cognitive.task_initiation_delay"": 0.42166114889391165, ""adhd_inattentive.emotional.frustration"": 0.21579224251426832, ""adhd_inattentive.emotional.self_esteem"": -0.31953408547641043, ""adhd_inattentive.emotional.shame"": 0.13212237039444005, ""base_cognitive.att_bandwidth"": 3, ""base_cognitive.conflict_tendency"": 0.04285484512193857, ""base_cognitive.importance_trigger"": 124.64517557554467, ""base_cognitive.impulse_override"": 0.0625075338525636, ""base_cognitive.plan_consistency"": 0.8120859250943407, ""base_cognitive.recency_decay"": 0.993527432553372, ""base_cognitive.retention"": 4, ""base_cognitive.social_sensitivity"": 0.598605901478375, ""base_cognitive.task_initiation_delay"": 0.07180270204028709, ""base_cognitive.vision_r"": 4, ""base_emotional.anger"": 0.07104580809808905, ""base_emotional.anxiety"": 0.06251055774891512, ""base_emotional.excitement"": 0.2475294933244176, ""base_emotional.frustration"": 0.17496425944340238, ""base_emotional.loneliness"": 0.14069276755741691, ""base_emotional.self_esteem"": 0.7730614080717739, ""base_emotional.shame"": 0.05603406626124964, ""base_emotional.trust_in_teacher"": 0.797478388620316}"		
1778047170.797	1	59	0.905456	0.813898	0.792792	0.000000	"{""adhd_hyperactive_impulsive.cognitive.conflict_tendency"": 0.24376064801952574, ""adhd_hyperactive_impulsive.cognitive.impulse_override"": 0.34722245399454205, ""adhd_hyperactive_impulsive.cognitive.plan_consistency"": -0.481422606208774, ""adhd_hyperactive_impulsive.emotional.anger"": 0.21509027899937222, ""adhd_hyperactive_impulsive.emotional.excitement"": 0.1977471313435245, ""adhd_inattentive.cognitive.att_bandwidth"": -1, ""adhd_inattentive.cognitive.plan_consistency"": -0.26126669470879227, ""adhd_inattentive.cognitive.retention"": -3, ""adhd_inattentive.cognitive.task_initiation_delay"": 0.44023115231764, ""adhd_inattentive.emotional.frustration"": 0.20661841336587305, ""adhd_inattentive.emotional.self_esteem"": -0.27291682286344265, ""adhd_inattentive.emotional.shame"": 0.12156071552853623, ""base_cognitive.att_bandwidth"": 3, ""base_cognitive.conflict_tendency"": 0.06065579455878452, ""base_cognitive.importance_trigger"": 105.08859031583913, ""base_cognitive.impulse_override"": 0.04845163483948534, ""base_cognitive.plan_consistency"": 0.8435868522188189, ""base_cognitive.recency_decay"": 0.9944126915222165, ""base_cognitive.retention"": 4, ""base_cognitive.social_sensitivity"": 0.3388737728830437, ""base_cognitive.task_initiation_delay"": 0.022824334080747168, ""base_cognitive.vision_r"": 3, ""base_emotional.anger"": 0.08089098687996966, ""base_emotional.anxiety"": 0.10425242429036508, ""base_emotional.excitement"": 0.2604011686958557, ""base_emotional.frustration"": 0.10912481867588879, ""base_emotional.loneliness"": 0.13375652150608788, ""base_emotional.self_esteem"": 0.6198136500643884, ""base_emotional.shame"": 0.11586907363452839, ""base_emotional.trust_in_teacher"": 0.7807893264707342}"		
1778047171.388	1	60	0.905336	0.811747	0.795718	0.000000	"{""adhd_hyperactive_impulsive.cognitive.conflict_tendency"": 0.12583690694129313, ""adhd_hyperactive_impulsive.cognitive.impulse_override"": 0.35393052090589855, ""adhd_hyperactive_impulsive.cognitive.plan_consistency"": -0.3729019523138518, ""adhd_hyperactive_impulsive.emotional.anger"": 0.13026653388008508, ""adhd_hyperactive_impulsive.emotional.excitement"": 0.2145935597520937, ""adhd_inattentive.cognitive.att_bandwidth"": -2, ""adhd_inattentive.cognitive.plan_consistency"": -0.40349661639199136, ""adhd_inattentive.cognitive.retention"": -3, ""adhd_inattentive.cognitive.task_initiation_delay"": 0.32571875247833104, ""adhd_inattentive.emotional.frustration"": 0.14195463553886517, ""adhd_inattentive.emotional.self_esteem"": -0.3338782325541407, ""adhd_inattentive.emotional.shame"": 0.11336174110735055, ""base_cognitive.att_bandwidth"": 2, ""base_cognitive.conflict_tendency"": 0.06860246187456173, ""base_cognitive.importance_trigger"": 143.23696978177088, ""base_cognitive.impulse_override"": 0.03230887814953582, ""base_cognitive.plan_consistency"": 0.9493700531416669, ""base_cognitive.recency_decay"": 0.9847514731489462, ""base_cognitive.retention"": 6, ""base_cognitive.social_sensitivity"": 0.3332111000944897, ""base_cognitive.task_initiation_delay"": 0.011096359404341217, ""base_cognitive.vision_r"": 4, ""base_emotional.anger"": 0.07215423924347085, ""base_emotional.anxiety"": 0.15105190752803288, ""base_emotional.excitement"": 0.1895187030152194, ""base_emotional.frustration"": 0.13478578013488623, ""base_emotional.loneliness"": 0.11427336567412853, ""base_emotional.self_esteem"": 0.790858865832065, ""base_emotional.shame"": 0.13823674164373428, ""base_emotional.trust_in_teacher"": 0.7541444340612986}"		
1778047172.058	1	61	0.924831	0.813960	0.841137	0.000000	"{""adhd_hyperactive_impulsive.cognitive.conflict_tendency"": 0.19552219289555278, ""adhd_hyperactive_impulsive.cognitive.impulse_override"": 0.31911542957928507, ""adhd_hyperactive_impulsive.cognitive.plan_consistency"": -0.4495600168348973, ""adhd_hyperactive_impulsive.emotional.anger"": 0.19258019095991402, ""adhd_hyperactive_impulsive.emotional.excitement"": 0.23951335316623004, ""adhd_inattentive.cognitive.att_bandwidth"": -2, ""adhd_inattentive.cognitive.plan_consistency"": -0.32399806657155783, ""adhd_inattentive.cognitive.retention"": -2, ""adhd_inattentive.cognitive.task_initiation_delay"": 0.31856724970719497, ""adhd_inattentive.emotional.frustration"": 0.1281200595645896, ""adhd_inattentive.emotional.self_esteem"": -0.34058724174390786, ""adhd_inattentive.emotional.shame"": 0.22722277109766786, ""base_cognitive.att_bandwidth"": 3, ""base_cognitive.conflict_tendency"": 0.057933509950746254, ""base_cognitive.importance_trigger"": 158.3480375199458, ""base_cognitive.impulse_override"": 0.04651005915331551, ""base_cognitive.plan_consistency"": 0.7961173903377321, ""base_cognitive.recency_decay"": 0.9803713380663387, ""base_cognitive.retention"": 6, ""base_cognitive.social_sensitivity"": 0.572583079322465, ""base_cognitive.task_initiation_delay"": 0.005179191439008169, ""base_cognitive.vision_r"": 3, ""base_emotional.anger"": 0.13865429573859606, ""base_emotional.anxiety"": 0.08728472769792775, ""base_emotional.excitement"": 0.24318437610364696, ""base_emotional.frustration"": 0.19172403838955066, ""base_emotional.loneliness"": 0.06979672354604732, ""base_emotional.self_esteem"": 0.7485185864039224, ""base_emotional.shame"": 0.12410594967749025, ""base_emotional.trust_in_teacher"": 0.7468529788538568}"		
1778047172.582	1	62	0.924218	0.811961	0.842604	0.000000	"{""adhd_hyperactive_impulsive.cognitive.conflict_tendency"": 0.21331500792470526, ""adhd_hyperactive_impulsive.cognitive.impulse_override"": 0.27299268274880856, ""adhd_hyperactive_impulsive.cognitive.plan_consistency"": -0.4755436675959919, ""adhd_hyperactive_impulsive.emotional.anger"": 0.20610494612512698, ""adhd_hyperactive_impulsive.emotional.excitement"": 0.14731593840831264, ""adhd_inattentive.cognitive.att_bandwidth"": -1, ""adhd_inattentive.cognitive.plan_consistency"": -0.35955049628064134, ""adhd_inattentive.cognitive.retention"": -4, ""adhd_inattentive.cognitive.task_initiation_delay"": 0.4023199156541872, ""adhd_inattentive.emotional.frustration"": 0.12232987110586992, ""adhd_inattentive.emotional.self_esteem"": -0.26374774274824136, ""adhd_inattentive.emotional.shame"": 0.10306173854008002, ""base_cognitive.att_bandwidth"": 3, ""base_cognitive.conflict_tendency"": 0.040421810619152614, ""base_cognitive.importance_trigger"": 116.89736463924255, ""base_cognitive.impulse_override"": 0.06593680125186327, ""base_cognitive.plan_consistency"": 0.814483131546377, ""base_cognitive.recency_decay"": 0.9866224348481281, ""base_cognitive.retention"": 4, ""base_cognitive.social_sensitivity"": 0.31411495396021777, ""base_cognitive.task_initiation_delay"": 0.04558344558321287, ""base_cognitive.vision_r"": 3, ""base_emotional.anger"": 0.10816199539234606, ""base_emotional.anxiety"": 0.12532418530508033, ""base_emotional.excitement"": 0.20569321860978743, ""base_emotional.frustration"": 0.1209869834047591, ""base_emotional.loneliness"": 0.07475864645050406, ""base_emotional.self_esteem"": 0.7354565679037659, ""base_emotional.shame"": 0.12977759629124563, ""base_emotional.trust_in_teacher"": 0.5578959834708853}"		
1778047173.079	1	63	0.905987	0.804821	0.807735	0.000000	"{""adhd_hyperactive_impulsive.cognitive.conflict_tendency"": 0.10226480933710073, ""adhd_hyperactive_impulsive.cognitive.impulse_override"": 0.3168685372865597, ""adhd_hyperactive_impulsive.cognitive.plan_consistency"": -0.3848270523513011, ""adhd_hyperactive_impulsive.emotional.anger"": 0.2499562013156047, ""adhd_hyperactive_impulsive.emotional.excitement"": 0.23425399734024435, ""adhd_inattentive.cognitive.att_bandwidth"": -3, ""adhd_inattentive.cognitive.plan_consistency"": -0.3661395398417685, ""adhd_inattentive.cognitive.retention"": -4, ""adhd_inattentive.cognitive.task_initiation_delay"": 0.43525987824589485, ""adhd_inattentive.emotional.frustration"": 0.16237530964915653, ""adhd_inattentive.emotional.self_esteem"": -0.3329604230666597, ""adhd_inattentive.emotional.shame"": 0.2305328538372808, ""base_cognitive.att_bandwidth"": 2, ""base_cognitive.conflict_tendency"": 0.09896317278130172, ""base_cognitive.importance_trigger"": 165.66143967071883, ""base_cognitive.impulse_override"": 0.09505202251853008, ""base_cognitive.plan_consistency"": 0.889761905906618, ""base_cognitive.recency_decay"": 0.9891264780313884, ""base_cognitive.retention"": 4, ""base_cognitive.social_sensitivity"": 0.3036328793445523, ""base_cognitive.task_initiation_delay"": 0.0051767915833282885, ""base_cognitive.vision_r"": 3, ""base_emotional.anger"": 0.13843501085076426, ""base_emotional.anxiety"": 0.08918851730232905, ""base_emotional.excitement"": 0.22568773399763026, ""base_emotional.frustration"": 0.10579135463949602, ""base_emotional.loneliness"": 0.06589914694908189, ""base_emotional.self_esteem"": 0.7898297051725277, ""base_emotional.shame"": 0.1368922320637828, ""base_emotional.trust_in_teacher"": 0.6926369777648212}"		
1778047173.640	1	64	0.936022	0.809786	0.875376	0.000000	"{""adhd_hyperactive_impulsive.cognitive.conflict_tendency"": 0.2114737213424862, ""adhd_hyperactive_impulsive.cognitive.impulse_override"": 0.2615720419240669, ""adhd_hyperactive_impulsive.cognitive.plan_consistency"": -0.40357719818234394, ""adhd_hyperactive_impulsive.emotional.anger"": 0.2185427322085607, ""adhd_hyperactive_impulsive.emotional.excitement"": 0.12588961925918288, ""adhd_inattentive.cognitive.att_bandwidth"": -2, ""adhd_inattentive.cognitive.plan_consistency"": -0.3987815580391551, ""adhd_inattentive.cognitive.retention"": -3, ""adhd_inattentive.cognitive.task_initiation_delay"": 0.30331427634478925, ""adhd_inattentive.emotional.frustration"": 0.23945493139399543, ""adhd_inattentive.emotional.self_esteem"": -0.23650172529972957, ""adhd_inattentive.emotional.shame"": 0.22295903574845607, ""base_cognitive.att_bandwidth"": 2, ""base_cognitive.conflict_tendency"": 0.04186058502266159, ""base_cognitive.importance_trigger"": 168.99538202569573, ""base_cognitive.impulse_override"": 0.0412522052756169, ""base_cognitive.plan_consistency"": 0.7556072562879953, ""base_cognitive.recency_decay"": 0.9852350842168889, ""base_cognitive.retention"": 5, ""base_cognitive.social_sensitivity"": 0.4187212947843435, ""base_cognitive.task_initiation_delay"": 0.006311330083583144, ""base_cognitive.vision_r"": 5, ""base_emotional.anger"": 0.14710400175888516, ""base_emotional.anxiety"": 0.13840116742193717, ""base_emotional.excitement"": 0.28489602533714237, ""base_emotional.frustration"": 0.06825257103908483, ""base_emotional.loneliness"": 0.03247697295977783, ""base_emotional.self_esteem"": 0.7896606111036673, ""base_emotional.shame"": 0.03916397953262634, ""base_emotional.trust_in_teacher"": 0.6604796360224807}"		
1778047174.195	1	65	0.914992	0.803990	0.831495	0.000000	"{""adhd_hyperactive_impulsive.cognitive.conflict_tendency"": 0.24347340900962372, ""adhd_hyperactive_impulsive.cognitive.impulse_override"": 0.3598841446043538, ""adhd_hyperactive_impulsive.cognitive.plan_consistency"": -0.37875484018320277, ""adhd_hyperactive_impulsive.emotional.anger"": 0.1792999720072477, ""adhd_hyperactive_impulsive.emotional.excitement"": 0.20023824384995098, ""adhd_inattentive.cognitive.att_bandwidth"": -3, ""adhd_inattentive.cognitive.plan_consistency"": -0.3014781070579031, ""adhd_inattentive.cognitive.retention"": -3, ""adhd_inattentive.cognitive.task_initiation_delay"": 0.3994226494245126, ""adhd_inattentive.emotional.frustration"": 0.22654855563784076, ""adhd_inattentive.emotional.self_esteem"": -0.2627210192412702, ""adhd_inattentive.emotional.shame"": 0.177844236831596, ""base_cognitive.att_bandwidth"": 3, ""base_cognitive.conflict_tendency"": 0.06715801422885662, ""base_cognitive.importance_trigger"": 132.29669843057562, ""base_cognitive.impulse_override"": 0.09855450191695832, ""base_cognitive.plan_consistency"": 0.756942664250154, ""base_cognitive.recency_decay"": 0.9878564093576558, ""base_cognitive.retention"": 4, ""base_cognitive.social_sensitivity"": 0.5604752106019228, ""base_cognitive.task_initiation_delay"": 0.08371518147996612, ""base_cognitive.vision_r"": 4, ""base_emotional.anger"": 0.08275207854192881, ""base_emotional.anxiety"": 0.17679390914774, ""base_emotional.excitement"": 0.26225535488318596, ""base_emotional.frustration"": 0.06647404297237114, ""base_emotional.loneliness"": 0.12155456413801863, ""base_emotional.self_esteem"": 0.6458559178918303, ""base_emotional.shame"": 0.12000327083115278, ""base_emotional.trust_in_teacher"": 0.6948426492085858}"		
1778047174.808	1	66	0.933990	0.812311	0.866508	0.000000	"{""adhd_hyperactive_impulsive.cognitive.conflict_tendency"": 0.20487104438300724, ""adhd_hyperactive_impulsive.cognitive.impulse_override"": 0.2866029034375088, ""adhd_hyperactive_impulsive.cognitive.plan_consistency"": -0.4715763632376433, ""adhd_hyperactive_impulsive.emotional.anger"": 0.16043145713071483, ""adhd_hyperactive_impulsive.emotional.excitement"": 0.24888712655155443, ""adhd_inattentive.cognitive.att_bandwidth"": -3, ""adhd_inattentive.cognitive.plan_consistency"": -0.4152769483384506, ""adhd_inattentive.cognitive.retention"": -2, ""adhd_inattentive.cognitive.task_initiation_delay"": 0.4691377089527233, ""adhd_inattentive.emotional.frustration"": 0.15724075236928772, ""adhd_inattentive.emotional.self_esteem"": -0.19253778844392494, ""adhd_inattentive.emotional.shame"": 0.2146179732396431, ""base_cognitive.att_bandwidth"": 4, ""base_cognitive.conflict_tendency"": 0.10136945841144737, ""base_cognitive.importance_trigger"": 159.89381223261222, ""base_cognitive.impulse_override"": 0.08789026856129462, ""base_cognitive.plan_consistency"": 0.7966054942403764, ""base_cognitive.recency_decay"": 0.9925242608127013, ""base_cognitive.retention"": 5, ""base_cognitive.social_sensitivity"": 0.47378940006265247, ""base_cognitive.task_initiation_delay"": 0.058447634683001265, ""base_cognitive.vision_r"": 3, ""base_emotional.anger"": 0.062093495007477725, ""base_emotional.anxiety"": 0.05206608557544758, ""base_emotional.excitement"": 0.28147290187669743, ""base_emotional.frustration"": 0.11505050474324192, ""base_emotional.loneliness"": 0.08654765345461674, ""base_emotional.self_esteem"": 0.7821370349324335, ""base_emotional.shame"": 0.061159410084179466, ""base_emotional.trust_in_teacher"": 0.7681317072603806}"		
1778047175.339	1	67	0.878687	0.734862	0.844426	0.000000	"{""adhd_hyperactive_impulsive.cognitive.conflict_tendency"": 0.23881592735229057, ""adhd_hyperactive_impulsive.cognitive.impulse_override"": 0.37076828353191127, ""adhd_hyperactive_impulsive.cognitive.plan_consistency"": -0.45226650375956423, ""adhd_hyperactive_impulsive.emotional.anger"": 0.20560845147682782, ""adhd_hyperactive_impulsive.emotional.excitement"": 0.17063490753671862, ""adhd_inattentive.cognitive.att_bandwidth"": -3, ""adhd_inattentive.cognitive.plan_consistency"": -0.41171914834066226, ""adhd_inattentive.cognitive.retention"": -2, ""adhd_inattentive.cognitive.task_initiation_delay"": 0.3143523085779332, ""adhd_inattentive.emotional.frustration"": 0.21797458693265231, ""adhd_inattentive.emotional.self_esteem"": -0.3422604757398986, ""adhd_inattentive.emotional.shame"": 0.14879341848358157, ""base_cognitive.att_bandwidth"": 3, ""base_cognitive.conflict_tendency"": 0.07244787274020537, ""base_cognitive.importance_trigger"": 149.7058859445441, ""base_cognitive.impulse_override"": 0.058787652234569845, ""base_cognitive.plan_consistency"": 0.8061253767140251, ""base_cognitive.recency_decay"": 0.9851502289895137, ""base_cognitive.retention"": 4, ""base_cognitive.social_sensitivity"": 0.5658849045033078, ""base_cognitive.task_initiation_delay"": 0.08813247872570032, ""base_cognitive.vision_r"": 5, ""base_emotional.anger"": 0.07627221983309085, ""base_emotional.anxiety"": 0.10517453042776492, ""base_emotional.excitement"": 0.17467458484941883, ""base_emotional.frustration"": 0.10404160364712223, ""base_emotional.loneliness"": 0.12400002461209819, ""base_emotional.self_esteem"": 0.6365244229278789, ""base_emotional.shame"": 0.06413581797781351, ""base_emotional.trust_in_teacher"": 0.7816632136251227}"		
1778047175.875	1	68	0.931958	0.813779	0.859228	0.000000	"{""adhd_hyperactive_impulsive.cognitive.conflict_tendency"": 0.1896199785603277, ""adhd_hyperactive_impulsive.cognitive.impulse_override"": 0.3129782880764028, ""adhd_hyperactive_impulsive.cognitive.plan_consistency"": -0.4276666103975669, ""adhd_hyperactive_impulsive.emotional.anger"": 0.19375225307697524, ""adhd_hyperactive_impulsive.emotional.excitement"": 0.1541150607038684, ""adhd_inattentive.cognitive.att_bandwidth"": -2, ""adhd_inattentive.cognitive.plan_consistency"": -0.39173001128201995, ""adhd_inattentive.cognitive.retention"": -2, ""adhd_inattentive.cognitive.task_initiation_delay"": 0.4722066763745071, ""adhd_inattentive.emotional.frustration"": 0.17654817819913174, ""adhd_inattentive.emotional.self_esteem"": -0.3294734279210326, ""adhd_inattentive.emotional.shame"": 0.17597176720303026, ""base_cognitive.att_bandwidth"": 2, ""base_cognitive.conflict_tendency"": 0.10838655869842292, ""base_cognitive.importance_trigger"": 134.855796860419, ""base_cognitive.impulse_override"": 0.05857031319895702, ""base_cognitive.plan_consistency"": 0.761311158161673, ""base_cognitive.recency_decay"": 0.9899094738884497, ""base_cognitive.retention"": 5, ""base_cognitive.social_sensitivity"": 0.3569528530810345, ""base_cognitive.task_initiation_delay"": 0.01944765520097005, ""base_cognitive.vision_r"": 4, ""base_emotional.anger"": 0.05016695318185348, ""base_emotional.anxiety"": 0.13428396331743925, ""base_emotional.excitement"": 0.26566797562724914, ""base_emotional.frustration"": 0.05454634068584011, ""base_emotional.loneliness"": 0.1272024722663254, ""base_emotional.self_esteem"": 0.7279634476915794, ""base_emotional.shame"": 0.052056138999256235, ""base_emotional.trust_in_teacher"": 0.7082022150995999}"		
1778047176.383	1	69	0.901226	0.763816	0.857340	0.000000	"{""adhd_hyperactive_impulsive.cognitive.conflict_tendency"": 0.24681793537727872, ""adhd_hyperactive_impulsive.cognitive.impulse_override"": 0.25958331400845114, ""adhd_hyperactive_impulsive.cognitive.plan_consistency"": -0.35637701559322693, ""adhd_hyperactive_impulsive.emotional.anger"": 0.18784656731007648, ""adhd_hyperactive_impulsive.emotional.excitement"": 0.1312281624325924, ""adhd_inattentive.cognitive.att_bandwidth"": -2, ""adhd_inattentive.cognitive.plan_consistency"": -0.41689875121603726, ""adhd_inattentive.cognitive.retention"": -3, ""adhd_inattentive.cognitive.task_initiation_delay"": 0.4625611529347719, ""adhd_inattentive.emotional.frustration"": 0.17437589907573234, ""adhd_inattentive.emotional.self_esteem"": -0.25071784693236654, ""adhd_inattentive.emotional.shame"": 0.17403004599880914, ""base_cognitive.att_bandwidth"": 3, ""base_cognitive.conflict_tendency"": 0.043867540735309754, ""base_cognitive.importance_trigger"": 130.9747544017377, ""base_cognitive.impulse_override"": 0.06795046062978531, ""base_cognitive.plan_consistency"": 0.7667097937132997, ""base_cognitive.recency_decay"": 0.9845807823569402, ""base_cognitive.retention"": 4, ""base_cognitive.social_sensitivity"": 0.3012947223730685, ""base_cognitive.task_initiation_delay"": 0.001986589865308086, ""base_cognitive.vision_r"": 4, ""base_emotional.anger"": 0.08957507102136583, ""base_emotional.anxiety"": 0.09207327223401837, ""base_emotional.excitement"": 0.28966112268872846, ""base_emotional.frustration"": 0.12850294103706328, ""base_emotional.loneliness"": 0.04313867619620845, ""base_emotional.self_esteem"": 0.7004416843702913, ""base_emotional.shame"": 0.1441554183587072, ""base_emotional.trust_in_teacher"": 0.6781489000331794}"		
1778047176.971	1	70	0.914743	0.809175	0.823095	0.000000	"{""adhd_hyperactive_impulsive.cognitive.conflict_tendency"": 0.14319439617275306, ""adhd_hyperactive_impulsive.cognitive.impulse_override"": 0.38005112617569725, ""adhd_hyperactive_impulsive.cognitive.plan_consistency"": -0.5187086898603152, ""adhd_hyperactive_impulsive.emotional.anger"": 0.1560476308637817, ""adhd_hyperactive_impulsive.emotional.excitement"": 0.19535132461062737, ""adhd_inattentive.cognitive.att_bandwidth"": -2, ""adhd_inattentive.cognitive.plan_consistency"": -0.3562504280366371, ""adhd_inattentive.cognitive.retention"": -3, ""adhd_inattentive.cognitive.task_initiation_delay"": 0.4238458224171571, ""adhd_inattentive.emotional.frustration"": 0.1378031386306091, ""adhd_inattentive.emotional.self_esteem"": -0.32901945964738094, ""adhd_inattentive.emotional.shame"": 0.17297515695934007, ""base_cognitive.att_bandwidth"": 2, ""base_cognitive.conflict_tendency"": 0.032233666022019235, ""base_cognitive.importance_trigger"": 157.22401704509943, ""base_cognitive.impulse_override"": 0.0839673925511706, ""base_cognitive.plan_consistency"": 0.7893043790248565, ""base_cognitive.recency_decay"": 0.9814687784849507, ""base_cognitive.retention"": 6, ""base_cognitive.social_sensitivity"": 0.30440053622440644, ""base_cognitive.task_initiation_delay"": 0.08182101900197924, ""base_cognitive.vision_r"": 3, ""base_emotional.anger"": 0.03667167964792869, ""base_emotional.anxiety"": 0.07023616645649919, ""base_emotional.excitement"": 0.2910713151170889, ""base_emotional.frustration"": 0.11178172189302142, ""base_emotional.loneliness"": 0.08197325342924873, ""base_emotional.self_esteem"": 0.7397103404735499, ""base_emotional.shame"": 0.05801568197191491, ""base_emotional.trust_in_teacher"": 0.6375059109943487}"		
1778047177.456	1	71	0.898011	0.804444	0.788361	0.000000	"{""adhd_hyperactive_impulsive.cognitive.conflict_tendency"": 0.14223179294469002, ""adhd_hyperactive_impulsive.cognitive.impulse_override"": 0.36363398454278306, ""adhd_hyperactive_impulsive.cognitive.plan_consistency"": -0.47254318787272104, ""adhd_hyperactive_impulsive.emotional.anger"": 0.1208032674179996, ""adhd_hyperactive_impulsive.emotional.excitement"": 0.1402875042165257, ""adhd_inattentive.cognitive.att_bandwidth"": -2, ""adhd_inattentive.cognitive.plan_consistency"": -0.3587455317926021, ""adhd_inattentive.cognitive.retention"": -2, ""adhd_inattentive.cognitive.task_initiation_delay"": 0.4880525126378205, ""adhd_inattentive.emotional.frustration"": 0.1875525838661939, ""adhd_inattentive.emotional.self_esteem"": -0.18661307781360978, ""adhd_inattentive.emotional.shame"": 0.13337059290989023, ""base_cognitive.att_bandwidth"": 2, ""base_cognitive.conflict_tendency"": 0.07470107814671309, ""base_cognitive.importance_trigger"": 129.06047752277527, ""base_cognitive.impulse_override"": 0.08949379215080433, ""base_cognitive.plan_consistency"": 0.928838403722306, ""base_cognitive.recency_decay"": 0.9923304646807518, ""base_cognitive.retention"": 4, ""base_cognitive.social_sensitivity"": 0.36987224658745466, ""base_cognitive.task_initiation_delay"": 0.0013237803105485947, ""base_cognitive.vision_r"": 3, ""base_emotional.anger"": 0.08197770317954067, ""base_emotional.anxiety"": 0.07464165034652666, ""base_emotional.excitement"": 0.1772982369661033, ""base_emotional.frustration"": 0.14116368592083842, ""base_emotional.loneliness"": 0.0434347185661995, ""base_emotional.self_esteem"": 0.7783699159177291, ""base_emotional.shame"": 0.11709873380023778, ""base_emotional.trust_in_teacher"": 0.7461459305902751}"		
1778047177.984	1	72	0.752834	0.535811	0.828370	0.000000	"{""adhd_hyperactive_impulsive.cognitive.conflict_tendency"": 0.2496808499471812, ""adhd_hyperactive_impulsive.cognitive.impulse_override"": 0.2653528800733223, ""adhd_hyperactive_impulsive.cognitive.plan_consistency"": -0.45616595225084594, ""adhd_hyperactive_impulsive.emotional.anger"": 0.16686491315350283, ""adhd_hyperactive_impulsive.emotional.excitement"": 0.20295792804119323, ""adhd_inattentive.cognitive.att_bandwidth"": -3, ""adhd_inattentive.cognitive.plan_consistency"": -0.34380900810229353, ""adhd_inattentive.cognitive.retention"": -4, ""adhd_inattentive.cognitive.task_initiation_delay"": 0.39535668826384757, ""adhd_inattentive.emotional.frustration"": 0.24570992197326053, ""adhd_inattentive.emotional.self_esteem"": -0.1882416128819151, ""adhd_inattentive.emotional.shame"": 0.1752398366767388, ""base_cognitive.att_bandwidth"": 2, ""base_cognitive.conflict_tendency"": 0.06732920446243038, ""base_cognitive.importance_trigger"": 102.0596379573608, ""base_cognitive.impulse_override"": 0.06414041625616146, ""base_cognitive.plan_consistency"": 0.7997251667434436, ""base_cognitive.recency_decay"": 0.980347987657339, ""base_cognitive.retention"": 5, ""base_cognitive.social_sensitivity"": 0.5131609079312336, ""base_cognitive.task_initiation_delay"": 0.03656244301298555, ""base_cognitive.vision_r"": 3, ""base_emotional.anger"": 0.0969485930359569, ""base_emotional.anxiety"": 0.055940139448915946, ""base_emotional.excitement"": 0.1890845772785901, ""base_emotional.frustration"": 0.14755537711732047, ""base_emotional.loneliness"": 0.1462304638552177, ""base_emotional.self_esteem"": 0.7503792927381613, ""base_emotional.shame"": 0.12447638773179853, ""base_emotional.trust_in_teacher"": 0.5857318526734612}"		
1778047178.577	1	73	0.895890	0.780364	0.819179	0.000000	"{""adhd_hyperactive_impulsive.cognitive.conflict_tendency"": 0.1773533348760099, ""adhd_hyperactive_impulsive.cognitive.impulse_override"": 0.33475887477462773, ""adhd_hyperactive_impulsive.cognitive.plan_consistency"": -0.3891701042575303, ""adhd_hyperactive_impulsive.emotional.anger"": 0.17152737401580667, ""adhd_hyperactive_impulsive.emotional.excitement"": 0.17114933460319876, ""adhd_inattentive.cognitive.att_bandwidth"": -3, ""adhd_inattentive.cognitive.plan_consistency"": -0.4263283167858564, ""adhd_inattentive.cognitive.retention"": -2, ""adhd_inattentive.cognitive.task_initiation_delay"": 0.39498497003669325, ""adhd_inattentive.emotional.frustration"": 0.22039706134996578, ""adhd_inattentive.emotional.self_esteem"": -0.2209974425821632, ""adhd_inattentive.emotional.shame"": 0.15774459934781163, ""base_cognitive.att_bandwidth"": 3, ""base_cognitive.conflict_tendency"": 0.06797239295182514, ""base_cognitive.importance_trigger"": 126.30310988181891, ""base_cognitive.impulse_override"": 0.07407554567555814, ""base_cognitive.plan_consistency"": 0.9095864502362194, ""base_cognitive.recency_decay"": 0.9874922416107661, ""base_cognitive.retention"": 5, ""base_cognitive.social_sensitivity"": 0.3221068924172236, ""base_cognitive.task_initiation_delay"": 0.03947812882733953, ""base_cognitive.vision_r"": 3, ""base_emotional.anger"": 0.13014591989484137, ""base_emotional.anxiety"": 0.13298866626966105, ""base_emotional.excitement"": 0.25815276198813897, ""base_emotional.frustration"": 0.13328806717972608, ""base_emotional.loneliness"": 0.06690446498534355, ""base_emotional.self_esteem"": 0.7061734008311418, ""base_emotional.shame"": 0.11163787783472329, ""base_emotional.trust_in_teacher"": 0.5747227800404074}"		
1778047179.139	1	74	0.917106	0.805024	0.835230	0.000000	"{""adhd_hyperactive_impulsive.cognitive.conflict_tendency"": 0.16217377436085154, ""adhd_hyperactive_impulsive.cognitive.impulse_override"": 0.35461215146848196, ""adhd_hyperactive_impulsive.cognitive.plan_consistency"": -0.5257845177988079, ""adhd_hyperactive_impulsive.emotional.anger"": 0.19289162309188576, ""adhd_hyperactive_impulsive.emotional.excitement"": 0.2353114875750319, ""adhd_inattentive.cognitive.att_bandwidth"": -2, ""adhd_inattentive.cognitive.plan_consistency"": -0.41939639026883924, ""adhd_inattentive.cognitive.retention"": -3, ""adhd_inattentive.cognitive.task_initiation_delay"": 0.48314089971145224, ""adhd_inattentive.emotional.frustration"": 0.23569097739521594, ""adhd_inattentive.emotional.self_esteem"": -0.1917899174140181, ""adhd_inattentive.emotional.shame"": 0.2300208766723266, ""base_cognitive.att_bandwidth"": 4, ""base_cognitive.conflict_tendency"": 0.0859640862274973, ""base_cognitive.importance_trigger"": 138.40057427665144, ""base_cognitive.impulse_override"": 0.11184488918979921, ""base_cognitive.plan_consistency"": 0.8343171239983215, ""base_cognitive.recency_decay"": 0.9898678793588921, ""base_cognitive.retention"": 4, ""base_cognitive.social_sensitivity"": 0.3767079990228792, ""base_cognitive.task_initiation_delay"": 0.04483070083758183, ""base_cognitive.vision_r"": 4, ""base_emotional.anger"": 0.12265185162530133, ""base_emotional.anxiety"": 0.053635643043686024, ""base_emotional.excitement"": 0.23193869204045658, ""base_emotional.frustration"": 0.05152598617796591, ""base_emotional.loneliness"": 0.09274220873952682, ""base_emotional.self_esteem"": 0.7548144590486492, ""base_emotional.shame"": 0.05528960069512145, ""base_emotional.trust_in_teacher"": 0.6347825228259921}"		
1778047179.767	1	75	0.901756	0.813752	0.783761	0.000000	"{""adhd_hyperactive_impulsive.cognitive.conflict_tendency"": 0.24964780998889374, ""adhd_hyperactive_impulsive.cognitive.impulse_override"": 0.374083271818778, ""adhd_hyperactive_impulsive.cognitive.plan_consistency"": -0.48075618582939345, ""adhd_hyperactive_impulsive.emotional.anger"": 0.12653623574414327, ""adhd_hyperactive_impulsive.emotional.excitement"": 0.20742551955470606, ""adhd_inattentive.cognitive.att_bandwidth"": -3, ""adhd_inattentive.cognitive.plan_consistency"": -0.28762889484429777, ""adhd_inattentive.cognitive.retention"": -3, ""adhd_inattentive.cognitive.task_initiation_delay"": 0.4174489773757629, ""adhd_inattentive.emotional.frustration"": 0.15334673171787652, ""adhd_inattentive.emotional.self_esteem"": -0.19135732150184231, ""adhd_inattentive.emotional.shame"": 0.10307574758327193, ""base_cognitive.att_bandwidth"": 3, ""base_cognitive.conflict_tendency"": 0.061754910602687466, ""base_cognitive.importance_trigger"": 110.32862076147673, ""base_cognitive.impulse_override"": 0.05918204175376088, ""base_cognitive.plan_consistency"": 0.8432288655916435, ""base_cognitive.recency_decay"": 0.9877508855494616, ""base_cognitive.retention"": 6, ""base_cognitive.social_sensitivity"": 0.428052615006439, ""base_cognitive.task_initiation_delay"": 0.00969401459912338, ""base_cognitive.vision_r"": 4, ""base_emotional.anger"": 0.14902216913029787, ""base_emotional.anxiety"": 0.12821479159130836, ""base_emotional.excitement"": 0.17878102116483818, ""base_emotional.frustration"": 0.15745172382887357, ""base_emotional.loneliness"": 0.11812664654053769, ""base_emotional.self_esteem"": 0.669268284966998, ""base_emotional.shame"": 0.03218019990849803, ""base_emotional.trust_in_teacher"": 0.6483945771209763}"		
1778047180.244	1	76	0.876353	0.764941	0.793473	0.000000	"{""adhd_hyperactive_impulsive.cognitive.conflict_tendency"": 0.16550430086107523, ""adhd_hyperactive_impulsive.cognitive.impulse_override"": 0.2711064570650764, ""adhd_hyperactive_impulsive.cognitive.plan_consistency"": -0.4273903509721455, ""adhd_hyperactive_impulsive.emotional.anger"": 0.1358980256980153, ""adhd_hyperactive_impulsive.emotional.excitement"": 0.10877862340368522, ""adhd_inattentive.cognitive.att_bandwidth"": -2, ""adhd_inattentive.cognitive.plan_consistency"": -0.30572883560359043, ""adhd_inattentive.cognitive.retention"": -4, ""adhd_inattentive.cognitive.task_initiation_delay"": 0.3320287891164977, ""adhd_inattentive.emotional.frustration"": 0.22970628242054345, ""adhd_inattentive.emotional.self_esteem"": -0.2696956710919034, ""adhd_inattentive.emotional.shame"": 0.1745353291525301, ""base_cognitive.att_bandwidth"": 2, ""base_cognitive.conflict_tendency"": 0.038778799308145984, ""base_cognitive.importance_trigger"": 168.42911632589818, ""base_cognitive.impulse_override"": 0.05089668020405949, ""base_cognitive.plan_consistency"": 0.8396348059620065, ""base_cognitive.recency_decay"": 0.9859333569507905, ""base_cognitive.retention"": 4, ""base_cognitive.social_sensitivity"": 0.31417738962678404, ""base_cognitive.task_initiation_delay"": 0.04757614618387873, ""base_cognitive.vision_r"": 5, ""base_emotional.anger"": 0.1144422356067804, ""base_emotional.anxiety"": 0.13636795002872082, ""base_emotional.excitement"": 0.2956060887333099, ""base_emotional.frustration"": 0.12323262092949085, ""base_emotional.loneliness"": 0.1192881650764531, ""base_emotional.self_esteem"": 0.6715482939458625, ""base_emotional.shame"": 0.09937260530599994, ""base_emotional.trust_in_teacher"": 0.5724224996729392}"		
1778047180.818	1	77	0.734856	0.514704	0.815084	0.000000	"{""adhd_hyperactive_impulsive.cognitive.conflict_tendency"": 0.11145712653970928, ""adhd_hyperactive_impulsive.cognitive.impulse_override"": 0.2782519645156358, ""adhd_hyperactive_impulsive.cognitive.plan_consistency"": -0.35097778349041253, ""adhd_hyperactive_impulsive.emotional.anger"": 0.14563869552718522, ""adhd_hyperactive_impulsive.emotional.excitement"": 0.21072050866922737, ""adhd_inattentive.cognitive.att_bandwidth"": -1, ""adhd_inattentive.cognitive.plan_consistency"": -0.3847697523243134, ""adhd_inattentive.cognitive.retention"": -4, ""adhd_inattentive.cognitive.task_initiation_delay"": 0.3046944587256271, ""adhd_inattentive.emotional.frustration"": 0.21028645226870635, ""adhd_inattentive.emotional.self_esteem"": -0.3251256954259185, ""adhd_inattentive.emotional.shame"": 0.20166857003478172, ""base_cognitive.att_bandwidth"": 4, ""base_cognitive.conflict_tendency"": 0.04792989053952082, ""base_cognitive.importance_trigger"": 116.3630065472777, ""base_cognitive.impulse_override"": 0.11699128864607922, ""base_cognitive.plan_consistency"": 0.9222791351963262, ""base_cognitive.recency_decay"": 0.981227051163568, ""base_cognitive.retention"": 5, ""base_cognitive.social_sensitivity"": 0.33907129273556297, ""base_cognitive.task_initiation_delay"": 0.0028127860453531664, ""base_cognitive.vision_r"": 3, ""base_emotional.anger"": 0.059220536250361666, ""base_emotional.anxiety"": 0.14288216930375314, ""base_emotional.excitement"": 0.21419323426837206, ""base_emotional.frustration"": 0.1890362388783947, ""base_emotional.loneliness"": 0.1440105751288688, ""base_emotional.self_esteem"": 0.6218549467277352, ""base_emotional.shame"": 0.03075165855470545, ""base_emotional.trust_in_teacher"": 0.6430504243932575}"		
1778047181.463	1	78	0.899005	0.801425	0.795375	0.000000	"{""adhd_hyperactive_impulsive.cognitive.conflict_tendency"": 0.14279076069328614, ""adhd_hyperactive_impulsive.cognitive.impulse_override"": 0.3258797715883722, ""adhd_hyperactive_impulsive.cognitive.plan_consistency"": -0.38805229195293023, ""adhd_hyperactive_impulsive.emotional.anger"": 0.1318107245818455, ""adhd_hyperactive_impulsive.emotional.excitement"": 0.2038458597581086, ""adhd_inattentive.cognitive.att_bandwidth"": -2, ""adhd_inattentive.cognitive.plan_consistency"": -0.34543703357577427, ""adhd_inattentive.cognitive.retention"": -2, ""adhd_inattentive.cognitive.task_initiation_delay"": 0.31745396970661494, ""adhd_inattentive.emotional.frustration"": 0.159306566426982, ""adhd_inattentive.emotional.self_esteem"": -0.24945241753000835, ""adhd_inattentive.emotional.shame"": 0.12541856292367798, ""base_cognitive.att_bandwidth"": 3, ""base_cognitive.conflict_tendency"": 0.1151166575459389, ""base_cognitive.importance_trigger"": 120.26414971315639, ""base_cognitive.impulse_override"": 0.10550808676952074, ""base_cognitive.plan_consistency"": 0.913730060530948, ""base_cognitive.recency_decay"": 0.9813717602108187, ""base_cognitive.retention"": 6, ""base_cognitive.social_sensitivity"": 0.5065956748372733, ""base_cognitive.task_initiation_delay"": 0.08347526825356455, ""base_cognitive.vision_r"": 5, ""base_emotional.anger"": 0.03827705170084088, ""base_emotional.anxiety"": 0.09567484492719588, ""base_emotional.excitement"": 0.2320505100763145, ""base_emotional.frustration"": 0.13748187299240133, ""base_emotional.loneliness"": 0.036093597931316126, ""base_emotional.self_esteem"": 0.6448367218952819, ""base_emotional.shame"": 0.14250862158796787, ""base_emotional.trust_in_teacher"": 0.5547408000581117}"		
1778047182.102	1	79	0.904412	0.812380	0.792459	0.000000	"{""adhd_hyperactive_impulsive.cognitive.conflict_tendency"": 0.2092894157307436, ""adhd_hyperactive_impulsive.cognitive.impulse_override"": 0.298994894562939, ""adhd_hyperactive_impulsive.cognitive.plan_consistency"": -0.5382195913692691, ""adhd_hyperactive_impulsive.emotional.anger"": 0.17747205896403673, ""adhd_hyperactive_impulsive.emotional.excitement"": 0.13088309881596602, ""adhd_inattentive.cognitive.att_bandwidth"": -1, ""adhd_inattentive.cognitive.plan_consistency"": -0.35977200687163047, ""adhd_inattentive.cognitive.retention"": -3, ""adhd_inattentive.cognitive.task_initiation_delay"": 0.41282904593049397, ""adhd_inattentive.emotional.frustration"": 0.1706418038356745, ""adhd_inattentive.emotional.self_esteem"": -0.2876866879914444, ""adhd_inattentive.emotional.shame"": 0.2150103043291332, ""base_cognitive.att_bandwidth"": 4, ""base_cognitive.conflict_tendency"": 0.039702301451873805, ""base_cognitive.importance_trigger"": 153.21791805711035, ""base_cognitive.impulse_override"": 0.043140563981876906, ""base_cognitive.plan_consistency"": 0.8586114441593856, ""base_cognitive.recency_decay"": 0.9853508375336777, ""base_cognitive.retention"": 6, ""base_cognitive.social_sensitivity"": 0.5680860377596787, ""base_cognitive.task_initiation_delay"": 0.058749953312157745, ""base_cognitive.vision_r"": 5, ""base_emotional.anger"": 0.11846995177899561, ""base_emotional.anxiety"": 0.10393860670718028, ""base_emotional.excitement"": 0.19241291496007204, ""base_emotional.frustration"": 0.07049963497552782, ""base_emotional.loneliness"": 0.09415828190027696, ""base_emotional.self_esteem"": 0.7203733724447416, ""base_emotional.shame"": 0.0516484837494499, ""base_emotional.trust_in_teacher"": 0.5881382656599636}"		
1778047182.736	1	80	0.910004	0.815693	0.801472	0.000000	"{""adhd_hyperactive_impulsive.cognitive.conflict_tendency"": 0.12315483630569345, ""adhd_hyperactive_impulsive.cognitive.impulse_override"": 0.35519023244637526, ""adhd_hyperactive_impulsive.cognitive.plan_consistency"": -0.45849550397910344, ""adhd_hyperactive_impulsive.emotional.anger"": 0.1838798662507881, ""adhd_hyperactive_impulsive.emotional.excitement"": 0.13125219666273696, ""adhd_inattentive.cognitive.att_bandwidth"": -1, ""adhd_inattentive.cognitive.plan_consistency"": -0.28461010198051373, ""adhd_inattentive.cognitive.retention"": -4, ""adhd_inattentive.cognitive.task_initiation_delay"": 0.31003128328859925, ""adhd_inattentive.emotional.frustration"": 0.20000405529588955, ""adhd_inattentive.emotional.self_esteem"": -0.2725735477308697, ""adhd_inattentive.emotional.shame"": 0.222694436221274, ""base_cognitive.att_bandwidth"": 4, ""base_cognitive.conflict_tendency"": 0.05373312807567433, ""base_cognitive.importance_trigger"": 141.50164541379525, ""base_cognitive.impulse_override"": 0.035550900245458684, ""base_cognitive.plan_consistency"": 0.8318676130582291, ""base_cognitive.recency_decay"": 0.9825392635516073, ""base_cognitive.retention"": 6, ""base_cognitive.social_sensitivity"": 0.36291750176711896, ""base_cognitive.task_initiation_delay"": 0.06152779894323223, ""base_cognitive.vision_r"": 3, ""base_emotional.anger"": 0.04080536755187856, ""base_emotional.anxiety"": 0.11011410925505796, ""base_emotional.excitement"": 0.2570972227795425, ""base_emotional.frustration"": 0.1474612698891922, ""base_emotional.loneliness"": 0.14485199433780294, ""base_emotional.self_esteem"": 0.7431188635891527, ""base_emotional.shame"": 0.04102034166525418, ""base_emotional.trust_in_teacher"": 0.7541320428962727}"		
1778047183.345	2	1	0.900057	0.811011	0.783626	0.000000	"{""adhd_hyperactive_impulsive.cognitive.conflict_tendency"": 0.1625021615951826, ""adhd_hyperactive_impulsive.cognitive.impulse_override"": 0.3372920056750851, ""adhd_hyperactive_impulsive.cognitive.plan_consistency"": -0.36655981506900903, ""adhd_hyperactive_impulsive.emotional.anger"": 0.23703859832614793, ""adhd_hyperactive_impulsive.emotional.excitement"": 0.18389345897567794, ""adhd_inattentive.cognitive.att_bandwidth"": -2, ""adhd_inattentive.cognitive.plan_consistency"": -0.27768700463037016, ""adhd_inattentive.cognitive.retention"": -4, ""adhd_inattentive.cognitive.task_initiation_delay"": 0.3025046742697055, ""adhd_inattentive.emotional.frustration"": 0.16581008311940218, ""adhd_inattentive.emotional.self_esteem"": -0.25783909136342614, ""adhd_inattentive.emotional.shame"": 0.2358054352360343, ""base_cognitive.att_bandwidth"": 3, ""base_cognitive.conflict_tendency"": 0.07545813142152734, ""base_cognitive.importance_trigger"": 158.1870338055436, ""base_cognitive.impulse_override"": 0.070460995293913, ""base_cognitive.plan_consistency"": 0.9377807299860554, ""base_cognitive.recency_decay"": 0.9849013656829748, ""base_cognitive.retention"": 6, ""base_cognitive.social_sensitivity"": 0.557998525236631, ""base_cognitive.task_initiation_delay"": 0.008744904218986833, ""base_cognitive.vision_r"": 5, ""base_emotional.anger"": 0.11712452555930591, ""base_emotional.anxiety"": 0.15765820103289052, ""base_emotional.excitement"": 0.2663841602740428, ""base_emotional.frustration"": 0.11230419019803076, ""base_emotional.loneliness"": 0.13887643924972523, ""base_emotional.self_esteem"": 0.7435424772341239, ""base_emotional.shame"": 0.04741232085813385, ""base_emotional.trust_in_teacher"": 0.6853070868958324}"		
1778047183.945	2	2	0.927959	0.815482	0.846675	0.000000	"{""adhd_hyperactive_impulsive.cognitive.conflict_tendency"": 0.159432102393551, ""adhd_hyperactive_impulsive.cognitive.impulse_override"": 0.384516652658463, ""adhd_hyperactive_impulsive.cognitive.plan_consistency"": -0.5463828867123669, ""adhd_hyperactive_impulsive.emotional.anger"": 0.21348016103369197, ""adhd_hyperactive_impulsive.emotional.excitement"": 0.11880727097552346, ""adhd_inattentive.cognitive.att_bandwidth"": -2, ""adhd_inattentive.cognitive.plan_consistency"": -0.347835924393449, ""adhd_inattentive.cognitive.retention"": -3, ""adhd_inattentive.cognitive.task_initiation_delay"": 0.33650613501285737, ""adhd_inattentive.emotional.frustration"": 0.1849642125162199, ""adhd_inattentive.emotional.self_esteem"": -0.2418154410117586, ""adhd_inattentive.emotional.shame"": 0.1841873375918544, ""base_cognitive.att_bandwidth"": 4, ""base_cognitive.conflict_tendency"": 0.03623785316243995, ""base_cognitive.importance_trigger"": 150.0934457781524, ""base_cognitive.impulse_override"": 0.05526067746984358, ""base_cognitive.plan_consistency"": 0.7952038517121345, ""base_cognitive.recency_decay"": 0.990210747208044, ""base_cognitive.retention"": 5, ""base_cognitive.social_sensitivity"": 0.46288231812407654, ""base_cognitive.task_initiation_delay"": 0.03682996285669085, ""base_cognitive.vision_r"": 3, ""base_emotional.anger"": 0.032490725223470664, ""base_emotional.anxiety"": 0.12325324442925495, ""base_emotional.excitement"": 0.23990537857297728, ""base_emotional.frustration"": 0.07598211242142561, ""base_emotional.loneliness"": 0.10927531354329144, ""base_emotional.self_esteem"": 0.7335149802861299, ""base_emotional.shame"": 0.12606806439435186, ""base_emotional.trust_in_teacher"": 0.7923583896675908}"		
1778047184.565	2	3	0.912432	0.810575	0.815218	0.000000	"{""adhd_hyperactive_impulsive.cognitive.conflict_tendency"": 0.23350045253711244, ""adhd_hyperactive_impulsive.cognitive.impulse_override"": 0.3670456569097308, ""adhd_hyperactive_impulsive.cognitive.plan_consistency"": -0.48959435585749733, ""adhd_hyperactive_impulsive.emotional.anger"": 0.138289933773954, ""adhd_hyperactive_impulsive.emotional.excitement"": 0.24504376862588054, ""adhd_inattentive.cognitive.att_bandwidth"": -3, ""adhd_inattentive.cognitive.plan_consistency"": -0.3619261613196576, ""adhd_inattentive.cognitive.retention"": -2, ""adhd_inattentive.cognitive.task_initiation_delay"": 0.36441859504689833, ""adhd_inattentive.emotional.frustration"": 0.19528798307718692, ""adhd_inattentive.emotional.self_esteem"": -0.28499851809390553, ""adhd_inattentive.emotional.shame"": 0.14641175671885917, ""base_cognitive.att_bandwidth"": 3, ""base_cognitive.conflict_tendency"": 0.09146034278929643, ""base_cognitive.importance_trigger"": 168.37020622992873, ""base_cognitive.impulse_override"": 0.04645788014783023, ""base_cognitive.plan_consistency"": 0.8905225981344191, ""base_cognitive.recency_decay"": 0.981228671844556, ""base_cognitive.retention"": 6, ""base_cognitive.social_sensitivity"": 0.596254731998139, ""base_cognitive.task_initiation_delay"": 0.05271286372865396, ""base_cognitive.vision_r"": 4, ""base_emotional.anger"": 0.13419273506150103, ""base_emotional.anxiety"": 0.0753331545350025, ""base_emotional.excitement"": 0.21672387989485886, ""base_emotional.frustration"": 0.08348242058599625, ""base_emotional.loneliness"": 0.06257454179721776, ""base_emotional.self_esteem"": 0.6678776947443358, ""base_emotional.shame"": 0.0377993014038287, ""base_emotional.trust_in_teacher"": 0.741112912661154}"		
1778047185.144	2	4	0.744056	0.509906	0.845280	0.000000	"{""adhd_hyperactive_impulsive.cognitive.conflict_tendency"": 0.18260634876329374, ""adhd_hyperactive_impulsive.cognitive.impulse_override"": 0.39954427670387793, ""adhd_hyperactive_impulsive.cognitive.plan_consistency"": -0.49426740903927324, ""adhd_hyperactive_impulsive.emotional.anger"": 0.19531560174919532, ""adhd_hyperactive_impulsive.emotional.excitement"": 0.23012665317480505, ""adhd_inattentive.cognitive.att_bandwidth"": -1, ""adhd_inattentive.cognitive.plan_consistency"": -0.3232747516720059, ""adhd_inattentive.cognitive.retention"": -3, ""adhd_inattentive.cognitive.task_initiation_delay"": 0.4708937448699052, ""adhd_inattentive.emotional.frustration"": 0.24262975786674482, ""adhd_inattentive.emotional.self_esteem"": -0.18929326888841044, ""adhd_inattentive.emotional.shame"": 0.16399396228801877, ""base_cognitive.att_bandwidth"": 4, ""base_cognitive.conflict_tendency"": 0.10904492439921405, ""base_cognitive.importance_trigger"": 110.9283771835197, ""base_cognitive.impulse_override"": 0.11154336500998498, ""base_cognitive.plan_consistency"": 0.7776742686626968, ""base_cognitive.recency_decay"": 0.9925381980060777, ""base_cognitive.retention"": 5, ""base_cognitive.social_sensitivity"": 0.43542233642785527, ""base_cognitive.task_initiation_delay"": 0.014585229375192944, ""base_cognitive.vision_r"": 5, ""base_emotional.anger"": 0.06682744348289024, ""base_emotional.anxiety"": 0.09567545816044004, ""base_emotional.excitement"": 0.2879471769565417, ""base_emotional.frustration"": 0.16483441777238256, ""base_emotional.loneliness"": 0.031528670936135365, ""base_emotional.self_esteem"": 0.6951712353768599, ""base_emotional.shame"": 0.08018027624410062, ""base_emotional.trust_in_teacher"": 0.6302553757000809}"		
1778047185.618	2	5	0.831225	0.696291	0.783626	0.000000	"{""adhd_hyperactive_impulsive.cognitive.conflict_tendency"": 0.10389465965995587, ""adhd_hyperactive_impulsive.cognitive.impulse_override"": 0.34412196490768265, ""adhd_hyperactive_impulsive.cognitive.plan_consistency"": -0.4654018626266567, ""adhd_hyperactive_impulsive.emotional.anger"": 0.16522701458471742, ""adhd_hyperactive_impulsive.emotional.excitement"": 0.15185736260724797, ""adhd_inattentive.cognitive.att_bandwidth"": -1, ""adhd_inattentive.cognitive.plan_consistency"": -0.2963984393018865, ""adhd_inattentive.cognitive.retention"": -3, ""adhd_inattentive.cognitive.task_initiation_delay"": 0.34795762153054866, ""adhd_inattentive.emotional.frustration"": 0.23093142480822704, ""adhd_inattentive.emotional.self_esteem"": -0.31092078732227035, ""adhd_inattentive.emotional.shame"": 0.13746160805416074, ""base_cognitive.att_bandwidth"": 2, ""base_cognitive.conflict_tendency"": 0.041670017415063855, ""base_cognitive.importance_trigger"": 128.00856137460914, ""base_cognitive.impulse_override"": 0.101449006919672, ""base_cognitive.plan_consistency"": 0.9196568260437642, ""base_cognitive.recency_decay"": 0.9917584288001903, ""base_cognitive.retention"": 4, ""base_cognitive.social_sensitivity"": 0.3531062433281958, ""base_cognitive.task_initiation_delay"": 0.07330202588378147, ""base_cognitive.vision_r"": 5, ""base_emotional.anger"": 0.10500437325440201, ""base_emotional.anxiety"": 0.05123384220410426, ""base_emotional.excitement"": 0.24228493382433053, ""base_emotional.frustration"": 0.17631019923213148, ""base_emotional.loneliness"": 0.04473553310750461, ""base_emotional.self_esteem"": 0.6447919727567195, ""base_emotional.shame"": 0.14488706839977966, ""base_emotional.trust_in_teacher"": 0.6681345778214526}"		
1778047186.206	2	6	0.891302	0.753582	0.847883	0.000000	"{""adhd_hyperactive_impulsive.cognitive.conflict_tendency"": 0.2081359608521463, ""adhd_hyperactive_impulsive.cognitive.impulse_override"": 0.31904561070798004, ""adhd_hyperactive_impulsive.cognitive.plan_consistency"": -0.4322603522222862, ""adhd_hyperactive_impulsive.emotional.anger"": 0.20122041112813577, ""adhd_hyperactive_impulsive.emotional.excitement"": 0.21880925070484675, ""adhd_inattentive.cognitive.att_bandwidth"": -1, ""adhd_inattentive.cognitive.plan_consistency"": -0.43729348913432636, ""adhd_inattentive.cognitive.retention"": -2, ""adhd_inattentive.cognitive.task_initiation_delay"": 0.42774900884469186, ""adhd_inattentive.emotional.frustration"": 0.2214532153703786, ""adhd_inattentive.emotional.self_esteem"": -0.27489175996164883, ""adhd_inattentive.emotional.shame"": 0.10213451434225095, ""base_cognitive.att_bandwidth"": 4, ""base_cognitive.conflict_tendency"": 0.09938043873783446, ""base_cognitive.importance_trigger"": 103.5552002525083, ""base_cognitive.impulse_override"": 0.03113569145505948, ""base_cognitive.plan_consistency"": 0.8540091605332036, ""base_cognitive.recency_decay"": 0.9941619904833251, ""base_cognitive.retention"": 5, ""base_cognitive.social_sensitivity"": 0.365370607377745, ""base_cognitive.task_initiation_delay"": 0.09519060071294912, ""base_cognitive.vision_r"": 4, ""base_emotional.anger"": 0.08613440997676493, ""base_emotional.anxiety"": 0.13353587481404283, ""base_emotional.excitement"": 0.16654887797305185, ""base_emotional.frustration"": 0.10544283877136088, ""base_emotional.loneliness"": 0.07458734129686195, ""base_emotional.self_esteem"": 0.770990435410302, ""base_emotional.shame"": 0.0750965741962148, ""base_emotional.trust_in_teacher"": 0.7073355247596746}"		
1778047186.837	2	7	0.884180	0.745825	0.841712	0.000000	"{""adhd_hyperactive_impulsive.cognitive.conflict_tendency"": 0.19319599150585787, ""adhd_hyperactive_impulsive.cognitive.impulse_override"": 0.27118854291916633, ""adhd_hyperactive_impulsive.cognitive.plan_consistency"": -0.4170444322161744, ""adhd_hyperactive_impulsive.emotional.anger"": 0.17797221728735557, ""adhd_hyperactive_impulsive.emotional.excitement"": 0.10701908493896378, ""adhd_inattentive.cognitive.att_bandwidth"": -2, ""adhd_inattentive.cognitive.plan_consistency"": -0.4155872582778512, ""adhd_inattentive.cognitive.retention"": -4, ""adhd_inattentive.cognitive.task_initiation_delay"": 0.48352404830303725, ""adhd_inattentive.emotional.frustration"": 0.20644917348417818, ""adhd_inattentive.emotional.self_esteem"": -0.2080428650413839, ""adhd_inattentive.emotional.shame"": 0.2141631762547324, ""base_cognitive.att_bandwidth"": 3, ""base_cognitive.conflict_tendency"": 0.11470417096214011, ""base_cognitive.importance_trigger"": 139.6623247750653, ""base_cognitive.impulse_override"": 0.081790336219376, ""base_cognitive.plan_consistency"": 0.8785011749336646, ""base_cognitive.recency_decay"": 0.9860609738148944, ""base_cognitive.retention"": 6, ""base_cognitive.social_sensitivity"": 0.4860331596983638, ""base_cognitive.task_initiation_delay"": 0.02997207141363528, ""base_cognitive.vision_r"": 4, ""base_emotional.anger"": 0.06407383271207648, ""base_emotional.anxiety"": 0.07798421957074322, ""base_emotional.excitement"": 0.18965893315736618, ""base_emotional.frustration"": 0.18840509491150487, ""base_emotional.loneliness"": 0.08218693790918216, ""base_emotional.self_esteem"": 0.6372899536178039, ""base_emotional.shame"": 0.061322211970532094, ""base_emotional.trust_in_teacher"": 0.7502638111944988}"		
1778047187.346	2	8	0.914825	0.808712	0.823995	0.000000	"{""adhd_hyperactive_impulsive.cognitive.conflict_tendency"": 0.13910944091223623, ""adhd_hyperactive_impulsive.cognitive.impulse_override"": 0.2979854587680981, ""adhd_hyperactive_impulsive.cognitive.plan_consistency"": -0.39519699103094286, ""adhd_hyperactive_impulsive.emotional.anger"": 0.23143677570609525, ""adhd_hyperactive_impulsive.emotional.excitement"": 0.16628201236357448, ""adhd_inattentive.cognitive.att_bandwidth"": -3, ""adhd_inattentive.cognitive.plan_consistency"": -0.3995259177706803, ""adhd_inattentive.cognitive.retention"": -4, ""adhd_inattentive.cognitive.task_initiation_delay"": 0.3866914989524829, ""adhd_inattentive.emotional.frustration"": 0.1475218218352478, ""adhd_inattentive.emotional.self_esteem"": -0.22583526206465881, ""adhd_inattentive.emotional.shame"": 0.20410763743579752, ""base_cognitive.att_bandwidth"": 3, ""base_cognitive.conflict_tendency"": 0.06385637370447593, ""base_cognitive.importance_trigger"": 122.98520817586308, ""base_cognitive.impulse_override"": 0.1043342774190259, ""base_cognitive.plan_consistency"": 0.8328893325256086, ""base_cognitive.recency_decay"": 0.9837173065466198, ""base_cognitive.retention"": 4, ""base_cognitive.social_sensitivity"": 0.3954139773888638, ""base_cognitive.task_initiation_delay"": 0.04518270362190899, ""base_cognitive.vision_r"": 4, ""base_emotional.anger"": 0.0928030004247603, ""base_emotional.anxiety"": 0.17645132183203577, ""base_emotional.excitement"": 0.1975096899330855, ""base_emotional.frustration"": 0.15058383679681764, ""base_emotional.loneliness"": 0.11990815958524581, ""base_emotional.self_esteem"": 0.7812916071866273, ""base_emotional.shame"": 0.10053992292194176, ""base_emotional.trust_in_teacher"": 0.5978290073980611}"		
1778047187.881	2	9	0.900674	0.812039	0.783626	0.000000	"{""adhd_hyperactive_impulsive.cognitive.conflict_tendency"": 0.1155457410055253, ""adhd_hyperactive_impulsive.cognitive.impulse_override"": 0.28729651146771695, ""adhd_hyperactive_impulsive.cognitive.plan_consistency"": -0.5237204431493816, ""adhd_hyperactive_impulsive.emotional.anger"": 0.12207411181495956, ""adhd_hyperactive_impulsive.emotional.excitement"": 0.19118383066110772, ""adhd_inattentive.cognitive.att_bandwidth"": -2, ""adhd_inattentive.cognitive.plan_consistency"": -0.25349930263985315, ""adhd_inattentive.cognitive.retention"": -2, ""adhd_inattentive.cognitive.task_initiation_delay"": 0.44832749672125116, ""adhd_inattentive.emotional.frustration"": 0.12627015619079854, ""adhd_inattentive.emotional.self_esteem"": -0.32138225078212296, ""adhd_inattentive.emotional.shame"": 0.23407218136895297, ""base_cognitive.att_bandwidth"": 2, ""base_cognitive.conflict_tendency"": 0.07090770061293589, ""base_cognitive.importance_trigger"": 120.45327723701702, ""base_cognitive.impulse_override"": 0.06003944250662363, ""base_cognitive.plan_consistency"": 0.8201072066757781, ""base_cognitive.recency_decay"": 0.9823124719807116, ""base_cognitive.retention"": 5, ""base_cognitive.social_sensitivity"": 0.5128743979756087, ""base_cognitive.task_initiation_delay"": 0.08730042808691228, ""base_cognitive.vision_r"": 3, ""base_emotional.anger"": 0.04558253350276691, ""base_emotional.anxiety"": 0.10926425772584025, ""base_emotional.excitement"": 0.2760660604379711, ""base_emotional.frustration"": 0.05011041892408748, ""base_emotional.loneliness"": 0.09819017631239557, ""base_emotional.self_esteem"": 0.7092708170652964, ""base_emotional.shame"": 0.11520123185439098, ""base_emotional.trust_in_teacher"": 0.5641594227308653}"		
1778047188.390	2	10	0.934222	0.810152	0.870327	0.000000	"{""adhd_hyperactive_impulsive.cognitive.conflict_tendency"": 0.2381274922415804, ""adhd_hyperactive_impulsive.cognitive.impulse_override"": 0.26050725572285854, ""adhd_hyperactive_impulsive.cognitive.plan_consistency"": -0.3862325422841876, ""adhd_hyperactive_impulsive.emotional.anger"": 0.14945812598541153, ""adhd_hyperactive_impulsive.emotional.excitement"": 0.13973374634488947, ""adhd_inattentive.cognitive.att_bandwidth"": -2, ""adhd_inattentive.cognitive.plan_consistency"": -0.37807365435971135, ""adhd_inattentive.cognitive.retention"": -3, ""adhd_inattentive.cognitive.task_initiation_delay"": 0.4149647570624189, ""adhd_inattentive.emotional.frustration"": 0.14029881132943361, ""adhd_inattentive.emotional.self_esteem"": -0.34164386348353293, ""adhd_inattentive.emotional.shame"": 0.11794932486792602, ""base_cognitive.att_bandwidth"": 3, ""base_cognitive.conflict_tendency"": 0.05145793637292848, ""base_cognitive.importance_trigger"": 146.73396702632186, ""base_cognitive.impulse_override"": 0.09060604935313271, ""base_cognitive.plan_consistency"": 0.7554568052553449, ""base_cognitive.recency_decay"": 0.9887987890986026, ""base_cognitive.retention"": 4, ""base_cognitive.social_sensitivity"": 0.3295566048757652, ""base_cognitive.task_initiation_delay"": 0.06455080871601761, ""base_cognitive.vision_r"": 4, ""base_emotional.anger"": 0.13823604201361167, ""base_emotional.anxiety"": 0.14896702514066434, ""base_emotional.excitement"": 0.15899964154212332, ""base_emotional.frustration"": 0.12978168630124234, ""base_emotional.loneliness"": 0.13537478315856516, ""base_emotional.self_esteem"": 0.6197946007340083, ""base_emotional.shame"": 0.11125049806697587, ""base_emotional.trust_in_teacher"": 0.6036706187773633}"		
1778047188.980	2	11	0.893374	0.799873	0.783626	0.000000	"{""adhd_hyperactive_impulsive.cognitive.conflict_tendency"": 0.23744549681890514, ""adhd_hyperactive_impulsive.cognitive.impulse_override"": 0.305710259138741, ""adhd_hyperactive_impulsive.cognitive.plan_consistency"": -0.44045573403820865, ""adhd_hyperactive_impulsive.emotional.anger"": 0.21237340203586608, ""adhd_hyperactive_impulsive.emotional.excitement"": 0.13614529089080052, ""adhd_inattentive.cognitive.att_bandwidth"": -3, ""adhd_inattentive.cognitive.plan_consistency"": -0.26727312257831237, ""adhd_inattentive.cognitive.retention"": -3, ""adhd_inattentive.cognitive.task_initiation_delay"": 0.402484357547356, ""adhd_inattentive.emotional.frustration"": 0.16571906252690075, ""adhd_inattentive.emotional.self_esteem"": -0.23518819939457375, ""adhd_inattentive.emotional.shame"": 0.2167898568923166, ""base_cognitive.att_bandwidth"": 2, ""base_cognitive.conflict_tendency"": 0.07815283923183543, ""base_cognitive.importance_trigger"": 168.5623147001271, ""base_cognitive.impulse_override"": 0.08957312275380885, ""base_cognitive.plan_consistency"": 0.8890948145997363, ""base_cognitive.recency_decay"": 0.9879913168069027, ""base_cognitive.retention"": 6, ""base_cognitive.social_sensitivity"": 0.32227390938162237, ""base_cognitive.task_initiation_delay"": 0.08101327975319648, ""base_cognitive.vision_r"": 3, ""base_emotional.anger"": 0.12987479772262134, ""base_emotional.anxiety"": 0.16088172908444898, ""base_emotional.excitement"": 0.18638447067775493, ""base_emotional.frustration"": 0.051389123454349483, ""base_emotional.loneliness"": 0.13937564797208718, ""base_emotional.self_esteem"": 0.7003360203920366, ""base_emotional.shame"": 0.11885967719560465, ""base_emotional.trust_in_teacher"": 0.6597665913826508}"		
1778047189.557	2	12	0.898948	0.807602	0.785967	0.000000	"{""adhd_hyperactive_impulsive.cognitive.conflict_tendency"": 0.13118234877210014, ""adhd_hyperactive_impulsive.cognitive.impulse_override"": 0.2718267977199281, ""adhd_hyperactive_impulsive.cognitive.plan_consistency"": -0.38160827919749907, ""adhd_hyperactive_impulsive.emotional.anger"": 0.1416359371191369, ""adhd_hyperactive_impulsive.emotional.excitement"": 0.19870787985668137, ""adhd_inattentive.cognitive.att_bandwidth"": -1, ""adhd_inattentive.cognitive.plan_consistency"": -0.2740962948687434, ""adhd_inattentive.cognitive.retention"": -2, ""adhd_inattentive.cognitive.task_initiation_delay"": 0.3750620767477355, ""adhd_inattentive.emotional.frustration"": 0.17668815439751948, ""adhd_inattentive.emotional.self_esteem"": -0.33828947639836326, ""adhd_inattentive.emotional.shame"": 0.1733744724768339, ""base_cognitive.att_bandwidth"": 2, ""base_cognitive.conflict_tendency"": 0.04430659604086314, ""base_cognitive.importance_trigger"": 124.35039332255009, ""base_cognitive.impulse_override"": 0.11622362691726032, ""base_cognitive.plan_consistency"": 0.8838039794737965, ""base_cognitive.recency_decay"": 0.9924620328644118, ""base_cognitive.retention"": 6, ""base_cognitive.social_sensitivity"": 0.43734800162483034, ""base_cognitive.task_initiation_delay"": 0.011496229553908489, ""base_cognitive.vision_r"": 5, ""base_emotional.anger"": 0.06468440769288092, ""base_emotional.anxiety"": 0.12466116661273433, ""base_emotional.excitement"": 0.2660162313789926, ""base_emotional.frustration"": 0.06605362407476693, ""base_emotional.loneliness"": 0.12014059882284887, ""base_emotional.self_esteem"": 0.6592098283061049, ""base_emotional.shame"": 0.07995523960633849, ""base_emotional.trust_in_teacher"": 0.5657085826266705}"		
1778047190.070	2	13	0.898688	0.808730	0.783626	0.000000	"{""adhd_hyperactive_impulsive.cognitive.conflict_tendency"": 0.10564760381087784, ""adhd_hyperactive_impulsive.cognitive.impulse_override"": 0.258741067516673, ""adhd_hyperactive_impulsive.cognitive.plan_consistency"": -0.5258593425344338, ""adhd_hyperactive_impulsive.emotional.anger"": 0.24646315686047476, ""adhd_hyperactive_impulsive.emotional.excitement"": 0.2262274373574736, ""adhd_inattentive.cognitive.att_bandwidth"": -3, ""adhd_inattentive.cognitive.plan_consistency"": -0.253077746187369, ""adhd_inattentive.cognitive.retention"": -3, ""adhd_inattentive.cognitive.task_initiation_delay"": 0.480706974204076, ""adhd_inattentive.emotional.frustration"": 0.14027103189362836, ""adhd_inattentive.emotional.self_esteem"": -0.33534844907134415, ""adhd_inattentive.emotional.shame"": 0.12984567148931114, ""base_cognitive.att_bandwidth"": 3, ""base_cognitive.conflict_tendency"": 0.058695987998818984, ""base_cognitive.importance_trigger"": 164.63999436502965, ""base_cognitive.impulse_override"": 0.032791641680500104, ""base_cognitive.plan_consistency"": 0.8982246164693622, ""base_cognitive.recency_decay"": 0.9859484192206464, ""base_cognitive.retention"": 4, ""base_cognitive.social_sensitivity"": 0.5038973060532654, ""base_cognitive.task_initiation_delay"": 0.09573895574527073, ""base_cognitive.vision_r"": 5, ""base_emotional.anger"": 0.1430216462063043, ""base_emotional.anxiety"": 0.16461585617280722, ""base_emotional.excitement"": 0.21493806019675268, ""base_emotional.frustration"": 0.07438220440545915, ""base_emotional.loneliness"": 0.10415099135010127, ""base_emotional.self_esteem"": 0.644041334671358, ""base_emotional.shame"": 0.12727227861406432, ""base_emotional.trust_in_teacher"": 0.7676996151811083}"		
1778047190.710	2	14	0.918867	0.809204	0.833362	0.000000	"{""adhd_hyperactive_impulsive.cognitive.conflict_tendency"": 0.22505925948618527, ""adhd_hyperactive_impulsive.cognitive.impulse_override"": 0.2604115183343102, ""adhd_hyperactive_impulsive.cognitive.plan_consistency"": -0.501334077238259, ""adhd_hyperactive_impulsive.emotional.anger"": 0.1856562689008508, ""adhd_hyperactive_impulsive.emotional.excitement"": 0.16533218591308974, ""adhd_inattentive.cognitive.att_bandwidth"": -2, ""adhd_inattentive.cognitive.plan_consistency"": -0.3243929105031151, ""adhd_inattentive.cognitive.retention"": -3, ""adhd_inattentive.cognitive.task_initiation_delay"": 0.4563835443816112, ""adhd_inattentive.emotional.frustration"": 0.23425994707847958, ""adhd_inattentive.emotional.self_esteem"": -0.2096878905884167, ""adhd_inattentive.emotional.shame"": 0.22485880584667634, ""base_cognitive.att_bandwidth"": 4, ""base_cognitive.conflict_tendency"": 0.046619951323924116, ""base_cognitive.importance_trigger"": 167.2565860439197, ""base_cognitive.impulse_override"": 0.08313989718447262, ""base_cognitive.plan_consistency"": 0.7666562130972991, ""base_cognitive.recency_decay"": 0.9803681944529482, ""base_cognitive.retention"": 6, ""base_cognitive.social_sensitivity"": 0.3205336646880637, ""base_cognitive.task_initiation_delay"": 0.09474106272313278, ""base_cognitive.vision_r"": 3, ""base_emotional.anger"": 0.1032507924712012, ""base_emotional.anxiety"": 0.12058470904517149, ""base_emotional.excitement"": 0.24421586809027437, ""base_emotional.frustration"": 0.05590692927550552, ""base_emotional.loneliness"": 0.13896735533064297, ""base_emotional.self_esteem"": 0.7342467851167493, ""base_emotional.shame"": 0.1168636170628192, ""base_emotional.trust_in_teacher"": 0.5562655162307977}"		
1778047191.306	2	15	0.898293	0.808071	0.783626	0.000000	"{""adhd_hyperactive_impulsive.cognitive.conflict_tendency"": 0.14249385746286927, ""adhd_hyperactive_impulsive.cognitive.impulse_override"": 0.2976202742602487, ""adhd_hyperactive_impulsive.cognitive.plan_consistency"": -0.4121205304670917, ""adhd_hyperactive_impulsive.emotional.anger"": 0.15879769287205167, ""adhd_hyperactive_impulsive.emotional.excitement"": 0.2171347867809446, ""adhd_inattentive.cognitive.att_bandwidth"": -1, ""adhd_inattentive.cognitive.plan_consistency"": -0.3570274340491322, ""adhd_inattentive.cognitive.retention"": -3, ""adhd_inattentive.cognitive.task_initiation_delay"": 0.49794579357725743, ""adhd_inattentive.emotional.frustration"": 0.24808444800738957, ""adhd_inattentive.emotional.self_esteem"": -0.28761870917774807, ""adhd_inattentive.emotional.shame"": 0.16239944730211714, ""base_cognitive.att_bandwidth"": 4, ""base_cognitive.conflict_tendency"": 0.09571149605736089, ""base_cognitive.importance_trigger"": 148.0731723452003, ""base_cognitive.impulse_override"": 0.07743868282724009, ""base_cognitive.plan_consistency"": 0.9268536281739819, ""base_cognitive.recency_decay"": 0.994193782923981, ""base_cognitive.retention"": 5, ""base_cognitive.social_sensitivity"": 0.5325765334614648, ""base_cognitive.task_initiation_delay"": 0.043930777548265146, ""base_cognitive.vision_r"": 5, ""base_emotional.anger"": 0.08982280979911161, ""base_emotional.anxiety"": 0.11882914811945275, ""base_emotional.excitement"": 0.19532640286531255, ""base_emotional.frustration"": 0.07164015634955374, ""base_emotional.loneliness"": 0.08907069382287827, ""base_emotional.self_esteem"": 0.6730007738408305, ""base_emotional.shame"": 0.1398682941997793, ""base_emotional.trust_in_teacher"": 0.6278114088337002}"		
1778047191.830	2	16	0.905835	0.805047	0.807018	0.000000	"{""adhd_hyperactive_impulsive.cognitive.conflict_tendency"": 0.10502034620385474, ""adhd_hyperactive_impulsive.cognitive.impulse_override"": 0.3229638440838165, ""adhd_hyperactive_impulsive.cognitive.plan_consistency"": -0.4378041421755074, ""adhd_hyperactive_impulsive.emotional.anger"": 0.17736496671491397, ""adhd_hyperactive_impulsive.emotional.excitement"": 0.21256675989079357, ""adhd_inattentive.cognitive.att_bandwidth"": -1, ""adhd_inattentive.cognitive.plan_consistency"": -0.4084382618721582, ""adhd_inattentive.cognitive.retention"": -4, ""adhd_inattentive.cognitive.task_initiation_delay"": 0.3621500426358459, ""adhd_inattentive.emotional.frustration"": 0.13089903636990566, ""adhd_inattentive.emotional.self_esteem"": -0.2202073752520726, ""adhd_inattentive.emotional.shame"": 0.18744682426343112, ""base_cognitive.att_bandwidth"": 4, ""base_cognitive.conflict_tendency"": 0.0727994380530223, ""base_cognitive.importance_trigger"": 148.0477546370585, ""base_cognitive.impulse_override"": 0.09156417642140377, ""base_cognitive.plan_consistency"": 0.9383448731631845, ""base_cognitive.recency_decay"": 0.9891657966594477, ""base_cognitive.retention"": 4, ""base_cognitive.social_sensitivity"": 0.5905591411011293, ""base_cognitive.task_initiation_delay"": 0.07590511950591343, ""base_cognitive.vision_r"": 5, ""base_emotional.anger"": 0.04436953387197495, ""base_emotional.anxiety"": 0.11010294364237547, ""base_emotional.excitement"": 0.23712535348618208, ""base_emotional.frustration"": 0.12893774685421228, ""base_emotional.loneliness"": 0.041927579385469635, ""base_emotional.self_esteem"": 0.62128235202845, ""base_emotional.shame"": 0.05395953537574945, ""base_emotional.trust_in_teacher"": 0.665737351718523}"		
1778047192.357	2	17	0.911970	0.811119	0.813247	0.000000	"{""adhd_hyperactive_impulsive.cognitive.conflict_tendency"": 0.22757353553414025, ""adhd_hyperactive_impulsive.cognitive.impulse_override"": 0.28271403578997323, ""adhd_hyperactive_impulsive.cognitive.plan_consistency"": -0.46832016071542265, ""adhd_hyperactive_impulsive.emotional.anger"": 0.1838414958869391, ""adhd_hyperactive_impulsive.emotional.excitement"": 0.20376806135124967, ""adhd_inattentive.cognitive.att_bandwidth"": -2, ""adhd_inattentive.cognitive.plan_consistency"": -0.32866664749690466, ""adhd_inattentive.cognitive.retention"": -2, ""adhd_inattentive.cognitive.task_initiation_delay"": 0.44340543170506397, ""adhd_inattentive.emotional.frustration"": 0.12400814001526245, ""adhd_inattentive.emotional.self_esteem"": -0.21157799401032923, ""adhd_inattentive.emotional.shame"": 0.10958226202913084, ""base_cognitive.att_bandwidth"": 4, ""base_cognitive.conflict_tendency"": 0.04498349618470007, ""base_cognitive.importance_trigger"": 143.05060700156034, ""base_cognitive.impulse_override"": 0.05055000618932419, ""base_cognitive.plan_consistency"": 0.8112366630438573, ""base_cognitive.recency_decay"": 0.9814999751373811, ""base_cognitive.retention"": 4, ""base_cognitive.social_sensitivity"": 0.4895925745669697, ""base_cognitive.task_initiation_delay"": 0.02889467247388198, ""base_cognitive.vision_r"": 5, ""base_emotional.anger"": 0.10541130237561917, ""base_emotional.anxiety"": 0.12540013446031323, ""base_emotional.excitement"": 0.27670976566208694, ""base_emotional.frustration"": 0.0959402390578499, ""base_emotional.loneliness"": 0.04859049883100918, ""base_emotional.self_esteem"": 0.6427302442446341, ""base_emotional.shame"": 0.03225905175955982, ""base_emotional.trust_in_teacher"": 0.7449339499562024}"		
1778047193.010	2	18	0.905186	0.806413	0.803344	0.000000	"{""adhd_hyperactive_impulsive.cognitive.conflict_tendency"": 0.12817302267024355, ""adhd_hyperactive_impulsive.cognitive.impulse_override"": 0.3910018873526899, ""adhd_hyperactive_impulsive.cognitive.plan_consistency"": -0.42114905524682383, ""adhd_hyperactive_impulsive.emotional.anger"": 0.17159650802400933, ""adhd_hyperactive_impulsive.emotional.excitement"": 0.18313312976523133, ""adhd_inattentive.cognitive.att_bandwidth"": -1, ""adhd_inattentive.cognitive.plan_consistency"": -0.33371674166676235, ""adhd_inattentive.cognitive.retention"": -2, ""adhd_inattentive.cognitive.task_initiation_delay"": 0.44983520874175276, ""adhd_inattentive.emotional.frustration"": 0.1201219932283139, ""adhd_inattentive.emotional.self_esteem"": -0.2821946353198933, ""adhd_inattentive.emotional.shame"": 0.24244964396354707, ""base_cognitive.att_bandwidth"": 4, ""base_cognitive.conflict_tendency"": 0.10448129523370815, ""base_cognitive.importance_trigger"": 122.61035054425444, ""base_cognitive.impulse_override"": 0.11149124805929563, ""base_cognitive.plan_consistency"": 0.8821943619720642, ""base_cognitive.recency_decay"": 0.9822107500597056, ""base_cognitive.retention"": 6, ""base_cognitive.social_sensitivity"": 0.45487980265037364, ""base_cognitive.task_initiation_delay"": 0.04666357889807354, ""base_cognitive.vision_r"": 4, ""base_emotional.anger"": 0.11963411924871246, ""base_emotional.anxiety"": 0.17782490241545545, ""base_emotional.excitement"": 0.16959663382760415, ""base_emotional.frustration"": 0.18106400173693438, ""base_emotional.loneliness"": 0.05400923474051374, ""base_emotional.self_esteem"": 0.7357079124266577, ""base_emotional.shame"": 0.05457407297122899, ""base_emotional.trust_in_teacher"": 0.7925920058928914}"		
1778047193.535	2	19	0.736801	0.516274	0.817591	0.000000	"{""adhd_hyperactive_impulsive.cognitive.conflict_tendency"": 0.16342510600356436, ""adhd_hyperactive_impulsive.cognitive.impulse_override"": 0.26810112568112526, ""adhd_hyperactive_impulsive.cognitive.plan_consistency"": -0.47708561030225594, ""adhd_hyperactive_impulsive.emotional.anger"": 0.1990242525146953, ""adhd_hyperactive_impulsive.emotional.excitement"": 0.1220312178484122, ""adhd_inattentive.cognitive.att_bandwidth"": -2, ""adhd_inattentive.cognitive.plan_consistency"": -0.39101637135343686, ""adhd_inattentive.cognitive.retention"": -4, ""adhd_inattentive.cognitive.task_initiation_delay"": 0.3133341482950412, ""adhd_inattentive.emotional.frustration"": 0.19391969532704728, ""adhd_inattentive.emotional.self_esteem"": -0.29069320540321114, ""adhd_inattentive.emotional.shame"": 0.20980063140046268, ""base_cognitive.att_bandwidth"": 3, ""base_cognitive.conflict_tendency"": 0.09348110753094607, ""base_cognitive.importance_trigger"": 157.76047682481106, ""base_cognitive.impulse_override"": 0.10337772510788285, ""base_cognitive.plan_consistency"": 0.919087683224904, ""base_cognitive.recency_decay"": 0.9827700337394308, ""base_cognitive.retention"": 4, ""base_cognitive.social_sensitivity"": 0.5957103880028558, ""base_cognitive.task_initiation_delay"": 0.004914965133011141, ""base_cognitive.vision_r"": 5, ""base_emotional.anger"": 0.08328593535231349, ""base_emotional.anxiety"": 0.14420224669901993, ""base_emotional.excitement"": 0.19655389444942095, ""base_emotional.frustration"": 0.16620978446375573, ""base_emotional.loneliness"": 0.05666601216140843, ""base_emotional.self_esteem"": 0.737186857790105, ""base_emotional.shame"": 0.07062119803207303, ""base_emotional.trust_in_teacher"": 0.7222237949413888}"		
1778047194.174	2	20	0.920579	0.812231	0.833102	0.000000	"{""adhd_hyperactive_impulsive.cognitive.conflict_tendency"": 0.15290172681974806, ""adhd_hyperactive_impulsive.cognitive.impulse_override"": 0.33907962282783455, ""adhd_hyperactive_impulsive.cognitive.plan_consistency"": -0.4718361805359934, ""adhd_hyperactive_impulsive.emotional.anger"": 0.18893597505406945, ""adhd_hyperactive_impulsive.emotional.excitement"": 0.23094817509664237, ""adhd_inattentive.cognitive.att_bandwidth"": -1, ""adhd_inattentive.cognitive.plan_consistency"": -0.3640178018726545, ""adhd_inattentive.cognitive.retention"": -4, ""adhd_inattentive.cognitive.task_initiation_delay"": 0.41642862453005536, ""adhd_inattentive.emotional.frustration"": 0.15304918675262186, ""adhd_inattentive.emotional.self_esteem"": -0.26000125982239053, ""adhd_inattentive.emotional.shame"": 0.12081741106683914, ""base_cognitive.att_bandwidth"": 4, ""base_cognitive.conflict_tendency"": 0.11203502371384275, ""base_cognitive.importance_trigger"": 169.51520965109833, ""base_cognitive.impulse_override"": 0.04176173461528963, ""base_cognitive.plan_consistency"": 0.8457058811843532, ""base_cognitive.recency_decay"": 0.9899862100629389, ""base_cognitive.retention"": 6, ""base_cognitive.social_sensitivity"": 0.3225810294358966, ""base_cognitive.task_initiation_delay"": 0.011217744456101842, ""base_cognitive.vision_r"": 4, ""base_emotional.anger"": 0.14298824841364965, ""base_emotional.anxiety"": 0.09591234888697545, ""base_emotional.excitement"": 0.2647407388291644, ""base_emotional.frustration"": 0.1266659173683188, ""base_emotional.loneliness"": 0.14718246543609648, ""base_emotional.self_esteem"": 0.6790847371958713, ""base_emotional.shame"": 0.14789873331184755, ""base_emotional.trust_in_teacher"": 0.6369049321966773}"		
1778047194.656	2	21	0.901836	0.809593	0.790202	0.000000	"{""adhd_hyperactive_impulsive.cognitive.conflict_tendency"": 0.14952448440522464, ""adhd_hyperactive_impulsive.cognitive.impulse_override"": 0.29916290909149745, ""adhd_hyperactive_impulsive.cognitive.plan_consistency"": -0.5122768434028802, ""adhd_hyperactive_impulsive.emotional.anger"": 0.19256704735197597, ""adhd_hyperactive_impulsive.emotional.excitement"": 0.10413833531433757, ""adhd_inattentive.cognitive.att_bandwidth"": -1, ""adhd_inattentive.cognitive.plan_consistency"": -0.35175843429246373, ""adhd_inattentive.cognitive.retention"": -4, ""adhd_inattentive.cognitive.task_initiation_delay"": 0.382058322227989, ""adhd_inattentive.emotional.frustration"": 0.12814246851143787, ""adhd_inattentive.emotional.self_esteem"": -0.18139572890059114, ""adhd_inattentive.emotional.shame"": 0.13745014483879003, ""base_cognitive.att_bandwidth"": 2, ""base_cognitive.conflict_tendency"": 0.030101078885530628, ""base_cognitive.importance_trigger"": 168.6600062543668, ""base_cognitive.impulse_override"": 0.09374403605592996, ""base_cognitive.plan_consistency"": 0.941938448211149, ""base_cognitive.recency_decay"": 0.993525383848088, ""base_cognitive.retention"": 4, ""base_cognitive.social_sensitivity"": 0.5697475073881232, ""base_cognitive.task_initiation_delay"": 0.002604196761800426, ""base_cognitive.vision_r"": 5, ""base_emotional.anger"": 0.07065482088061782, ""base_emotional.anxiety"": 0.06954235403068958, ""base_emotional.excitement"": 0.23951252890485852, ""base_emotional.frustration"": 0.06168214272511038, ""base_emotional.loneliness"": 0.1121758323850034, ""base_emotional.self_esteem"": 0.7686620165230241, ""base_emotional.shame"": 0.1150681410680498, ""base_emotional.trust_in_teacher"": 0.6174875366395592}"		
1778047195.184	2	22	0.899398	0.809405	0.784387	0.000000	"{""adhd_hyperactive_impulsive.cognitive.conflict_tendency"": 0.22582981488840584, ""adhd_hyperactive_impulsive.cognitive.impulse_override"": 0.3304532671701349, ""adhd_hyperactive_impulsive.cognitive.plan_consistency"": -0.4835922370535006, ""adhd_hyperactive_impulsive.emotional.anger"": 0.1837838046405274, ""adhd_hyperactive_impulsive.emotional.excitement"": 0.15695007044217577, ""adhd_inattentive.cognitive.att_bandwidth"": -2, ""adhd_inattentive.cognitive.plan_consistency"": -0.2708724868793919, ""adhd_inattentive.cognitive.retention"": -3, ""adhd_inattentive.cognitive.task_initiation_delay"": 0.3419838402727396, ""adhd_inattentive.emotional.frustration"": 0.17923137040868498, ""adhd_inattentive.emotional.self_esteem"": -0.33649353303105056, ""adhd_inattentive.emotional.shame"": 0.10607828325585804, ""base_cognitive.att_bandwidth"": 2, ""base_cognitive.conflict_tendency"": 0.06315481341115994, ""base_cognitive.importance_trigger"": 168.4820565590388, ""base_cognitive.impulse_override"": 0.1102791187642282, ""base_cognitive.plan_consistency"": 0.8275641052398505, ""base_cognitive.recency_decay"": 0.9812726201581687, ""base_cognitive.retention"": 5, ""base_cognitive.social_sensitivity"": 0.559590243062137, ""base_cognitive.task_initiation_delay"": 0.0933499431597657, ""base_cognitive.vision_r"": 3, ""base_emotional.anger"": 0.052997532240118196, ""base_emotional.anxiety"": 0.07748982577274288, ""base_emotional.excitement"": 0.2032125536458712, ""base_emotional.frustration"": 0.13280272119505127, ""base_emotional.loneliness"": 0.11698577816748638, ""base_emotional.self_esteem"": 0.6738730042898265, ""base_emotional.shame"": 0.10529741249890279, ""base_emotional.trust_in_teacher"": 0.6299997827330597}"		
1778047195.832	2	23	0.929277	0.814197	0.851897	0.000000	"{""adhd_hyperactive_impulsive.cognitive.conflict_tendency"": 0.10805074523429754, ""adhd_hyperactive_impulsive.cognitive.impulse_override"": 0.3921765378093205, ""adhd_hyperactive_impulsive.cognitive.plan_consistency"": -0.527584975062994, ""adhd_hyperactive_impulsive.emotional.anger"": 0.12583306114203638, ""adhd_hyperactive_impulsive.emotional.excitement"": 0.2307082434488812, ""adhd_inattentive.cognitive.att_bandwidth"": -1, ""adhd_inattentive.cognitive.plan_consistency"": -0.44165971472525567, ""adhd_inattentive.cognitive.retention"": -3, ""adhd_inattentive.cognitive.task_initiation_delay"": 0.4635120447108293, ""adhd_inattentive.emotional.frustration"": 0.24438279383102593, ""adhd_inattentive.emotional.self_esteem"": -0.18751280439620385, ""adhd_inattentive.emotional.shame"": 0.1847143285705603, ""base_cognitive.att_bandwidth"": 3, ""base_cognitive.conflict_tendency"": 0.0391744259383852, ""base_cognitive.importance_trigger"": 124.47581412146695, ""base_cognitive.impulse_override"": 0.05196804243247349, ""base_cognitive.plan_consistency"": 0.8345034936080296, ""base_cognitive.recency_decay"": 0.9916601715906188, ""base_cognitive.retention"": 6, ""base_cognitive.social_sensitivity"": 0.32000581140032636, ""base_cognitive.task_initiation_delay"": 0.0007183341553226197, ""base_cognitive.vision_r"": 4, ""base_emotional.anger"": 0.12153043001353471, ""base_emotional.anxiety"": 0.14993106741190193, ""base_emotional.excitement"": 0.2669342462107062, ""base_emotional.frustration"": 0.06622476056973828, ""base_emotional.loneliness"": 0.06288542317668874, ""base_emotional.self_esteem"": 0.7923294725593817, ""base_emotional.shame"": 0.12497444773115622, ""base_emotional.trust_in_teacher"": 0.7732367935173966}"		
1778047196.314	2	24	0.860360	0.669397	0.896804	0.000000	"{""adhd_hyperactive_impulsive.cognitive.conflict_tendency"": 0.11733954680890486, ""adhd_hyperactive_impulsive.cognitive.impulse_override"": 0.28349108414457036, ""adhd_hyperactive_impulsive.cognitive.plan_consistency"": -0.49907084239252325, ""adhd_hyperactive_impulsive.emotional.anger"": 0.24114790158496516, ""adhd_hyperactive_impulsive.emotional.excitement"": 0.1929838193142837, ""adhd_inattentive.cognitive.att_bandwidth"": -3, ""adhd_inattentive.cognitive.plan_consistency"": -0.38182506568675956, ""adhd_inattentive.cognitive.retention"": -2, ""adhd_inattentive.cognitive.task_initiation_delay"": 0.48340803039846536, ""adhd_inattentive.emotional.frustration"": 0.1497581770969158, ""adhd_inattentive.emotional.self_esteem"": -0.2635626490391952, ""adhd_inattentive.emotional.shame"": 0.17996554330340758, ""base_cognitive.att_bandwidth"": 2, ""base_cognitive.conflict_tendency"": 0.08501491898277772, ""base_cognitive.importance_trigger"": 128.81105813215817, ""base_cognitive.impulse_override"": 0.10511379579342915, ""base_cognitive.plan_consistency"": 0.753675533724565, ""base_cognitive.recency_decay"": 0.9866049478208121, ""base_cognitive.retention"": 4, ""base_cognitive.social_sensitivity"": 0.5397375055894262, ""base_cognitive.task_initiation_delay"": 0.08179354770833829, ""base_cognitive.vision_r"": 5, ""base_emotional.anger"": 0.06467855864817852, ""base_emotional.anxiety"": 0.12549437329520222, ""base_emotional.excitement"": 0.2700345887369162, ""base_emotional.frustration"": 0.1683126624334425, ""base_emotional.loneliness"": 0.08322788983055951, ""base_emotional.self_esteem"": 0.7330717267319282, ""base_emotional.shame"": 0.14843721942422639, ""base_emotional.trust_in_teacher"": 0.6358210417480787}"		
1778047196.872	2	25	0.917713	0.815713	0.820713	0.000000	"{""adhd_hyperactive_impulsive.cognitive.conflict_tendency"": 0.1969311094216848, ""adhd_hyperactive_impulsive.cognitive.impulse_override"": 0.3439732483324037, ""adhd_hyperactive_impulsive.cognitive.plan_consistency"": -0.44846795859533556, ""adhd_hyperactive_impulsive.emotional.anger"": 0.21772364346663745, ""adhd_hyperactive_impulsive.emotional.excitement"": 0.10287249528190587, ""adhd_inattentive.cognitive.att_bandwidth"": -2, ""adhd_inattentive.cognitive.plan_consistency"": -0.32692186606673657, ""adhd_inattentive.cognitive.retention"": -4, ""adhd_inattentive.cognitive.task_initiation_delay"": 0.45290115538028386, ""adhd_inattentive.emotional.frustration"": 0.12519196236452082, ""adhd_inattentive.emotional.self_esteem"": -0.20133308592445168, ""adhd_inattentive.emotional.shame"": 0.14328932337731226, ""base_cognitive.att_bandwidth"": 3, ""base_cognitive.conflict_tendency"": 0.034181076787731524, ""base_cognitive.importance_trigger"": 152.07463599280928, ""base_cognitive.impulse_override"": 0.0404506113581107, ""base_cognitive.plan_consistency"": 0.779533645636239, ""base_cognitive.recency_decay"": 0.9931666487214623, ""base_cognitive.retention"": 5, ""base_cognitive.social_sensitivity"": 0.31180189488527105, ""base_cognitive.task_initiation_delay"": 0.0027934936822906265, ""base_cognitive.vision_r"": 3, ""base_emotional.anger"": 0.05045588447433243, ""base_emotional.anxiety"": 0.0901289949983771, ""base_emotional.excitement"": 0.24989429300715937, ""base_emotional.frustration"": 0.14096361071184718, ""base_emotional.loneliness"": 0.13182887574931673, ""base_emotional.self_esteem"": 0.784179699855203, ""base_emotional.shame"": 0.09648940569445608, ""base_emotional.trust_in_teacher"": 0.6477728857311058}"		
1778047197.441	2	26	0.910918	0.814642	0.805331	0.000000	"{""adhd_hyperactive_impulsive.cognitive.conflict_tendency"": 0.23417924017941197, ""adhd_hyperactive_impulsive.cognitive.impulse_override"": 0.35767846229346006, ""adhd_hyperactive_impulsive.cognitive.plan_consistency"": -0.40231690337783355, ""adhd_hyperactive_impulsive.emotional.anger"": 0.13135672370154963, ""adhd_hyperactive_impulsive.emotional.excitement"": 0.22296950380616692, ""adhd_inattentive.cognitive.att_bandwidth"": -1, ""adhd_inattentive.cognitive.plan_consistency"": -0.3954245124390069, ""adhd_inattentive.cognitive.retention"": -3, ""adhd_inattentive.cognitive.task_initiation_delay"": 0.440173759299164, ""adhd_inattentive.emotional.frustration"": 0.21774292039354348, ""adhd_inattentive.emotional.self_esteem"": -0.30942797136186273, ""adhd_inattentive.emotional.shame"": 0.21244963396423439, ""base_cognitive.att_bandwidth"": 2, ""base_cognitive.conflict_tendency"": 0.0901521349664683, ""base_cognitive.importance_trigger"": 100.671863373686, ""base_cognitive.impulse_override"": 0.0478057799349801, ""base_cognitive.plan_consistency"": 0.9125024104077909, ""base_cognitive.recency_decay"": 0.9899477108189957, ""base_cognitive.retention"": 6, ""base_cognitive.social_sensitivity"": 0.5031969280672054, ""base_cognitive.task_initiation_delay"": 0.027895994927927183, ""base_cognitive.vision_r"": 4, ""base_emotional.anger"": 0.04232074763769951, ""base_emotional.anxiety"": 0.13896006080449713, ""base_emotional.excitement"": 0.19226275223069228, ""base_emotional.frustration"": 0.10240103674451376, ""base_emotional.loneliness"": 0.03860872767509887, ""base_emotional.self_esteem"": 0.6008407102150483, ""base_emotional.shame"": 0.074104132669329, ""base_emotional.trust_in_teacher"": 0.6188775958914516}"		
1778047198.030	2	27	0.827423	0.689955	0.783626	0.000000	"{""adhd_hyperactive_impulsive.cognitive.conflict_tendency"": 0.16251064494354844, ""adhd_hyperactive_impulsive.cognitive.impulse_override"": 0.3746482132571778, ""adhd_hyperactive_impulsive.cognitive.plan_consistency"": -0.40569066798216175, ""adhd_hyperactive_impulsive.emotional.anger"": 0.13149639198350802, ""adhd_hyperactive_impulsive.emotional.excitement"": 0.24092915974504947, ""adhd_inattentive.cognitive.att_bandwidth"": -1, ""adhd_inattentive.cognitive.plan_consistency"": -0.25989423927890754, ""adhd_inattentive.cognitive.retention"": -3, ""adhd_inattentive.cognitive.task_initiation_delay"": 0.3340191759981087, ""adhd_inattentive.emotional.frustration"": 0.21279401077264856, ""adhd_inattentive.emotional.self_esteem"": -0.346179688680871, ""adhd_inattentive.emotional.shame"": 0.13157952588298946, ""base_cognitive.att_bandwidth"": 2, ""base_cognitive.conflict_tendency"": 0.11004948388345702, ""base_cognitive.importance_trigger"": 149.57756912335958, ""base_cognitive.impulse_override"": 0.10618243903492834, ""base_cognitive.plan_consistency"": 0.9492523062157889, ""base_cognitive.recency_decay"": 0.9804310775678949, ""base_cognitive.retention"": 6, ""base_cognitive.social_sensitivity"": 0.3442502138883876, ""base_cognitive.task_initiation_delay"": 0.02738571371685169, ""base_cognitive.vision_r"": 5, ""base_emotional.anger"": 0.12315174893607883, ""base_emotional.anxiety"": 0.13537114747936352, ""base_emotional.excitement"": 0.1932410015418028, ""base_emotional.frustration"": 0.1768244869843863, ""base_emotional.loneliness"": 0.09165040556623576, ""base_emotional.self_esteem"": 0.7639300337279956, ""base_emotional.shame"": 0.057326577834472786, ""base_emotional.trust_in_teacher"": 0.6373028746052232}"		
1778047198.614	2	28	0.913609	0.812943	0.814606	0.000000	"{""adhd_hyperactive_impulsive.cognitive.conflict_tendency"": 0.2403031647794072, ""adhd_hyperactive_impulsive.cognitive.impulse_override"": 0.3716532286867482, ""adhd_hyperactive_impulsive.cognitive.plan_consistency"": -0.5063440697138714, ""adhd_hyperactive_impulsive.emotional.anger"": 0.19531556439950992, ""adhd_hyperactive_impulsive.emotional.excitement"": 0.21138242775737398, ""adhd_inattentive.cognitive.att_bandwidth"": -2, ""adhd_inattentive.cognitive.plan_consistency"": -0.3123543139511812, ""adhd_inattentive.cognitive.retention"": -2, ""adhd_inattentive.cognitive.task_initiation_delay"": 0.37680213990195843, ""adhd_inattentive.emotional.frustration"": 0.15661439501860142, ""adhd_inattentive.emotional.self_esteem"": -0.33391766500234593, ""adhd_inattentive.emotional.shame"": 0.14693707230133632, ""base_cognitive.att_bandwidth"": 2, ""base_cognitive.conflict_tendency"": 0.09176068889174724, ""base_cognitive.importance_trigger"": 110.28503548201057, ""base_cognitive.impulse_override"": 0.06834388344345668, ""base_cognitive.plan_consistency"": 0.8243730779918088, ""base_cognitive.recency_decay"": 0.9836815284091694, ""base_cognitive.retention"": 6, ""base_cognitive.social_sensitivity"": 0.3370184743158751, ""base_cognitive.task_initiation_delay"": 0.02469329049966841, ""base_cognitive.vision_r"": 5, ""base_emotional.anger"": 0.12089711578343748, ""base_emotional.anxiety"": 0.05656932203620728, ""base_emotional.excitement"": 0.1576173893692776, ""base_emotional.frustration"": 0.08833485237114667, ""base_emotional.loneliness"": 0.06783515673290755, ""base_emotional.self_esteem"": 0.7916719616543922, ""base_emotional.shame"": 0.031546019923461066, ""base_emotional.trust_in_teacher"": 0.7355651603770861}"		
1778047199.140	2	29	0.908290	0.809337	0.806718	0.000000	"{""adhd_hyperactive_impulsive.cognitive.conflict_tendency"": 0.22106495038654503, ""adhd_hyperactive_impulsive.cognitive.impulse_override"": 0.3645137728672805, ""adhd_hyperactive_impulsive.cognitive.plan_consistency"": -0.35707186747674047, ""adhd_hyperactive_impulsive.emotional.anger"": 0.19378986487825295, ""adhd_hyperactive_impulsive.emotional.excitement"": 0.15317127531219304, ""adhd_inattentive.cognitive.att_bandwidth"": -3, ""adhd_inattentive.cognitive.plan_consistency"": -0.39899802282691316, ""adhd_inattentive.cognitive.retention"": -3, ""adhd_inattentive.cognitive.task_initiation_delay"": 0.394658205022027, ""adhd_inattentive.emotional.frustration"": 0.12886430547112485, ""adhd_inattentive.emotional.self_esteem"": -0.2203673774929194, ""adhd_inattentive.emotional.shame"": 0.10525825362500871, ""base_cognitive.att_bandwidth"": 2, ""base_cognitive.conflict_tendency"": 0.04997853151525786, ""base_cognitive.importance_trigger"": 169.05855657760037, ""base_cognitive.impulse_override"": 0.07051987970888587, ""base_cognitive.plan_consistency"": 0.9264121587740114, ""base_cognitive.recency_decay"": 0.9827197891902003, ""base_cognitive.retention"": 5, ""base_cognitive.social_sensitivity"": 0.46251260821339424, ""base_cognitive.task_initiation_delay"": 0.07291940025941877, ""base_cognitive.vision_r"": 4, ""base_emotional.anger"": 0.12263544009398869, ""base_emotional.anxiety"": 0.16541579630326614, ""base_emotional.excitement"": 0.1692337140517218, ""base_emotional.frustration"": 0.08542713892607587, ""base_emotional.loneliness"": 0.04479265066943089, ""base_emotional.self_esteem"": 0.7864544016017, ""base_emotional.shame"": 0.11475909010807099, ""base_emotional.trust_in_teacher"": 0.6869344959204501}"		
1778047199.722	2	30	0.961316	0.870794	0.847099	0.000000	"{""adhd_hyperactive_impulsive.cognitive.conflict_tendency"": 0.17357419316584788, ""adhd_hyperactive_impulsive.cognitive.impulse_override"": 0.2960280246779759, ""adhd_hyperactive_impulsive.cognitive.plan_consistency"": -0.5379291294370616, ""adhd_hyperactive_impulsive.emotional.anger"": 0.14494315334869928, ""adhd_hyperactive_impulsive.emotional.excitement"": 0.24861348251757925, ""adhd_inattentive.cognitive.att_bandwidth"": -1, ""adhd_inattentive.cognitive.plan_consistency"": -0.38399569753278245, ""adhd_inattentive.cognitive.retention"": -2, ""adhd_inattentive.cognitive.task_initiation_delay"": 0.35641621866514084, ""adhd_inattentive.emotional.frustration"": 0.2454682767081695, ""adhd_inattentive.emotional.self_esteem"": -0.3474445281566375, ""adhd_inattentive.emotional.shame"": 0.13431364357223896, ""base_cognitive.att_bandwidth"": 2, ""base_cognitive.conflict_tendency"": 0.08818334999976912, ""base_cognitive.importance_trigger"": 162.87473600932566, ""base_cognitive.impulse_override"": 0.03894556455915629, ""base_cognitive.plan_consistency"": 0.7698054734617791, ""base_cognitive.recency_decay"": 0.9934026300645408, ""base_cognitive.retention"": 6, ""base_cognitive.social_sensitivity"": 0.4254028878695568, ""base_cognitive.task_initiation_delay"": 0.07706147581984041, ""base_cognitive.vision_r"": 3, ""base_emotional.anger"": 0.11061637194112575, ""base_emotional.anxiety"": 0.16772212817002002, ""base_emotional.excitement"": 0.2119168809856211, ""base_emotional.frustration"": 0.1575839510683525, ""base_emotional.loneliness"": 0.09686516440994522, ""base_emotional.self_esteem"": 0.6396899517663035, ""base_emotional.shame"": 0.13298508237478243, ""base_emotional.trust_in_teacher"": 0.7950392579897742}"		
1778047200.287	2	31	0.763715	0.528430	0.866641	0.000000	"{""adhd_hyperactive_impulsive.cognitive.conflict_tendency"": 0.13883630649159773, ""adhd_hyperactive_impulsive.cognitive.impulse_override"": 0.37694808038905253, ""adhd_hyperactive_impulsive.cognitive.plan_consistency"": -0.3641603895114578, ""adhd_hyperactive_impulsive.emotional.anger"": 0.19870575061152626, ""adhd_hyperactive_impulsive.emotional.excitement"": 0.17737046910618062, ""adhd_inattentive.cognitive.att_bandwidth"": -1, ""adhd_inattentive.cognitive.plan_consistency"": -0.4052098656353812, ""adhd_inattentive.cognitive.retention"": -4, ""adhd_inattentive.cognitive.task_initiation_delay"": 0.4510328755997274, ""adhd_inattentive.emotional.frustration"": 0.21835775574506608, ""adhd_inattentive.emotional.self_esteem"": -0.2391088046608122, ""adhd_inattentive.emotional.shame"": 0.24119323231456224, ""base_cognitive.att_bandwidth"": 2, ""base_cognitive.conflict_tendency"": 0.08459048233248367, ""base_cognitive.importance_trigger"": 130.87953972517985, ""base_cognitive.impulse_override"": 0.10209335258738388, ""base_cognitive.plan_consistency"": 0.795711514863211, ""base_cognitive.recency_decay"": 0.9891859416063378, ""base_cognitive.retention"": 6, ""base_cognitive.social_sensitivity"": 0.3551435889278479, ""base_cognitive.task_initiation_delay"": 0.037973924003635945, ""base_cognitive.vision_r"": 3, ""base_emotional.anger"": 0.09333967346216737, ""base_emotional.anxiety"": 0.12353872753586513, ""base_emotional.excitement"": 0.16629740174516106, ""base_emotional.frustration"": 0.11951443658030768, ""base_emotional.loneliness"": 0.13091820759604783, ""base_emotional.self_esteem"": 0.7232711657994685, ""base_emotional.shame"": 0.14117781692413356, ""base_emotional.trust_in_teacher"": 0.6134702885359878}"		
1778047200.894	2	32	0.736640	0.506862	0.831307	0.000000	"{""adhd_hyperactive_impulsive.cognitive.conflict_tendency"": 0.15173163886790375, ""adhd_hyperactive_impulsive.cognitive.impulse_override"": 0.341421440112885, ""adhd_hyperactive_impulsive.cognitive.plan_consistency"": -0.3843653220135313, ""adhd_hyperactive_impulsive.emotional.anger"": 0.17330434338583897, ""adhd_hyperactive_impulsive.emotional.excitement"": 0.21169840260040557, ""adhd_inattentive.cognitive.att_bandwidth"": -3, ""adhd_inattentive.cognitive.plan_consistency"": -0.3627471136766813, ""adhd_inattentive.cognitive.retention"": -2, ""adhd_inattentive.cognitive.task_initiation_delay"": 0.4058685019633739, ""adhd_inattentive.emotional.frustration"": 0.24033080414251756, ""adhd_inattentive.emotional.self_esteem"": -0.27404369824389796, ""adhd_inattentive.emotional.shame"": 0.17525880114638884, ""base_cognitive.att_bandwidth"": 4, ""base_cognitive.conflict_tendency"": 0.0789651703906111, ""base_cognitive.importance_trigger"": 111.50148173912875, ""base_cognitive.impulse_override"": 0.0456502950433837, ""base_cognitive.plan_consistency"": 0.8255005850950061, ""base_cognitive.recency_decay"": 0.9900603028974895, ""base_cognitive.retention"": 5, ""base_cognitive.social_sensitivity"": 0.4608951064701311, ""base_cognitive.task_initiation_delay"": 0.0028534111496592686, ""base_cognitive.vision_r"": 4, ""base_emotional.anger"": 0.1287206919261838, ""base_emotional.anxiety"": 0.05533703399335023, ""base_emotional.excitement"": 0.18478274479231982, ""base_emotional.frustration"": 0.15405754584586318, ""base_emotional.loneliness"": 0.08235300187689146, ""base_emotional.self_esteem"": 0.7176058019542291, ""base_emotional.shame"": 0.064655815336021, ""base_emotional.trust_in_teacher"": 0.7103751248917791}"		
1778047201.539	2	33	0.914824	0.811124	0.820373	0.000000	"{""adhd_hyperactive_impulsive.cognitive.conflict_tendency"": 0.20654763965871847, ""adhd_hyperactive_impulsive.cognitive.impulse_override"": 0.3382766336173317, ""adhd_hyperactive_impulsive.cognitive.plan_consistency"": -0.5044343764324885, ""adhd_hyperactive_impulsive.emotional.anger"": 0.14268692083060855, ""adhd_hyperactive_impulsive.emotional.excitement"": 0.23839024075937126, ""adhd_inattentive.cognitive.att_bandwidth"": -3, ""adhd_inattentive.cognitive.plan_consistency"": -0.3322211084093392, ""adhd_inattentive.cognitive.retention"": -2, ""adhd_inattentive.cognitive.task_initiation_delay"": 0.3882119641137828, ""adhd_inattentive.emotional.frustration"": 0.16959268377837738, ""adhd_inattentive.emotional.self_esteem"": -0.21101930517090858, ""adhd_inattentive.emotional.shame"": 0.1801715900572909, ""base_cognitive.att_bandwidth"": 4, ""base_cognitive.conflict_tendency"": 0.11334102341867007, ""base_cognitive.importance_trigger"": 149.4999886168361, ""base_cognitive.impulse_override"": 0.04651793300821719, ""base_cognitive.plan_consistency"": 0.8389944217004054, ""base_cognitive.recency_decay"": 0.9863914378297725, ""base_cognitive.retention"": 6, ""base_cognitive.social_sensitivity"": 0.44330076147382, ""base_cognitive.task_initiation_delay"": 0.02458573131385552, ""base_cognitive.vision_r"": 3, ""base_emotional.anger"": 0.09547612212645532, ""base_emotional.anxiety"": 0.1286035483881593, ""base_emotional.excitement"": 0.2257127357714201, ""base_emotional.frustration"": 0.1754785480066628, ""base_emotional.loneliness"": 0.08827723119924302, ""base_emotional.self_esteem"": 0.6287201839498902, ""base_emotional.shame"": 0.06436454828988362, ""base_emotional.trust_in_teacher"": 0.7332051316129992}"		
1778047202.021	2	34	0.913290	0.804229	0.826882	0.000000	"{""adhd_hyperactive_impulsive.cognitive.conflict_tendency"": 0.14729684831829382, ""adhd_hyperactive_impulsive.cognitive.impulse_override"": 0.30754313906311115, ""adhd_hyperactive_impulsive.cognitive.plan_consistency"": -0.40143419951602, ""adhd_hyperactive_impulsive.emotional.anger"": 0.24563753666173307, ""adhd_hyperactive_impulsive.emotional.excitement"": 0.1381338741272506, ""adhd_inattentive.cognitive.att_bandwidth"": -2, ""adhd_inattentive.cognitive.plan_consistency"": -0.3125098868248787, ""adhd_inattentive.cognitive.retention"": -4, ""adhd_inattentive.cognitive.task_initiation_delay"": 0.40582978122329044, ""adhd_inattentive.emotional.frustration"": 0.1358433481166666, ""adhd_inattentive.emotional.self_esteem"": -0.3433786036849313, ""adhd_inattentive.emotional.shame"": 0.17197608581179058, ""base_cognitive.att_bandwidth"": 2, ""base_cognitive.conflict_tendency"": 0.06232934343797682, ""base_cognitive.importance_trigger"": 115.26118907664635, ""base_cognitive.impulse_override"": 0.10081202040336891, ""base_cognitive.plan_consistency"": 0.7555070609734759, ""base_cognitive.recency_decay"": 0.9827912639438717, ""base_cognitive.retention"": 4, ""base_cognitive.social_sensitivity"": 0.38503067363133137, ""base_cognitive.task_initiation_delay"": 0.032415622125661694, ""base_cognitive.vision_r"": 5, ""base_emotional.anger"": 0.07182190056347887, ""base_emotional.anxiety"": 0.07829025360839315, ""base_emotional.excitement"": 0.1706964087716551, ""base_emotional.frustration"": 0.12603691060004912, ""base_emotional.loneliness"": 0.04757395221222574, ""base_emotional.self_esteem"": 0.7542249910808184, ""base_emotional.shame"": 0.05328925729056692, ""base_emotional.trust_in_teacher"": 0.7951489411292997}"		
1778047202.549	2	35	0.901187	0.812895	0.783626	0.000000	"{""adhd_hyperactive_impulsive.cognitive.conflict_tendency"": 0.19980136377545993, ""adhd_hyperactive_impulsive.cognitive.impulse_override"": 0.38973352599442435, ""adhd_hyperactive_impulsive.cognitive.plan_consistency"": -0.379169911197638, ""adhd_hyperactive_impulsive.emotional.anger"": 0.19480960966735456, ""adhd_hyperactive_impulsive.emotional.excitement"": 0.13142567752995266, ""adhd_inattentive.cognitive.att_bandwidth"": -2, ""adhd_inattentive.cognitive.plan_consistency"": -0.2911404394805483, ""adhd_inattentive.cognitive.retention"": -4, ""adhd_inattentive.cognitive.task_initiation_delay"": 0.33402078478960606, ""adhd_inattentive.emotional.frustration"": 0.22441761229479357, ""adhd_inattentive.emotional.self_esteem"": -0.2302003218630646, ""adhd_inattentive.emotional.shame"": 0.14471525344974628, ""base_cognitive.att_bandwidth"": 2, ""base_cognitive.conflict_tendency"": 0.10177105361956269, ""base_cognitive.importance_trigger"": 124.02121372909532, ""base_cognitive.impulse_override"": 0.050740125666788975, ""base_cognitive.plan_consistency"": 0.9372872908431243, ""base_cognitive.recency_decay"": 0.9868625713426992, ""base_cognitive.retention"": 5, ""base_cognitive.social_sensitivity"": 0.5611981943341752, ""base_cognitive.task_initiation_delay"": 0.04965477522165897, ""base_cognitive.vision_r"": 5, ""base_emotional.anger"": 0.04236286681924041, ""base_emotional.anxiety"": 0.09005522806349511, ""base_emotional.excitement"": 0.20954713936190578, ""base_emotional.frustration"": 0.10988958321794823, ""base_emotional.loneliness"": 0.0365501220037183, ""base_emotional.self_esteem"": 0.7539304474716765, ""base_emotional.shame"": 0.08094336103199756, ""base_emotional.trust_in_teacher"": 0.6673784321896351}"		
1778047203.086	2	36	0.914415	0.814373	0.814480	0.000000	"{""adhd_hyperactive_impulsive.cognitive.conflict_tendency"": 0.1308722342785081, ""adhd_hyperactive_impulsive.cognitive.impulse_override"": 0.3868339943131974, ""adhd_hyperactive_impulsive.cognitive.plan_consistency"": -0.38018243317541695, ""adhd_hyperactive_impulsive.emotional.anger"": 0.12845759719678795, ""adhd_hyperactive_impulsive.emotional.excitement"": 0.22917888753019974, ""adhd_inattentive.cognitive.att_bandwidth"": -1, ""adhd_inattentive.cognitive.plan_consistency"": -0.2844744127875982, ""adhd_inattentive.cognitive.retention"": -4, ""adhd_inattentive.cognitive.task_initiation_delay"": 0.39932945498511535, ""adhd_inattentive.emotional.frustration"": 0.18232390705892682, ""adhd_inattentive.emotional.self_esteem"": -0.2937193561882732, ""adhd_inattentive.emotional.shame"": 0.14668013930956741, ""base_cognitive.att_bandwidth"": 3, ""base_cognitive.conflict_tendency"": 0.050110274773024294, ""base_cognitive.importance_trigger"": 134.0099633309369, ""base_cognitive.impulse_override"": 0.035548563361732816, ""base_cognitive.plan_consistency"": 0.7787098848969222, ""base_cognitive.recency_decay"": 0.9945887329420238, ""base_cognitive.retention"": 4, ""base_cognitive.social_sensitivity"": 0.35826430636287104, ""base_cognitive.task_initiation_delay"": 0.0420232589789717, ""base_cognitive.vision_r"": 5, ""base_emotional.anger"": 0.04211710875047728, ""base_emotional.anxiety"": 0.16311561703678826, ""base_emotional.excitement"": 0.24409176672372973, ""base_emotional.frustration"": 0.11543687603618245, ""base_emotional.loneliness"": 0.13116386190091073, ""base_emotional.self_esteem"": 0.7735769686132448, ""base_emotional.shame"": 0.149898369802689, ""base_emotional.trust_in_teacher"": 0.7518873874528572}"		
1778047203.566	2	37	0.935315	0.812270	0.869883	0.000000	"{""adhd_hyperactive_impulsive.cognitive.conflict_tendency"": 0.13561247726618186, ""adhd_hyperactive_impulsive.cognitive.impulse_override"": 0.3058117326265412, ""adhd_hyperactive_impulsive.cognitive.plan_consistency"": -0.47208132945603193, ""adhd_hyperactive_impulsive.emotional.anger"": 0.12974671564999674, ""adhd_hyperactive_impulsive.emotional.excitement"": 0.1261694116995575, ""adhd_inattentive.cognitive.att_bandwidth"": -3, ""adhd_inattentive.cognitive.plan_consistency"": -0.36194227430362574, ""adhd_inattentive.cognitive.retention"": -3, ""adhd_inattentive.cognitive.task_initiation_delay"": 0.44392713735908784, ""adhd_inattentive.emotional.frustration"": 0.12273464841785264, ""adhd_inattentive.emotional.self_esteem"": -0.22082824098053738, ""adhd_inattentive.emotional.shame"": 0.19303286539256254, ""base_cognitive.att_bandwidth"": 2, ""base_cognitive.conflict_tendency"": 0.04184675939349873, ""base_cognitive.importance_trigger"": 107.28737930702857, ""base_cognitive.impulse_override"": 0.041222043302825834, ""base_cognitive.plan_consistency"": 0.7754155735223772, ""base_cognitive.recency_decay"": 0.9813258469578675, ""base_cognitive.retention"": 4, ""base_cognitive.social_sensitivity"": 0.3957360727327725, ""base_cognitive.task_initiation_delay"": 0.0022698664209765073, ""base_cognitive.vision_r"": 4, ""base_emotional.anger"": 0.06865016872250085, ""base_emotional.anxiety"": 0.06623132137786063, ""base_emotional.excitement"": 0.2433081316877665, ""base_emotional.frustration"": 0.09960207896641612, ""base_emotional.loneliness"": 0.06046336143733387, ""base_emotional.self_esteem"": 0.7394794883651512, ""base_emotional.shame"": 0.12260005462055597, ""base_emotional.trust_in_teacher"": 0.733747277074891}"		
1778047204.083	2	38	0.921876	0.810341	0.839178	0.000000	"{""adhd_hyperactive_impulsive.cognitive.conflict_tendency"": 0.219271403272363, ""adhd_hyperactive_impulsive.cognitive.impulse_override"": 0.2789972207265561, ""adhd_hyperactive_impulsive.cognitive.plan_consistency"": -0.3623052267623197, ""adhd_hyperactive_impulsive.emotional.anger"": 0.13909840774238239, ""adhd_hyperactive_impulsive.emotional.excitement"": 0.24034815067547552, ""adhd_inattentive.cognitive.att_bandwidth"": -2, ""adhd_inattentive.cognitive.plan_consistency"": -0.36745711389370334, ""adhd_inattentive.cognitive.retention"": -2, ""adhd_inattentive.cognitive.task_initiation_delay"": 0.3195083271195061, ""adhd_inattentive.emotional.frustration"": 0.1436170614670148, ""adhd_inattentive.emotional.self_esteem"": -0.2876814142068601, ""adhd_inattentive.emotional.shame"": 0.2168957964853634, ""base_cognitive.att_bandwidth"": 3, ""base_cognitive.conflict_tendency"": 0.0911069003462395, ""base_cognitive.importance_trigger"": 120.54802680660279, ""base_cognitive.impulse_override"": 0.09867595315629749, ""base_cognitive.plan_consistency"": 0.812800720039627, ""base_cognitive.recency_decay"": 0.990071243020562, ""base_cognitive.retention"": 4, ""base_cognitive.social_sensitivity"": 0.4250745749969222, ""base_cognitive.task_initiation_delay"": 0.013713206857381434, ""base_cognitive.vision_r"": 4, ""base_emotional.anger"": 0.08189587040000379, ""base_emotional.anxiety"": 0.1310790896252976, ""base_emotional.excitement"": 0.2984882594849393, ""base_emotional.frustration"": 0.15933946328886203, ""base_emotional.loneliness"": 0.08480355876113241, ""base_emotional.self_esteem"": 0.7716383390198392, ""base_emotional.shame"": 0.13295833368033477, ""base_emotional.trust_in_teacher"": 0.6053255963596104}"		
1778047204.652	2	39	0.917817	0.811835	0.826788	0.000000	"{""adhd_hyperactive_impulsive.cognitive.conflict_tendency"": 0.2052386914079201, ""adhd_hyperactive_impulsive.cognitive.impulse_override"": 0.31189253322345944, ""adhd_hyperactive_impulsive.cognitive.plan_consistency"": -0.4509377793850896, ""adhd_hyperactive_impulsive.emotional.anger"": 0.15268781620735222, ""adhd_hyperactive_impulsive.emotional.excitement"": 0.19084441297733568, ""adhd_inattentive.cognitive.att_bandwidth"": -3, ""adhd_inattentive.cognitive.plan_consistency"": -0.3946826262886756, ""adhd_inattentive.cognitive.retention"": -3, ""adhd_inattentive.cognitive.task_initiation_delay"": 0.3016474991066246, ""adhd_inattentive.emotional.frustration"": 0.12788694966923894, ""adhd_inattentive.emotional.self_esteem"": -0.26255350393643856, ""adhd_inattentive.emotional.shame"": 0.13936820331809746, ""base_cognitive.att_bandwidth"": 3, ""base_cognitive.conflict_tendency"": 0.1126831016371761, ""base_cognitive.importance_trigger"": 113.64175696780751, ""base_cognitive.impulse_override"": 0.042528293888600854, ""base_cognitive.plan_consistency"": 0.8617657815729438, ""base_cognitive.recency_decay"": 0.9940959990768354, ""base_cognitive.retention"": 5, ""base_cognitive.social_sensitivity"": 0.31584761521748655, ""base_cognitive.task_initiation_delay"": 0.07572177129595531, ""base_cognitive.vision_r"": 3, ""base_emotional.anger"": 0.13899000083772126, ""base_emotional.anxiety"": 0.05678349876964563, ""base_emotional.excitement"": 0.2415392403038224, ""base_emotional.frustration"": 0.16884557884914347, ""base_emotional.loneliness"": 0.08110444864181292, ""base_emotional.self_esteem"": 0.7085895054277231, ""base_emotional.shame"": 0.06194979293453566, ""base_emotional.trust_in_teacher"": 0.6677102444244377}"		
1778047205.296	2	40	0.919186	0.812483	0.829240	0.000000	"{""adhd_hyperactive_impulsive.cognitive.conflict_tendency"": 0.10564115527542182, ""adhd_hyperactive_impulsive.cognitive.impulse_override"": 0.2901165866925149, ""adhd_hyperactive_impulsive.cognitive.plan_consistency"": -0.40543515648525197, ""adhd_hyperactive_impulsive.emotional.anger"": 0.1675028658564255, ""adhd_hyperactive_impulsive.emotional.excitement"": 0.2497560669514593, ""adhd_inattentive.cognitive.att_bandwidth"": -3, ""adhd_inattentive.cognitive.plan_consistency"": -0.44116845829175255, ""adhd_inattentive.cognitive.retention"": -2, ""adhd_inattentive.cognitive.task_initiation_delay"": 0.4174919676101396, ""adhd_inattentive.emotional.frustration"": 0.22241289518950147, ""adhd_inattentive.emotional.self_esteem"": -0.19609764622074546, ""adhd_inattentive.emotional.shame"": 0.13306418523272961, ""base_cognitive.att_bandwidth"": 3, ""base_cognitive.conflict_tendency"": 0.11951902346951429, ""base_cognitive.importance_trigger"": 133.74480282411864, ""base_cognitive.impulse_override"": 0.03819824565550474, ""base_cognitive.plan_consistency"": 0.910056915692533, ""base_cognitive.recency_decay"": 0.9905161754310621, ""base_cognitive.retention"": 6, ""base_cognitive.social_sensitivity"": 0.5338091043813813, ""base_cognitive.task_initiation_delay"": 0.030052258240972254, ""base_cognitive.vision_r"": 3, ""base_emotional.anger"": 0.03006522648630567, ""base_emotional.anxiety"": 0.1669183523863836, ""base_emotional.excitement"": 0.2305926619350847, ""base_emotional.frustration"": 0.08846103520903109, ""base_emotional.loneliness"": 0.10866465482185947, ""base_emotional.self_esteem"": 0.6537148911478269, ""base_emotional.shame"": 0.034801175679561015, ""base_emotional.trust_in_teacher"": 0.559891607376646}"		
1778047205.808	2	41	0.915272	0.797666	0.841682	0.000000	"{""adhd_hyperactive_impulsive.cognitive.conflict_tendency"": 0.19118103204704218, ""adhd_hyperactive_impulsive.cognitive.impulse_override"": 0.2516741856733477, ""adhd_hyperactive_impulsive.cognitive.plan_consistency"": -0.5323174795628605, ""adhd_hyperactive_impulsive.emotional.anger"": 0.16769204108042268, ""adhd_hyperactive_impulsive.emotional.excitement"": 0.24951590591527528, ""adhd_inattentive.cognitive.att_bandwidth"": -3, ""adhd_inattentive.cognitive.plan_consistency"": -0.3910847236383659, ""adhd_inattentive.cognitive.retention"": -4, ""adhd_inattentive.cognitive.task_initiation_delay"": 0.4203779428684168, ""adhd_inattentive.emotional.frustration"": 0.14820150702243653, ""adhd_inattentive.emotional.self_esteem"": -0.31986707453833263, ""adhd_inattentive.emotional.shame"": 0.22085382375192647, ""base_cognitive.att_bandwidth"": 3, ""base_cognitive.conflict_tendency"": 0.05170603869223028, ""base_cognitive.importance_trigger"": 169.2641905487895, ""base_cognitive.impulse_override"": 0.11857450494987425, ""base_cognitive.plan_consistency"": 0.8332138097503954, ""base_cognitive.recency_decay"": 0.9855212426762255, ""base_cognitive.retention"": 4, ""base_cognitive.social_sensitivity"": 0.4523363265053064, ""base_cognitive.task_initiation_delay"": 0.0681047186051321, ""base_cognitive.vision_r"": 5, ""base_emotional.anger"": 0.04153365454222254, ""base_emotional.anxiety"": 0.06942739594322225, ""base_emotional.excitement"": 0.23350906685095357, ""base_emotional.frustration"": 0.097357652689566, ""base_emotional.loneliness"": 0.03495765200858635, ""base_emotional.self_esteem"": 0.6635618706245402, ""base_emotional.shame"": 0.04276295182283174, ""base_emotional.trust_in_teacher"": 0.7693222708479581}"		
1778047206.331	2	42	0.893126	0.774511	0.821047	0.000000	"{""adhd_hyperactive_impulsive.cognitive.conflict_tendency"": 0.1685300642198014, ""adhd_hyperactive_impulsive.cognitive.impulse_override"": 0.26852144482380813, ""adhd_hyperactive_impulsive.cognitive.plan_consistency"": -0.5340875270304938, ""adhd_hyperactive_impulsive.emotional.anger"": 0.1915229071707712, ""adhd_hyperactive_impulsive.emotional.excitement"": 0.15897540033546959, ""adhd_inattentive.cognitive.att_bandwidth"": -3, ""adhd_inattentive.cognitive.plan_consistency"": -0.2788182281626649, ""adhd_inattentive.cognitive.retention"": -4, ""adhd_inattentive.cognitive.task_initiation_delay"": 0.42104862130907433, ""adhd_inattentive.emotional.frustration"": 0.23442927250192175, ""adhd_inattentive.emotional.self_esteem"": -0.3250773132377977, ""adhd_inattentive.emotional.shame"": 0.22862935517755714, ""base_cognitive.att_bandwidth"": 4, ""base_cognitive.conflict_tendency"": 0.055470753343379614, ""base_cognitive.importance_trigger"": 160.3311582957947, ""base_cognitive.impulse_override"": 0.08765525185815981, ""base_cognitive.plan_consistency"": 0.7543893274926399, ""base_cognitive.recency_decay"": 0.9913743905490946, ""base_cognitive.retention"": 4, ""base_cognitive.social_sensitivity"": 0.4912808267894201, ""base_cognitive.task_initiation_delay"": 0.07130706328198032, ""base_cognitive.vision_r"": 3, ""base_emotional.anger"": 0.10907770109112747, ""base_emotional.anxiety"": 0.11696536383994884, ""base_emotional.excitement"": 0.28402043410648625, ""base_emotional.frustration"": 0.12001062425461148, ""base_emotional.loneliness"": 0.126713920252655, ""base_emotional.self_esteem"": 0.7290570637219663, ""base_emotional.shame"": 0.08627850561692912, ""base_emotional.trust_in_teacher"": 0.7214768527854649}"		
1778047206.919	2	43	0.904344	0.795834	0.817108	0.000000	"{""adhd_hyperactive_impulsive.cognitive.conflict_tendency"": 0.11843461266013029, ""adhd_hyperactive_impulsive.cognitive.impulse_override"": 0.35520422324876977, ""adhd_hyperactive_impulsive.cognitive.plan_consistency"": -0.5018094347511687, ""adhd_hyperactive_impulsive.emotional.anger"": 0.148441244786877, ""adhd_hyperactive_impulsive.emotional.excitement"": 0.24935054433340786, ""adhd_inattentive.cognitive.att_bandwidth"": -3, ""adhd_inattentive.cognitive.plan_consistency"": -0.3212129423988399, ""adhd_inattentive.cognitive.retention"": -2, ""adhd_inattentive.cognitive.task_initiation_delay"": 0.46768978757701973, ""adhd_inattentive.emotional.frustration"": 0.16300586040630835, ""adhd_inattentive.emotional.self_esteem"": -0.32083855833511793, ""adhd_inattentive.emotional.shame"": 0.22290856326010075, ""base_cognitive.att_bandwidth"": 4, ""base_cognitive.conflict_tendency"": 0.07849050407334143, ""base_cognitive.importance_trigger"": 131.9059857638137, ""base_cognitive.impulse_override"": 0.10198257393458436, ""base_cognitive.plan_consistency"": 0.7819667977263473, ""base_cognitive.recency_decay"": 0.9924534392544453, ""base_cognitive.retention"": 5, ""base_cognitive.social_sensitivity"": 0.4444076634223924, ""base_cognitive.task_initiation_delay"": 0.07738566857925677, ""base_cognitive.vision_r"": 5, ""base_emotional.anger"": 0.14636911253283957, ""base_emotional.anxiety"": 0.16071188120473262, ""base_emotional.excitement"": 0.2704543418822041, ""base_emotional.frustration"": 0.16212204314547668, ""base_emotional.loneliness"": 0.11878593388576726, ""base_emotional.self_esteem"": 0.7554858516210365, ""base_emotional.shame"": 0.036748671991102405, ""base_emotional.trust_in_teacher"": 0.7592048402614143}"		
1778047207.571	2	44	0.899873	0.805535	0.791379	0.000000	"{""adhd_hyperactive_impulsive.cognitive.conflict_tendency"": 0.11116317976718804, ""adhd_hyperactive_impulsive.cognitive.impulse_override"": 0.25797442821062383, ""adhd_hyperactive_impulsive.cognitive.plan_consistency"": -0.3930204674957253, ""adhd_hyperactive_impulsive.emotional.anger"": 0.16348390695284953, ""adhd_hyperactive_impulsive.emotional.excitement"": 0.20599510616070765, ""adhd_inattentive.cognitive.att_bandwidth"": -3, ""adhd_inattentive.cognitive.plan_consistency"": -0.3182101506661993, ""adhd_inattentive.cognitive.retention"": -3, ""adhd_inattentive.cognitive.task_initiation_delay"": 0.4060305049672452, ""adhd_inattentive.emotional.frustration"": 0.22364686495420794, ""adhd_inattentive.emotional.self_esteem"": -0.22836484703519766, ""adhd_inattentive.emotional.shame"": 0.1354683431746945, ""base_cognitive.att_bandwidth"": 3, ""base_cognitive.conflict_tendency"": 0.09129726639236335, ""base_cognitive.importance_trigger"": 105.03071733826265, ""base_cognitive.impulse_override"": 0.05008901916554592, ""base_cognitive.plan_consistency"": 0.8995754223680924, ""base_cognitive.recency_decay"": 0.986176542574501, ""base_cognitive.retention"": 6, ""base_cognitive.social_sensitivity"": 0.4176574198753564, ""base_cognitive.task_initiation_delay"": 0.04730234934423231, ""base_cognitive.vision_r"": 5, ""base_emotional.anger"": 0.1460906369686815, ""base_emotional.anxiety"": 0.14228870733931864, ""base_emotional.excitement"": 0.28766773761029285, ""base_emotional.frustration"": 0.08808716371508943, ""base_emotional.loneliness"": 0.06753128643933254, ""base_emotional.self_esteem"": 0.7159397983400589, ""base_emotional.shame"": 0.10312518393794307, ""base_emotional.trust_in_teacher"": 0.7920866629353795}"		
1778047208.150	2	45	0.908927	0.802506	0.818558	0.000000	"{""adhd_hyperactive_impulsive.cognitive.conflict_tendency"": 0.24523836711316918, ""adhd_hyperactive_impulsive.cognitive.impulse_override"": 0.321417963317972, ""adhd_hyperactive_impulsive.cognitive.plan_consistency"": -0.38249473870875217, ""adhd_hyperactive_impulsive.emotional.anger"": 0.2183569088786334, ""adhd_hyperactive_impulsive.emotional.excitement"": 0.11273614252076225, ""adhd_inattentive.cognitive.att_bandwidth"": -2, ""adhd_inattentive.cognitive.plan_consistency"": -0.3418290711381954, ""adhd_inattentive.cognitive.retention"": -2, ""adhd_inattentive.cognitive.task_initiation_delay"": 0.34743108614452556, ""adhd_inattentive.emotional.frustration"": 0.19826833639372546, ""adhd_inattentive.emotional.self_esteem"": -0.239525677835739, ""adhd_inattentive.emotional.shame"": 0.23444325406184519, ""base_cognitive.att_bandwidth"": 2, ""base_cognitive.conflict_tendency"": 0.07176363349741621, ""base_cognitive.importance_trigger"": 119.9781684599364, ""base_cognitive.impulse_override"": 0.07123395771046642, ""base_cognitive.plan_consistency"": 0.8240085309730383, ""base_cognitive.recency_decay"": 0.9866563391799217, ""base_cognitive.retention"": 6, ""base_cognitive.social_sensitivity"": 0.3526671460355147, ""base_cognitive.task_initiation_delay"": 0.09854090928876312, ""base_cognitive.vision_r"": 3, ""base_emotional.anger"": 0.08737206780697696, ""base_emotional.anxiety"": 0.145278315826796, ""base_emotional.excitement"": 0.2640186095179422, ""base_emotional.frustration"": 0.12630544105890057, ""base_emotional.loneliness"": 0.030126148417250753, ""base_emotional.self_esteem"": 0.7765007647969991, ""base_emotional.shame"": 0.12873305081199618, ""base_emotional.trust_in_teacher"": 0.5772398150584077}"		
1778047208.718	2	46	0.757508	0.524609	0.856857	0.000000	"{""adhd_hyperactive_impulsive.cognitive.conflict_tendency"": 0.1489245437295023, ""adhd_hyperactive_impulsive.cognitive.impulse_override"": 0.3888368428947744, ""adhd_hyperactive_impulsive.cognitive.plan_consistency"": -0.3743298632094255, ""adhd_hyperactive_impulsive.emotional.anger"": 0.17362072659313943, ""adhd_hyperactive_impulsive.emotional.excitement"": 0.2192308638395007, ""adhd_inattentive.cognitive.att_bandwidth"": -1, ""adhd_inattentive.cognitive.plan_consistency"": -0.3295330570328279, ""adhd_inattentive.cognitive.retention"": -4, ""adhd_inattentive.cognitive.task_initiation_delay"": 0.3838091254309349, ""adhd_inattentive.emotional.frustration"": 0.2230919798793105, ""adhd_inattentive.emotional.self_esteem"": -0.33535464978655255, ""adhd_inattentive.emotional.shame"": 0.13062659367241775, ""base_cognitive.att_bandwidth"": 3, ""base_cognitive.conflict_tendency"": 0.07558219562873048, ""base_cognitive.importance_trigger"": 147.78633647635831, ""base_cognitive.impulse_override"": 0.03945243438883199, ""base_cognitive.plan_consistency"": 0.7554095064984224, ""base_cognitive.recency_decay"": 0.9832860226720119, ""base_cognitive.retention"": 5, ""base_cognitive.social_sensitivity"": 0.5833670816205323, ""base_cognitive.task_initiation_delay"": 0.026923234106397787, ""base_cognitive.vision_r"": 4, ""base_emotional.anger"": 0.07787712672418258, ""base_emotional.anxiety"": 0.10592868660523837, ""base_emotional.excitement"": 0.22426620673342337, ""base_emotional.frustration"": 0.1512380412421386, ""base_emotional.loneliness"": 0.12458688742159237, ""base_emotional.self_esteem"": 0.673214677786709, ""base_emotional.shame"": 0.05488785129376108, ""base_emotional.trust_in_teacher"": 0.5538068589096381}"		
1778047209.233	2	47	0.927818	0.810919	0.853166	0.000000	"{""adhd_hyperactive_impulsive.cognitive.conflict_tendency"": 0.16233725236157956, ""adhd_hyperactive_impulsive.cognitive.impulse_override"": 0.33898068369003304, ""adhd_hyperactive_impulsive.cognitive.plan_consistency"": -0.47915699142674595, ""adhd_hyperactive_impulsive.emotional.anger"": 0.24270887144361836, ""adhd_hyperactive_impulsive.emotional.excitement"": 0.1321424236300205, ""adhd_inattentive.cognitive.att_bandwidth"": -3, ""adhd_inattentive.cognitive.plan_consistency"": -0.4131214106984196, ""adhd_inattentive.cognitive.retention"": -3, ""adhd_inattentive.cognitive.task_initiation_delay"": 0.4617362830256472, ""adhd_inattentive.emotional.frustration"": 0.13264008614895195, ""adhd_inattentive.emotional.self_esteem"": -0.32211060720513, ""adhd_inattentive.emotional.shame"": 0.10559029313972282, ""base_cognitive.att_bandwidth"": 3, ""base_cognitive.conflict_tendency"": 0.10077280102176044, ""base_cognitive.importance_trigger"": 152.21928891687293, ""base_cognitive.impulse_override"": 0.05173534663796922, ""base_cognitive.plan_consistency"": 0.8341888146878452, ""base_cognitive.recency_decay"": 0.9889996221509776, ""base_cognitive.retention"": 4, ""base_cognitive.social_sensitivity"": 0.44498561773801715, ""base_cognitive.task_initiation_delay"": 0.09585326117869908, ""base_cognitive.vision_r"": 4, ""base_emotional.anger"": 0.05067348262839673, ""base_emotional.anxiety"": 0.16221837196668215, ""base_emotional.excitement"": 0.19286009238870186, ""base_emotional.frustration"": 0.10138134414664848, ""base_emotional.loneliness"": 0.06335302547450988, ""base_emotional.self_esteem"": 0.6421125483173851, ""base_emotional.shame"": 0.11765110559739875, ""base_emotional.trust_in_teacher"": 0.7746312009421543}"		
1778047209.720	2	48	0.921453	0.813584	0.833257	0.000000	"{""adhd_hyperactive_impulsive.cognitive.conflict_tendency"": 0.242122576804062, ""adhd_hyperactive_impulsive.cognitive.impulse_override"": 0.33454325189211354, ""adhd_hyperactive_impulsive.cognitive.plan_consistency"": -0.5382714154045799, ""adhd_hyperactive_impulsive.emotional.anger"": 0.16826886800973, ""adhd_hyperactive_impulsive.emotional.excitement"": 0.10819832103217933, ""adhd_inattentive.cognitive.att_bandwidth"": -1, ""adhd_inattentive.cognitive.plan_consistency"": -0.3906906187494143, ""adhd_inattentive.cognitive.retention"": -3, ""adhd_inattentive.cognitive.task_initiation_delay"": 0.450889955445686, ""adhd_inattentive.emotional.frustration"": 0.23067133942860912, ""adhd_inattentive.emotional.self_esteem"": -0.26942595667280583, ""adhd_inattentive.emotional.shame"": 0.11854119347644847, ""base_cognitive.att_bandwidth"": 2, ""base_cognitive.conflict_tendency"": 0.1001004143483099, ""base_cognitive.importance_trigger"": 103.45472776385922, ""base_cognitive.impulse_override"": 0.05071631648122151, ""base_cognitive.plan_consistency"": 0.8067737435893092, ""base_cognitive.recency_decay"": 0.9824864411143244, ""base_cognitive.retention"": 4, ""base_cognitive.social_sensitivity"": 0.3133100242968437, ""base_cognitive.task_initiation_delay"": 0.034325286344285534, ""base_cognitive.vision_r"": 3, ""base_emotional.anger"": 0.09851802169506324, ""base_emotional.anxiety"": 0.1421774337444086, ""base_emotional.excitement"": 0.26735592969696265, ""base_emotional.frustration"": 0.05722300833834079, ""base_emotional.loneliness"": 0.045295210078570416, ""base_emotional.self_esteem"": 0.7366812232227177, ""base_emotional.shame"": 0.03124822023126446, ""base_emotional.trust_in_teacher"": 0.7986675584698892}"		
1778047210.389	2	49	0.912879	0.802069	0.829093	0.000000	"{""adhd_hyperactive_impulsive.cognitive.conflict_tendency"": 0.1467513650252567, ""adhd_hyperactive_impulsive.cognitive.impulse_override"": 0.3782052211614717, ""adhd_hyperactive_impulsive.cognitive.plan_consistency"": -0.5297541411016561, ""adhd_hyperactive_impulsive.emotional.anger"": 0.13522825186065757, ""adhd_hyperactive_impulsive.emotional.excitement"": 0.18087748180911548, ""adhd_inattentive.cognitive.att_bandwidth"": -2, ""adhd_inattentive.cognitive.plan_consistency"": -0.4191788182478979, ""adhd_inattentive.cognitive.retention"": -4, ""adhd_inattentive.cognitive.task_initiation_delay"": 0.37337446618317627, ""adhd_inattentive.emotional.frustration"": 0.22883382517547357, ""adhd_inattentive.emotional.self_esteem"": -0.22301421454170575, ""adhd_inattentive.emotional.shame"": 0.22552582290176632, ""base_cognitive.att_bandwidth"": 4, ""base_cognitive.conflict_tendency"": 0.059238183576416414, ""base_cognitive.importance_trigger"": 117.4858476553024, ""base_cognitive.impulse_override"": 0.08831828814026552, ""base_cognitive.plan_consistency"": 0.9404514619532258, ""base_cognitive.recency_decay"": 0.9851419336623045, ""base_cognitive.retention"": 6, ""base_cognitive.social_sensitivity"": 0.40561461984113123, ""base_cognitive.task_initiation_delay"": 0.05109402175282434, ""base_cognitive.vision_r"": 4, ""base_emotional.anger"": 0.08617080569143278, ""base_emotional.anxiety"": 0.09557097413717583, ""base_emotional.excitement"": 0.2582683526405901, ""base_emotional.frustration"": 0.06914933222973388, ""base_emotional.loneliness"": 0.06760695122082025, ""base_emotional.self_esteem"": 0.661207920453211, ""base_emotional.shame"": 0.13701114292771382, ""base_emotional.trust_in_teacher"": 0.6846743281793992}"		
1778047211.032	2	50	0.878240	0.707231	0.884753	0.000000	"{""adhd_hyperactive_impulsive.cognitive.conflict_tendency"": 0.14595853884763393, ""adhd_hyperactive_impulsive.cognitive.impulse_override"": 0.37540465519713584, ""adhd_hyperactive_impulsive.cognitive.plan_consistency"": -0.5436325439086315, ""adhd_hyperactive_impulsive.emotional.anger"": 0.16884779953411724, ""adhd_hyperactive_impulsive.emotional.excitement"": 0.21052443264270343, ""adhd_inattentive.cognitive.att_bandwidth"": -3, ""adhd_inattentive.cognitive.plan_consistency"": -0.3835464729442071, ""adhd_inattentive.cognitive.retention"": -3, ""adhd_inattentive.cognitive.task_initiation_delay"": 0.4884744690597275, ""adhd_inattentive.emotional.frustration"": 0.14951206950335447, ""adhd_inattentive.emotional.self_esteem"": -0.2492214264741372, ""adhd_inattentive.emotional.shame"": 0.22904650410923283, ""base_cognitive.att_bandwidth"": 4, ""base_cognitive.conflict_tendency"": 0.055924186681764805, ""base_cognitive.importance_trigger"": 101.53413400986591, ""base_cognitive.impulse_override"": 0.09979573987094621, ""base_cognitive.plan_consistency"": 0.8074665352393241, ""base_cognitive.recency_decay"": 0.9832819360706994, ""base_cognitive.retention"": 6, ""base_cognitive.social_sensitivity"": 0.41380460896240207, ""base_cognitive.task_initiation_delay"": 0.06681173858632182, ""base_cognitive.vision_r"": 5, ""base_emotional.anger"": 0.05577433404910404, ""base_emotional.anxiety"": 0.17555523270766177, ""base_emotional.excitement"": 0.24360927301971996, ""base_emotional.frustration"": 0.18844003972626944, ""base_emotional.loneliness"": 0.0986870025237673, ""base_emotional.self_esteem"": 0.6642654444104346, ""base_emotional.shame"": 0.06032164595392091, ""base_emotional.trust_in_teacher"": 0.6073141688335157}"		
1778047211.603	2	51	0.886303	0.736814	0.860537	0.000000	"{""adhd_hyperactive_impulsive.cognitive.conflict_tendency"": 0.18606838211660034, ""adhd_hyperactive_impulsive.cognitive.impulse_override"": 0.34607506317194175, ""adhd_hyperactive_impulsive.cognitive.plan_consistency"": -0.3748208212103081, ""adhd_hyperactive_impulsive.emotional.anger"": 0.23272023053814456, ""adhd_hyperactive_impulsive.emotional.excitement"": 0.22223003504139255, ""adhd_inattentive.cognitive.att_bandwidth"": -2, ""adhd_inattentive.cognitive.plan_consistency"": -0.39477179215446545, ""adhd_inattentive.cognitive.retention"": -4, ""adhd_inattentive.cognitive.task_initiation_delay"": 0.3082671900073966, ""adhd_inattentive.emotional.frustration"": 0.2367202291244101, ""adhd_inattentive.emotional.self_esteem"": -0.18458389266805092, ""adhd_inattentive.emotional.shame"": 0.15042376284165881, ""base_cognitive.att_bandwidth"": 3, ""base_cognitive.conflict_tendency"": 0.10115577249794776, ""base_cognitive.importance_trigger"": 111.76530233359239, ""base_cognitive.impulse_override"": 0.09828636744826666, ""base_cognitive.plan_consistency"": 0.7763363228326425, ""base_cognitive.recency_decay"": 0.9934256474160117, ""base_cognitive.retention"": 5, ""base_cognitive.social_sensitivity"": 0.33922028515080455, ""base_cognitive.task_initiation_delay"": 0.019813798007934293, ""base_cognitive.vision_r"": 5, ""base_emotional.anger"": 0.13431114211967987, ""base_emotional.anxiety"": 0.1489308515765995, ""base_emotional.excitement"": 0.2314786366923226, ""base_emotional.frustration"": 0.08879076239452968, ""base_emotional.loneliness"": 0.09993437928906343, ""base_emotional.self_esteem"": 0.6596698841059034, ""base_emotional.shame"": 0.09866034681510694, ""base_emotional.trust_in_teacher"": 0.6120187873785359}"		
1778047212.201	2	52	0.811219	0.597355	0.882015	0.000000	"{""adhd_hyperactive_impulsive.cognitive.conflict_tendency"": 0.1909176177923264, ""adhd_hyperactive_impulsive.cognitive.impulse_override"": 0.3230432248777074, ""adhd_hyperactive_impulsive.cognitive.plan_consistency"": -0.5138954922207167, ""adhd_hyperactive_impulsive.emotional.anger"": 0.13754686256086793, ""adhd_hyperactive_impulsive.emotional.excitement"": 0.14623313612320554, ""adhd_inattentive.cognitive.att_bandwidth"": -1, ""adhd_inattentive.cognitive.plan_consistency"": -0.42399170576668105, ""adhd_inattentive.cognitive.retention"": -2, ""adhd_inattentive.cognitive.task_initiation_delay"": 0.48525241424643173, ""adhd_inattentive.emotional.frustration"": 0.21944468061640404, ""adhd_inattentive.emotional.self_esteem"": -0.18763798928363576, ""adhd_inattentive.emotional.shame"": 0.1818227344691415, ""base_cognitive.att_bandwidth"": 4, ""base_cognitive.conflict_tendency"": 0.08864221780403225, ""base_cognitive.importance_trigger"": 141.8664606046047, ""base_cognitive.impulse_override"": 0.07719205383725779, ""base_cognitive.plan_consistency"": 0.7536508064858389, ""base_cognitive.recency_decay"": 0.9919920387112476, ""base_cognitive.retention"": 5, ""base_cognitive.social_sensitivity"": 0.5022318952639842, ""base_cognitive.task_initiation_delay"": 0.01391083797549647, ""base_cognitive.vision_r"": 3, ""base_emotional.anger"": 0.0700930427989602, ""base_emotional.anxiety"": 0.11426385591371345, ""base_emotional.excitement"": 0.20447102091871255, ""base_emotional.frustration"": 0.1314253633524885, ""base_emotional.loneliness"": 0.08500919773041114, ""base_emotional.self_esteem"": 0.7585435720881655, ""base_emotional.shame"": 0.10655088780498259, ""base_emotional.trust_in_teacher"": 0.5874627308336424}"		
1778047212.750	2	53	0.914925	0.814222	0.815979	0.000000	"{""adhd_hyperactive_impulsive.cognitive.conflict_tendency"": 0.1666203788204652, ""adhd_hyperactive_impulsive.cognitive.impulse_override"": 0.29564388399294694, ""adhd_hyperactive_impulsive.cognitive.plan_consistency"": -0.37488185076076613, ""adhd_hyperactive_impulsive.emotional.anger"": 0.18070078317885868, ""adhd_hyperactive_impulsive.emotional.excitement"": 0.2274400706599165, ""adhd_inattentive.cognitive.att_bandwidth"": -1, ""adhd_inattentive.cognitive.plan_consistency"": -0.32079059817838074, ""adhd_inattentive.cognitive.retention"": -4, ""adhd_inattentive.cognitive.task_initiation_delay"": 0.37190265044279597, ""adhd_inattentive.emotional.frustration"": 0.19787724896612002, ""adhd_inattentive.emotional.self_esteem"": -0.23301538070388172, ""adhd_inattentive.emotional.shame"": 0.2448495679620973, ""base_cognitive.att_bandwidth"": 2, ""base_cognitive.conflict_tendency"": 0.0897747756482593, ""base_cognitive.importance_trigger"": 143.52115621718673, ""base_cognitive.impulse_override"": 0.052979516523033114, ""base_cognitive.plan_consistency"": 0.8188946786068071, ""base_cognitive.recency_decay"": 0.9849742934453879, ""base_cognitive.retention"": 5, ""base_cognitive.social_sensitivity"": 0.5435292370276037, ""base_cognitive.task_initiation_delay"": 0.020303187607263642, ""base_cognitive.vision_r"": 4, ""base_emotional.anger"": 0.11871153224019476, ""base_emotional.anxiety"": 0.14307653532516262, ""base_emotional.excitement"": 0.2413739719974809, ""base_emotional.frustration"": 0.11339688943965291, ""base_emotional.loneliness"": 0.034787533873778115, ""base_emotional.self_esteem"": 0.685703357037922, ""base_emotional.shame"": 0.036821535247702215, ""base_emotional.trust_in_teacher"": 0.7859269273497487}"		
1778047213.289	2	54	0.815896	0.644208	0.823427	0.000000	"{""adhd_hyperactive_impulsive.cognitive.conflict_tendency"": 0.20326521935332625, ""adhd_hyperactive_impulsive.cognitive.impulse_override"": 0.3747629588716338, ""adhd_hyperactive_impulsive.cognitive.plan_consistency"": -0.5495709233054659, ""adhd_hyperactive_impulsive.emotional.anger"": 0.24231988568740073, ""adhd_hyperactive_impulsive.emotional.excitement"": 0.22622589737813603, ""adhd_inattentive.cognitive.att_bandwidth"": -3, ""adhd_inattentive.cognitive.plan_consistency"": -0.35582260680316313, ""adhd_inattentive.cognitive.retention"": -2, ""adhd_inattentive.cognitive.task_initiation_delay"": 0.4669426585099298, ""adhd_inattentive.emotional.frustration"": 0.2366027464721991, ""adhd_inattentive.emotional.self_esteem"": -0.2890172672189093, ""adhd_inattentive.emotional.shame"": 0.1095090413042065, ""base_cognitive.att_bandwidth"": 4, ""base_cognitive.conflict_tendency"": 0.05762879570475532, ""base_cognitive.importance_trigger"": 124.57290658667185, ""base_cognitive.impulse_override"": 0.03549702342918823, ""base_cognitive.plan_consistency"": 0.784033046873933, ""base_cognitive.recency_decay"": 0.9885929826776698, ""base_cognitive.retention"": 4, ""base_cognitive.social_sensitivity"": 0.5499625025443985, ""base_cognitive.task_initiation_delay"": 0.0874598286894242, ""base_cognitive.vision_r"": 3, ""base_emotional.anger"": 0.12914843189230782, ""base_emotional.anxiety"": 0.10607061104264029, ""base_emotional.excitement"": 0.29637004027457003, ""base_emotional.frustration"": 0.11016607716987334, ""base_emotional.loneliness"": 0.11209926281314889, ""base_emotional.self_esteem"": 0.6735250225571867, ""base_emotional.shame"": 0.05854790406886776, ""base_emotional.trust_in_teacher"": 0.6003515373052466}"		
1778047213.819	2	55	0.899250	0.809666	0.783626	0.000000	"{""adhd_hyperactive_impulsive.cognitive.conflict_tendency"": 0.20773306494259297, ""adhd_hyperactive_impulsive.cognitive.impulse_override"": 0.387201326432027, ""adhd_hyperactive_impulsive.cognitive.plan_consistency"": -0.5286464432729693, ""adhd_hyperactive_impulsive.emotional.anger"": 0.22442433450673566, ""adhd_hyperactive_impulsive.emotional.excitement"": 0.12567625611143315, ""adhd_inattentive.cognitive.att_bandwidth"": -1, ""adhd_inattentive.cognitive.plan_consistency"": -0.2679012718494647, ""adhd_inattentive.cognitive.retention"": -4, ""adhd_inattentive.cognitive.task_initiation_delay"": 0.3194733297774715, ""adhd_inattentive.emotional.frustration"": 0.12936035773549817, ""adhd_inattentive.emotional.self_esteem"": -0.2691993618116732, ""adhd_inattentive.emotional.shame"": 0.21279767301427488, ""base_cognitive.att_bandwidth"": 4, ""base_cognitive.conflict_tendency"": 0.07383597785814922, ""base_cognitive.importance_trigger"": 112.53811713210459, ""base_cognitive.impulse_override"": 0.09345528543778267, ""base_cognitive.plan_consistency"": 0.8554563014172367, ""base_cognitive.recency_decay"": 0.9802900235125174, ""base_cognitive.retention"": 4, ""base_cognitive.social_sensitivity"": 0.4089190301812357, ""base_cognitive.task_initiation_delay"": 0.07789483393823869, ""base_cognitive.vision_r"": 3, ""base_emotional.anger"": 0.06297732801853628, ""base_emotional.anxiety"": 0.1021746926239834, ""base_emotional.excitement"": 0.27931278178223007, ""base_emotional.frustration"": 0.11589340801334383, ""base_emotional.loneliness"": 0.10256722792904023, ""base_emotional.self_esteem"": 0.6826952308239398, ""base_emotional.shame"": 0.07551205016981369, ""base_emotional.trust_in_teacher"": 0.6233688818716159}"		
1778047214.362	2	56	0.879546	0.743858	0.833077	0.000000	"{""adhd_hyperactive_impulsive.cognitive.conflict_tendency"": 0.12141858652274189, ""adhd_hyperactive_impulsive.cognitive.impulse_override"": 0.3939395145679983, ""adhd_hyperactive_impulsive.cognitive.plan_consistency"": -0.424951261782837, ""adhd_hyperactive_impulsive.emotional.anger"": 0.12335831510340999, ""adhd_hyperactive_impulsive.emotional.excitement"": 0.13960513266619723, ""adhd_inattentive.cognitive.att_bandwidth"": -1, ""adhd_inattentive.cognitive.plan_consistency"": -0.349990945732106, ""adhd_inattentive.cognitive.retention"": -3, ""adhd_inattentive.cognitive.task_initiation_delay"": 0.4025574791830523, ""adhd_inattentive.emotional.frustration"": 0.17035328077495163, ""adhd_inattentive.emotional.self_esteem"": -0.34008792271629484, ""adhd_inattentive.emotional.shame"": 0.13351229843620993, ""base_cognitive.att_bandwidth"": 2, ""base_cognitive.conflict_tendency"": 0.10815324963740797, ""base_cognitive.importance_trigger"": 151.92134983764544, ""base_cognitive.impulse_override"": 0.05737474918757096, ""base_cognitive.plan_consistency"": 0.7829463419092528, ""base_cognitive.recency_decay"": 0.9854113873768715, ""base_cognitive.retention"": 5, ""base_cognitive.social_sensitivity"": 0.5717701953862476, ""base_cognitive.task_initiation_delay"": 0.058000767821584545, ""base_cognitive.vision_r"": 5, ""base_emotional.anger"": 0.12386455297691995, ""base_emotional.anxiety"": 0.06427600368684448, ""base_emotional.excitement"": 0.1909725448735597, ""base_emotional.frustration"": 0.17008974925371523, ""base_emotional.loneliness"": 0.05495451427933571, ""base_emotional.self_esteem"": 0.7664827061362877, ""base_emotional.shame"": 0.14847167341198286, ""base_emotional.trust_in_teacher"": 0.5508102380255593}"		
1778047214.954	2	57	0.900593	0.811904	0.783626	0.000000	"{""adhd_hyperactive_impulsive.cognitive.conflict_tendency"": 0.2468677747109937, ""adhd_hyperactive_impulsive.cognitive.impulse_override"": 0.3574859067264538, ""adhd_hyperactive_impulsive.cognitive.plan_consistency"": -0.3986582003467548, ""adhd_hyperactive_impulsive.emotional.anger"": 0.13617284859811302, ""adhd_hyperactive_impulsive.emotional.excitement"": 0.1425068050499526, ""adhd_inattentive.cognitive.att_bandwidth"": -1, ""adhd_inattentive.cognitive.plan_consistency"": -0.29681561375753973, ""adhd_inattentive.cognitive.retention"": -4, ""adhd_inattentive.cognitive.task_initiation_delay"": 0.42747909886938207, ""adhd_inattentive.emotional.frustration"": 0.1233220039313683, ""adhd_inattentive.emotional.self_esteem"": -0.19855923637559422, ""adhd_inattentive.emotional.shame"": 0.19847771929448976, ""base_cognitive.att_bandwidth"": 4, ""base_cognitive.conflict_tendency"": 0.07771382561863485, ""base_cognitive.importance_trigger"": 111.98877397660756, ""base_cognitive.impulse_override"": 0.08078006266560323, ""base_cognitive.plan_consistency"": 0.9346120867690115, ""base_cognitive.recency_decay"": 0.9899342928203668, ""base_cognitive.retention"": 5, ""base_cognitive.social_sensitivity"": 0.36196775482419785, ""base_cognitive.task_initiation_delay"": 0.09174822378134262, ""base_cognitive.vision_r"": 5, ""base_emotional.anger"": 0.06428555934261225, ""base_emotional.anxiety"": 0.08853345235002338, ""base_emotional.excitement"": 0.25359085941904785, ""base_emotional.frustration"": 0.12056543486493702, ""base_emotional.loneliness"": 0.06339730453497507, ""base_emotional.self_esteem"": 0.7735174904742828, ""base_emotional.shame"": 0.0412933219226619, ""base_emotional.trust_in_teacher"": 0.6958102410048443}"		
1778047215.498	2	58	0.923141	0.812657	0.838867	0.000000	"{""adhd_hyperactive_impulsive.cognitive.conflict_tendency"": 0.1662251500532558, ""adhd_hyperactive_impulsive.cognitive.impulse_override"": 0.2743710437279311, ""adhd_hyperactive_impulsive.cognitive.plan_consistency"": -0.4099452318637862, ""adhd_hyperactive_impulsive.emotional.anger"": 0.24221140434552513, ""adhd_hyperactive_impulsive.emotional.excitement"": 0.23854984356771525, ""adhd_inattentive.cognitive.att_bandwidth"": -2, ""adhd_inattentive.cognitive.plan_consistency"": -0.36758469332397564, ""adhd_inattentive.cognitive.retention"": -3, ""adhd_inattentive.cognitive.task_initiation_delay"": 0.4545862773429491, ""adhd_inattentive.emotional.frustration"": 0.21062919616257736, ""adhd_inattentive.emotional.self_esteem"": -0.23211516288663708, ""adhd_inattentive.emotional.shame"": 0.11837807714083444, ""base_cognitive.att_bandwidth"": 2, ""base_cognitive.conflict_tendency"": 0.03851244292454602, ""base_cognitive.importance_trigger"": 133.05926564268876, ""base_cognitive.impulse_override"": 0.08980107559053982, ""base_cognitive.plan_consistency"": 0.7848056206483431, ""base_cognitive.recency_decay"": 0.9811159111184303, ""base_cognitive.retention"": 5, ""base_cognitive.social_sensitivity"": 0.5921514007851474, ""base_cognitive.task_initiation_delay"": 0.07008963566911484, ""base_cognitive.vision_r"": 3, ""base_emotional.anger"": 0.13103009304735452, ""base_emotional.anxiety"": 0.05180405589116863, ""base_emotional.excitement"": 0.16826274505076047, ""base_emotional.frustration"": 0.06741172854673914, ""base_emotional.loneliness"": 0.10896513384839686, ""base_emotional.self_esteem"": 0.6309844784262608, ""base_emotional.shame"": 0.11036413005728915, ""base_emotional.trust_in_teacher"": 0.6652267085319081}"		
1778047216.152	2	59	0.912558	0.803985	0.825419	0.000000	"{""adhd_hyperactive_impulsive.cognitive.conflict_tendency"": 0.23441095499205544, ""adhd_hyperactive_impulsive.cognitive.impulse_override"": 0.3702465827464804, ""adhd_hyperactive_impulsive.cognitive.plan_consistency"": -0.35407583260812003, ""adhd_hyperactive_impulsive.emotional.anger"": 0.19484483571638075, ""adhd_hyperactive_impulsive.emotional.excitement"": 0.15826271188728352, ""adhd_inattentive.cognitive.att_bandwidth"": -1, ""adhd_inattentive.cognitive.plan_consistency"": -0.43591930428982634, ""adhd_inattentive.cognitive.retention"": -2, ""adhd_inattentive.cognitive.task_initiation_delay"": 0.3262344075215241, ""adhd_inattentive.emotional.frustration"": 0.1551883946146062, ""adhd_inattentive.emotional.self_esteem"": -0.2327333218978912, ""adhd_inattentive.emotional.shame"": 0.2431793052959084, ""base_cognitive.att_bandwidth"": 4, ""base_cognitive.conflict_tendency"": 0.08161257557378955, ""base_cognitive.importance_trigger"": 166.1641614960941, ""base_cognitive.impulse_override"": 0.0764921424714593, ""base_cognitive.plan_consistency"": 0.9055323502908987, ""base_cognitive.recency_decay"": 0.9820963300013724, ""base_cognitive.retention"": 6, ""base_cognitive.social_sensitivity"": 0.35702291423168686, ""base_cognitive.task_initiation_delay"": 0.001215431195189487, ""base_cognitive.vision_r"": 3, ""base_emotional.anger"": 0.03261321955721058, ""base_emotional.anxiety"": 0.16631863802837998, ""base_emotional.excitement"": 0.2689625230281823, ""base_emotional.frustration"": 0.08482999650491008, ""base_emotional.loneliness"": 0.11337766144333633, ""base_emotional.self_esteem"": 0.601983229226244, ""base_emotional.shame"": 0.12144356757480317, ""base_emotional.trust_in_teacher"": 0.7140317203690418}"		
1778047216.739	2	60	0.818690	0.629911	0.851858	0.000000	"{""adhd_hyperactive_impulsive.cognitive.conflict_tendency"": 0.236541035318808, ""adhd_hyperactive_impulsive.cognitive.impulse_override"": 0.3757537249407561, ""adhd_hyperactive_impulsive.cognitive.plan_consistency"": -0.4803589009310941, ""adhd_hyperactive_impulsive.emotional.anger"": 0.186850353004961, ""adhd_hyperactive_impulsive.emotional.excitement"": 0.22464276677025477, ""adhd_inattentive.cognitive.att_bandwidth"": -2, ""adhd_inattentive.cognitive.plan_consistency"": -0.4273243317339723, ""adhd_inattentive.cognitive.retention"": -2, ""adhd_inattentive.cognitive.task_initiation_delay"": 0.4616203703155633, ""adhd_inattentive.emotional.frustration"": 0.17431036181380138, ""adhd_inattentive.emotional.self_esteem"": -0.2964983192120654, ""adhd_inattentive.emotional.shame"": 0.166452522336189, ""base_cognitive.att_bandwidth"": 2, ""base_cognitive.conflict_tendency"": 0.04983225129160563, ""base_cognitive.importance_trigger"": 138.08562196206833, ""base_cognitive.impulse_override"": 0.049154251079247445, ""base_cognitive.plan_consistency"": 0.7706608594119172, ""base_cognitive.recency_decay"": 0.9913380965301917, ""base_cognitive.retention"": 6, ""base_cognitive.social_sensitivity"": 0.5823987716620804, ""base_cognitive.task_initiation_delay"": 0.08766005493130133, ""base_cognitive.vision_r"": 4, ""base_emotional.anger"": 0.04243013500404528, ""base_emotional.anxiety"": 0.09037542910401349, ""base_emotional.excitement"": 0.2864690951980408, ""base_emotional.frustration"": 0.19426030466175714, ""base_emotional.loneliness"": 0.0313198414575641, ""base_emotional.self_esteem"": 0.7345193678554431, ""base_emotional.shame"": 0.1223052615487305, ""base_emotional.trust_in_teacher"": 0.7156779325123817}"		
1778047217.333	2	61	0.798516	0.623504	0.811034	0.000000	"{""adhd_hyperactive_impulsive.cognitive.conflict_tendency"": 0.21239861787740139, ""adhd_hyperactive_impulsive.cognitive.impulse_override"": 0.2798597172783711, ""adhd_hyperactive_impulsive.cognitive.plan_consistency"": -0.4098803717355123, ""adhd_hyperactive_impulsive.emotional.anger"": 0.22394130783445526, ""adhd_hyperactive_impulsive.emotional.excitement"": 0.24116846798899386, ""adhd_inattentive.cognitive.att_bandwidth"": -3, ""adhd_inattentive.cognitive.plan_consistency"": -0.25038480645567107, ""adhd_inattentive.cognitive.retention"": -4, ""adhd_inattentive.cognitive.task_initiation_delay"": 0.40788860239007585, ""adhd_inattentive.emotional.frustration"": 0.17162017479944172, ""adhd_inattentive.emotional.self_esteem"": -0.25543910580058055, ""adhd_inattentive.emotional.shame"": 0.24375342324048244, ""base_cognitive.att_bandwidth"": 2, ""base_cognitive.conflict_tendency"": 0.09300917147939403, ""base_cognitive.importance_trigger"": 158.78199370191538, ""base_cognitive.impulse_override"": 0.046310657640957376, ""base_cognitive.plan_consistency"": 0.7790774868910396, ""base_cognitive.recency_decay"": 0.9947961975142244, ""base_cognitive.retention"": 6, ""base_cognitive.social_sensitivity"": 0.3599778644707189, ""base_cognitive.task_initiation_delay"": 0.09596270328181618, ""base_cognitive.vision_r"": 4, ""base_emotional.anger"": 0.08300290911576266, ""base_emotional.anxiety"": 0.1147156287375085, ""base_emotional.excitement"": 0.24459070938875682, ""base_emotional.frustration"": 0.19134929138195622, ""base_emotional.loneliness"": 0.14062065833814186, ""base_emotional.self_esteem"": 0.6750206833935487, ""base_emotional.shame"": 0.049004097196181595, ""base_emotional.trust_in_teacher"": 0.5761421052670719}"		
1778047217.869	2	62	0.923488	0.815454	0.835539	0.000000	"{""adhd_hyperactive_impulsive.cognitive.conflict_tendency"": 0.18934855900202918, ""adhd_hyperactive_impulsive.cognitive.impulse_override"": 0.35400581589858615, ""adhd_hyperactive_impulsive.cognitive.plan_consistency"": -0.46186590077358675, ""adhd_hyperactive_impulsive.emotional.anger"": 0.13203095407031415, ""adhd_hyperactive_impulsive.emotional.excitement"": 0.12002487626878094, ""adhd_inattentive.cognitive.att_bandwidth"": -1, ""adhd_inattentive.cognitive.plan_consistency"": -0.3282858019828023, ""adhd_inattentive.cognitive.retention"": -3, ""adhd_inattentive.cognitive.task_initiation_delay"": 0.4161148851445262, ""adhd_inattentive.emotional.frustration"": 0.13172115643091464, ""adhd_inattentive.emotional.self_esteem"": -0.30894134171444654, ""adhd_inattentive.emotional.shame"": 0.1549287776862678, ""base_cognitive.att_bandwidth"": 2, ""base_cognitive.conflict_tendency"": 0.04988367673199415, ""base_cognitive.importance_trigger"": 153.8889645367973, ""base_cognitive.impulse_override"": 0.05689916841614308, ""base_cognitive.plan_consistency"": 0.833852089812519, ""base_cognitive.recency_decay"": 0.9843222104301417, ""base_cognitive.retention"": 5, ""base_cognitive.social_sensitivity"": 0.4499216737303735, ""base_cognitive.task_initiation_delay"": 0.023676321882265018, ""base_cognitive.vision_r"": 4, ""base_emotional.anger"": 0.05012186064508521, ""base_emotional.anxiety"": 0.08585175007224798, ""base_emotional.excitement"": 0.22643929862037795, ""base_emotional.frustration"": 0.10032116857603691, ""base_emotional.loneliness"": 0.06751988301863118, ""base_emotional.self_esteem"": 0.7187167307097455, ""base_emotional.shame"": 0.135379631237518, ""base_emotional.trust_in_teacher"": 0.757829216609487}"		
1778047218.368	2	63	0.900517	0.811778	0.783626	0.000000	"{""adhd_hyperactive_impulsive.cognitive.conflict_tendency"": 0.2479066239978864, ""adhd_hyperactive_impulsive.cognitive.impulse_override"": 0.34360322746245786, ""adhd_hyperactive_impulsive.cognitive.plan_consistency"": -0.5286874933551893, ""adhd_hyperactive_impulsive.emotional.anger"": 0.13283209150536715, ""adhd_hyperactive_impulsive.emotional.excitement"": 0.12961894041193597, ""adhd_inattentive.cognitive.att_bandwidth"": -2, ""adhd_inattentive.cognitive.plan_consistency"": -0.26615089659335456, ""adhd_inattentive.cognitive.retention"": -2, ""adhd_inattentive.cognitive.task_initiation_delay"": 0.41184542227427107, ""adhd_inattentive.emotional.frustration"": 0.22249796616626513, ""adhd_inattentive.emotional.self_esteem"": -0.33719385743146224, ""adhd_inattentive.emotional.shame"": 0.186892634808539, ""base_cognitive.att_bandwidth"": 2, ""base_cognitive.conflict_tendency"": 0.09827921787959235, ""base_cognitive.importance_trigger"": 165.58679579315188, ""base_cognitive.impulse_override"": 0.03930327417372105, ""base_cognitive.plan_consistency"": 0.9416220234191262, ""base_cognitive.recency_decay"": 0.9833770726973086, ""base_cognitive.retention"": 4, ""base_cognitive.social_sensitivity"": 0.43421228098623066, ""base_cognitive.task_initiation_delay"": 0.017437378098694813, ""base_cognitive.vision_r"": 3, ""base_emotional.anger"": 0.13960830633402185, ""base_emotional.anxiety"": 0.11376124364065994, ""base_emotional.excitement"": 0.2521219849733557, ""base_emotional.frustration"": 0.1552582029103937, ""base_emotional.loneliness"": 0.03016826685445582, ""base_emotional.self_esteem"": 0.6308196681185634, ""base_emotional.shame"": 0.03571259428289819, ""base_emotional.trust_in_teacher"": 0.7337985247732021}"		
1778047218.943	2	64	0.906649	0.803372	0.811564	0.000000	"{""adhd_hyperactive_impulsive.cognitive.conflict_tendency"": 0.18979663719968898, ""adhd_hyperactive_impulsive.cognitive.impulse_override"": 0.3077922736170841, ""adhd_hyperactive_impulsive.cognitive.plan_consistency"": -0.4572877206912451, ""adhd_hyperactive_impulsive.emotional.anger"": 0.12982143278289895, ""adhd_hyperactive_impulsive.emotional.excitement"": 0.13065387557082356, ""adhd_inattentive.cognitive.att_bandwidth"": -1, ""adhd_inattentive.cognitive.plan_consistency"": -0.3142605325812249, ""adhd_inattentive.cognitive.retention"": -3, ""adhd_inattentive.cognitive.task_initiation_delay"": 0.33966436507300213, ""adhd_inattentive.emotional.frustration"": 0.1558583036916253, ""adhd_inattentive.emotional.self_esteem"": -0.33284647820475366, ""adhd_inattentive.emotional.shame"": 0.16346775597356616, ""base_cognitive.att_bandwidth"": 3, ""base_cognitive.conflict_tendency"": 0.047095600343266375, ""base_cognitive.importance_trigger"": 107.52040711506383, ""base_cognitive.impulse_override"": 0.0976601464619418, ""base_cognitive.plan_consistency"": 0.8687521551513067, ""base_cognitive.recency_decay"": 0.9810671763160421, ""base_cognitive.retention"": 5, ""base_cognitive.social_sensitivity"": 0.5157290379203605, ""base_cognitive.task_initiation_delay"": 0.039224591634585984, ""base_cognitive.vision_r"": 5, ""base_emotional.anger"": 0.12324226855757307, ""base_emotional.anxiety"": 0.10744367441705242, ""base_emotional.excitement"": 0.2161029948080237, ""base_emotional.frustration"": 0.060579524829841705, ""base_emotional.loneliness"": 0.1398766916901897, ""base_emotional.self_esteem"": 0.7442122216768614, ""base_emotional.shame"": 0.07065422914356011, ""base_emotional.trust_in_teacher"": 0.6713137302930161}"		
1778047219.578	2	65	0.902591	0.815235	0.783626	0.000000	"{""adhd_hyperactive_impulsive.cognitive.conflict_tendency"": 0.22796598018523243, ""adhd_hyperactive_impulsive.cognitive.impulse_override"": 0.3702158177553122, ""adhd_hyperactive_impulsive.cognitive.plan_consistency"": -0.37700927757439373, ""adhd_hyperactive_impulsive.emotional.anger"": 0.20974440682863904, ""adhd_hyperactive_impulsive.emotional.excitement"": 0.12472550364644683, ""adhd_inattentive.cognitive.att_bandwidth"": -1, ""adhd_inattentive.cognitive.plan_consistency"": -0.2625877990289292, ""adhd_inattentive.cognitive.retention"": -2, ""adhd_inattentive.cognitive.task_initiation_delay"": 0.47839112691042296, ""adhd_inattentive.emotional.frustration"": 0.20406814262742967, ""adhd_inattentive.emotional.self_esteem"": -0.3256565780216118, ""adhd_inattentive.emotional.shame"": 0.21122832449318674, ""base_cognitive.att_bandwidth"": 4, ""base_cognitive.conflict_tendency"": 0.1025505575459205, ""base_cognitive.importance_trigger"": 144.18300197095306, ""base_cognitive.impulse_override"": 0.060321644913261085, ""base_cognitive.plan_consistency"": 0.8951520280570989, ""base_cognitive.recency_decay"": 0.9800328465008746, ""base_cognitive.retention"": 5, ""base_cognitive.social_sensitivity"": 0.38844325053860485, ""base_cognitive.task_initiation_delay"": 0.0013173402650782818, ""base_cognitive.vision_r"": 5, ""base_emotional.anger"": 0.06399799643658352, ""base_emotional.anxiety"": 0.1152838304622561, ""base_emotional.excitement"": 0.1962023982146172, ""base_emotional.frustration"": 0.14014927469403154, ""base_emotional.loneliness"": 0.09281006391299546, ""base_emotional.self_esteem"": 0.6680093068538707, ""base_emotional.shame"": 0.06039045825722468, ""base_emotional.trust_in_teacher"": 0.6129492666863907}"		
1778047220.094	2	66	0.901693	0.813738	0.783626	0.000000	"{""adhd_hyperactive_impulsive.cognitive.conflict_tendency"": 0.20160749062605024, ""adhd_hyperactive_impulsive.cognitive.impulse_override"": 0.30570712881304224, ""adhd_hyperactive_impulsive.cognitive.plan_consistency"": -0.47902852664928947, ""adhd_hyperactive_impulsive.emotional.anger"": 0.19928741330352856, ""adhd_hyperactive_impulsive.emotional.excitement"": 0.19648452199682875, ""adhd_inattentive.cognitive.att_bandwidth"": -3, ""adhd_inattentive.cognitive.plan_consistency"": -0.2906507058494563, ""adhd_inattentive.cognitive.retention"": -3, ""adhd_inattentive.cognitive.task_initiation_delay"": 0.383453192424241, ""adhd_inattentive.emotional.frustration"": 0.14302602110716003, ""adhd_inattentive.emotional.self_esteem"": -0.3224163581951634, ""adhd_inattentive.emotional.shame"": 0.12627644377840666, ""base_cognitive.att_bandwidth"": 3, ""base_cognitive.conflict_tendency"": 0.08137304000305054, ""base_cognitive.importance_trigger"": 162.19566009934238, ""base_cognitive.impulse_override"": 0.06567997999766409, ""base_cognitive.plan_consistency"": 0.8368736178765039, ""base_cognitive.recency_decay"": 0.9887688761415157, ""base_cognitive.retention"": 4, ""base_cognitive.social_sensitivity"": 0.47911617952222496, ""base_cognitive.task_initiation_delay"": 0.013619634630144407, ""base_cognitive.vision_r"": 3, ""base_emotional.anger"": 0.08154995777543789, ""base_emotional.anxiety"": 0.06703833523353508, ""base_emotional.excitement"": 0.2364672718402563, ""base_emotional.frustration"": 0.1449165191534859, ""base_emotional.loneliness"": 0.13349238184495912, ""base_emotional.self_esteem"": 0.7668961419192627, ""base_emotional.shame"": 0.1035488276164941, ""base_emotional.trust_in_teacher"": 0.6556643229770254}"		
1778047220.718	2	67	0.926923	0.802985	0.862829	0.000000	"{""adhd_hyperactive_impulsive.cognitive.conflict_tendency"": 0.24486402930975856, ""adhd_hyperactive_impulsive.cognitive.impulse_override"": 0.39119800417580347, ""adhd_hyperactive_impulsive.cognitive.plan_consistency"": -0.5186168211758516, ""adhd_hyperactive_impulsive.emotional.anger"": 0.14509247092116262, ""adhd_hyperactive_impulsive.emotional.excitement"": 0.1922881965510132, ""adhd_inattentive.cognitive.att_bandwidth"": -2, ""adhd_inattentive.cognitive.plan_consistency"": -0.44541023231714316, ""adhd_inattentive.cognitive.retention"": -3, ""adhd_inattentive.cognitive.task_initiation_delay"": 0.31659352933976065, ""adhd_inattentive.emotional.frustration"": 0.12863293830661815, ""adhd_inattentive.emotional.self_esteem"": -0.29103097161356245, ""adhd_inattentive.emotional.shame"": 0.1522469124692613, ""base_cognitive.att_bandwidth"": 3, ""base_cognitive.conflict_tendency"": 0.09628913247304222, ""base_cognitive.importance_trigger"": 153.94990938035596, ""base_cognitive.impulse_override"": 0.10648611781887761, ""base_cognitive.plan_consistency"": 0.8046261926305996, ""base_cognitive.recency_decay"": 0.9937871123663051, ""base_cognitive.retention"": 6, ""base_cognitive.social_sensitivity"": 0.5964682029651438, ""base_cognitive.task_initiation_delay"": 0.025491043142148475, ""base_cognitive.vision_r"": 5, ""base_emotional.anger"": 0.08001540413133829, ""base_emotional.anxiety"": 0.07800339804583933, ""base_emotional.excitement"": 0.21516347839138267, ""base_emotional.frustration"": 0.14221777474672012, ""base_emotional.loneliness"": 0.06329968996034137, ""base_emotional.self_esteem"": 0.7504573210907064, ""base_emotional.shame"": 0.03614088404911013, ""base_emotional.trust_in_teacher"": 0.6233411832481064}"		
1778047221.342	2	68	0.898126	0.807793	0.783626	0.000000	"{""adhd_hyperactive_impulsive.cognitive.conflict_tendency"": 0.22663301908916514, ""adhd_hyperactive_impulsive.cognitive.impulse_override"": 0.31935036450034476, ""adhd_hyperactive_impulsive.cognitive.plan_consistency"": -0.39588025641917224, ""adhd_hyperactive_impulsive.emotional.anger"": 0.19468670989637632, ""adhd_hyperactive_impulsive.emotional.excitement"": 0.11889710430223621, ""adhd_inattentive.cognitive.att_bandwidth"": -3, ""adhd_inattentive.cognitive.plan_consistency"": -0.2563039208437113, ""adhd_inattentive.cognitive.retention"": -2, ""adhd_inattentive.cognitive.task_initiation_delay"": 0.33902799171657116, ""adhd_inattentive.emotional.frustration"": 0.12897899548931963, ""adhd_inattentive.emotional.self_esteem"": -0.2119424870615491, ""adhd_inattentive.emotional.shame"": 0.14360473686168615, ""base_cognitive.att_bandwidth"": 3, ""base_cognitive.conflict_tendency"": 0.056660937065416486, ""base_cognitive.importance_trigger"": 160.81154140931358, ""base_cognitive.impulse_override"": 0.040416892107261064, ""base_cognitive.plan_consistency"": 0.8861268482208448, ""base_cognitive.recency_decay"": 0.9945715832467884, ""base_cognitive.retention"": 6, ""base_cognitive.social_sensitivity"": 0.3042080355508422, ""base_cognitive.task_initiation_delay"": 0.06223058992200085, ""base_cognitive.vision_r"": 3, ""base_emotional.anger"": 0.0527612721195746, ""base_emotional.anxiety"": 0.11335243111315148, ""base_emotional.excitement"": 0.2935242724290785, ""base_emotional.frustration"": 0.19782183159869748, ""base_emotional.loneliness"": 0.04168974896057516, ""base_emotional.self_esteem"": 0.7260113965347549, ""base_emotional.shame"": 0.10730329969486059, ""base_emotional.trust_in_teacher"": 0.6311884874871819}"		
1778047221.994	2	69	0.799209	0.593031	0.858477	0.000000	"{""adhd_hyperactive_impulsive.cognitive.conflict_tendency"": 0.11053444793744276, ""adhd_hyperactive_impulsive.cognitive.impulse_override"": 0.3650628549069212, ""adhd_hyperactive_impulsive.cognitive.plan_consistency"": -0.37690648258929693, ""adhd_hyperactive_impulsive.emotional.anger"": 0.13343139704590706, ""adhd_hyperactive_impulsive.emotional.excitement"": 0.11478027337785766, ""adhd_inattentive.cognitive.att_bandwidth"": -1, ""adhd_inattentive.cognitive.plan_consistency"": -0.38248474912572683, ""adhd_inattentive.cognitive.retention"": -2, ""adhd_inattentive.cognitive.task_initiation_delay"": 0.4157141952191484, ""adhd_inattentive.emotional.frustration"": 0.1432315267052633, ""adhd_inattentive.emotional.self_esteem"": -0.3492398225541614, ""adhd_inattentive.emotional.shame"": 0.20103406136690777, ""base_cognitive.att_bandwidth"": 4, ""base_cognitive.conflict_tendency"": 0.058214948355496864, ""base_cognitive.importance_trigger"": 127.46196361616722, ""base_cognitive.impulse_override"": 0.08774882513114496, ""base_cognitive.plan_consistency"": 0.7743251324753789, ""base_cognitive.recency_decay"": 0.9895791741166936, ""base_cognitive.retention"": 6, ""base_cognitive.social_sensitivity"": 0.5408165198329076, ""base_cognitive.task_initiation_delay"": 0.07976974693734748, ""base_cognitive.vision_r"": 5, ""base_emotional.anger"": 0.11312549734486246, ""base_emotional.anxiety"": 0.08567433085775104, ""base_emotional.excitement"": 0.29989320713318357, ""base_emotional.frustration"": 0.18966624416213368, ""base_emotional.loneliness"": 0.05166377962873897, ""base_emotional.self_esteem"": 0.6095961188818297, ""base_emotional.shame"": 0.08712049344877806, ""base_emotional.trust_in_teacher"": 0.6341917942198919}"		
1778047222.529	2	70	0.768994	0.540897	0.861140	0.000000	"{""adhd_hyperactive_impulsive.cognitive.conflict_tendency"": 0.23419341783436395, ""adhd_hyperactive_impulsive.cognitive.impulse_override"": 0.2593505154383216, ""adhd_hyperactive_impulsive.cognitive.plan_consistency"": -0.4789155632936425, ""adhd_hyperactive_impulsive.emotional.anger"": 0.248505380588066, ""adhd_hyperactive_impulsive.emotional.excitement"": 0.1325514151732779, ""adhd_inattentive.cognitive.att_bandwidth"": -1, ""adhd_inattentive.cognitive.plan_consistency"": -0.4206205498084071, ""adhd_inattentive.cognitive.retention"": -3, ""adhd_inattentive.cognitive.task_initiation_delay"": 0.46058553562269994, ""adhd_inattentive.emotional.frustration"": 0.1367179874733279, ""adhd_inattentive.emotional.self_esteem"": -0.2777737960385078, ""adhd_inattentive.emotional.shame"": 0.14802585250255634, ""base_cognitive.att_bandwidth"": 3, ""base_cognitive.conflict_tendency"": 0.08014240477003409, ""base_cognitive.importance_trigger"": 110.17472572082647, ""base_cognitive.impulse_override"": 0.11463214424662667, ""base_cognitive.plan_consistency"": 0.7891131729708751, ""base_cognitive.recency_decay"": 0.9811027634835734, ""base_cognitive.retention"": 4, ""base_cognitive.social_sensitivity"": 0.49433792636986207, ""base_cognitive.task_initiation_delay"": 0.012732973551414862, ""base_cognitive.vision_r"": 5, ""base_emotional.anger"": 0.032228139143732806, ""base_emotional.anxiety"": 0.10354097472588236, ""base_emotional.excitement"": 0.20775960671863464, ""base_emotional.frustration"": 0.19763853116453828, ""base_emotional.loneliness"": 0.10743986608925574, ""base_emotional.self_esteem"": 0.7573024182518655, ""base_emotional.shame"": 0.03814430181304676, ""base_emotional.trust_in_teacher"": 0.7972994207745171}"		
1778047223.051	2	71	0.724229	0.517965	0.783626	0.000000	"{""adhd_hyperactive_impulsive.cognitive.conflict_tendency"": 0.2307307611663281, ""adhd_hyperactive_impulsive.cognitive.impulse_override"": 0.3939745445803406, ""adhd_hyperactive_impulsive.cognitive.plan_consistency"": -0.5102459784644422, ""adhd_hyperactive_impulsive.emotional.anger"": 0.20811552531732402, ""adhd_hyperactive_impulsive.emotional.excitement"": 0.12331421097450562, ""adhd_inattentive.cognitive.att_bandwidth"": -3, ""adhd_inattentive.cognitive.plan_consistency"": -0.3095508994880639, ""adhd_inattentive.cognitive.retention"": -4, ""adhd_inattentive.cognitive.task_initiation_delay"": 0.3745622075334041, ""adhd_inattentive.emotional.frustration"": 0.2264277540338328, ""adhd_inattentive.emotional.self_esteem"": -0.19128280437427117, ""adhd_inattentive.emotional.shame"": 0.15901495912418123, ""base_cognitive.att_bandwidth"": 2, ""base_cognitive.conflict_tendency"": 0.06589988302432806, ""base_cognitive.importance_trigger"": 116.66042112829432, ""base_cognitive.impulse_override"": 0.08224399033970783, ""base_cognitive.plan_consistency"": 0.861498833333719, ""base_cognitive.recency_decay"": 0.9823985875776141, ""base_cognitive.retention"": 5, ""base_cognitive.social_sensitivity"": 0.3375565329037515, ""base_cognitive.task_initiation_delay"": 0.08758489877917362, ""base_cognitive.vision_r"": 5, ""base_emotional.anger"": 0.04284039640489357, ""base_emotional.anxiety"": 0.10658095954026994, ""base_emotional.excitement"": 0.18009900961548425, ""base_emotional.frustration"": 0.17578190316839976, ""base_emotional.loneliness"": 0.10664361829482864, ""base_emotional.self_esteem"": 0.7470308323447433, ""base_emotional.shame"": 0.09609416882517277, ""base_emotional.trust_in_teacher"": 0.5555652074403334}"		
1778047223.651	2	72	0.921684	0.776624	0.889275	0.000000	"{""adhd_hyperactive_impulsive.cognitive.conflict_tendency"": 0.2264070707722201, ""adhd_hyperactive_impulsive.cognitive.impulse_override"": 0.3977974999074593, ""adhd_hyperactive_impulsive.cognitive.plan_consistency"": -0.47245614605366804, ""adhd_hyperactive_impulsive.emotional.anger"": 0.23377813652715917, ""adhd_hyperactive_impulsive.emotional.excitement"": 0.1746999289663767, ""adhd_inattentive.cognitive.att_bandwidth"": -2, ""adhd_inattentive.cognitive.plan_consistency"": -0.4089541100082439, ""adhd_inattentive.cognitive.retention"": -2, ""adhd_inattentive.cognitive.task_initiation_delay"": 0.414249574714303, ""adhd_inattentive.emotional.frustration"": 0.141244491613127, ""adhd_inattentive.emotional.self_esteem"": -0.3498816209302228, ""adhd_inattentive.emotional.shame"": 0.24069135096602784, ""base_cognitive.att_bandwidth"": 4, ""base_cognitive.conflict_tendency"": 0.05509851249228691, ""base_cognitive.importance_trigger"": 131.2072373520761, ""base_cognitive.impulse_override"": 0.10001707125425481, ""base_cognitive.plan_consistency"": 0.7561506597470677, ""base_cognitive.recency_decay"": 0.9844948388036001, ""base_cognitive.retention"": 5, ""base_cognitive.social_sensitivity"": 0.4473044333472509, ""base_cognitive.task_initiation_delay"": 0.05735643205608826, ""base_cognitive.vision_r"": 3, ""base_emotional.anger"": 0.06904400585709747, ""base_emotional.anxiety"": 0.1297991701643137, ""base_emotional.excitement"": 0.26187767123173133, ""base_emotional.frustration"": 0.14597550791661815, ""base_emotional.loneliness"": 0.13277960280823853, ""base_emotional.self_esteem"": 0.6634292422471432, ""base_emotional.shame"": 0.07790111983277212, ""base_emotional.trust_in_teacher"": 0.639039259508803}"		
1778047224.186	2	73	0.899439	0.809981	0.783626	0.000000	"{""adhd_hyperactive_impulsive.cognitive.conflict_tendency"": 0.18891432119209067, ""adhd_hyperactive_impulsive.cognitive.impulse_override"": 0.3924281145472741, ""adhd_hyperactive_impulsive.cognitive.plan_consistency"": -0.5044885674020746, ""adhd_hyperactive_impulsive.emotional.anger"": 0.19793137210127743, ""adhd_hyperactive_impulsive.emotional.excitement"": 0.18188343990374747, ""adhd_inattentive.cognitive.att_bandwidth"": -2, ""adhd_inattentive.cognitive.plan_consistency"": -0.2701653646926442, ""adhd_inattentive.cognitive.retention"": -2, ""adhd_inattentive.cognitive.task_initiation_delay"": 0.45310406028036737, ""adhd_inattentive.emotional.frustration"": 0.16418531553965626, ""adhd_inattentive.emotional.self_esteem"": -0.29499068735258926, ""adhd_inattentive.emotional.shame"": 0.12049346956113643, ""base_cognitive.att_bandwidth"": 2, ""base_cognitive.conflict_tendency"": 0.08884438973237863, ""base_cognitive.importance_trigger"": 136.05936744303165, ""base_cognitive.impulse_override"": 0.057502961903425485, ""base_cognitive.plan_consistency"": 0.8739092776360917, ""base_cognitive.recency_decay"": 0.9872179202482759, ""base_cognitive.retention"": 5, ""base_cognitive.social_sensitivity"": 0.4199258400610184, ""base_cognitive.task_initiation_delay"": 0.09223584440850174, ""base_cognitive.vision_r"": 5, ""base_emotional.anger"": 0.03610541916337644, ""base_emotional.anxiety"": 0.12162809579597031, ""base_emotional.excitement"": 0.18038740518914967, ""base_emotional.frustration"": 0.06763319343553044, ""base_emotional.loneliness"": 0.14818879858144168, ""base_emotional.self_esteem"": 0.7337600954942137, ""base_emotional.shame"": 0.06859194753250787, ""base_emotional.trust_in_teacher"": 0.6455496003325203}"		
1778047224.691	2	74	0.724488	0.518396	0.783626	0.000000	"{""adhd_hyperactive_impulsive.cognitive.conflict_tendency"": 0.17208194525310988, ""adhd_hyperactive_impulsive.cognitive.impulse_override"": 0.26640335962388845, ""adhd_hyperactive_impulsive.cognitive.plan_consistency"": -0.3569977214940212, ""adhd_hyperactive_impulsive.emotional.anger"": 0.13234226185905557, ""adhd_hyperactive_impulsive.emotional.excitement"": 0.173424625786487, ""adhd_inattentive.cognitive.att_bandwidth"": -2, ""adhd_inattentive.cognitive.plan_consistency"": -0.33642371320662845, ""adhd_inattentive.cognitive.retention"": -2, ""adhd_inattentive.cognitive.task_initiation_delay"": 0.37779993972727505, ""adhd_inattentive.emotional.frustration"": 0.22688526631661526, ""adhd_inattentive.emotional.self_esteem"": -0.23513850795791713, ""adhd_inattentive.emotional.shame"": 0.248916536282186, ""base_cognitive.att_bandwidth"": 2, ""base_cognitive.conflict_tendency"": 0.041899711687345326, ""base_cognitive.importance_trigger"": 122.40444476005806, ""base_cognitive.impulse_override"": 0.04665157757696391, ""base_cognitive.plan_consistency"": 0.9242180984665558, ""base_cognitive.recency_decay"": 0.987338348740434, ""base_cognitive.retention"": 4, ""base_cognitive.social_sensitivity"": 0.3447937684569181, ""base_cognitive.task_initiation_delay"": 0.08779020790842561, ""base_cognitive.vision_r"": 3, ""base_emotional.anger"": 0.09847982370106435, ""base_emotional.anxiety"": 0.11633385904575468, ""base_emotional.excitement"": 0.2340257547144164, ""base_emotional.frustration"": 0.19238150028689255, ""base_emotional.loneliness"": 0.05218704883008668, ""base_emotional.self_esteem"": 0.7759453631441082, ""base_emotional.shame"": 0.13155858640232437, ""base_emotional.trust_in_teacher"": 0.577080648462382}"		
1778047225.349	2	75	0.898513	0.804870	0.788979	0.000000	"{""adhd_hyperactive_impulsive.cognitive.conflict_tendency"": 0.2112707342933136, ""adhd_hyperactive_impulsive.cognitive.impulse_override"": 0.3026103507276718, ""adhd_hyperactive_impulsive.cognitive.plan_consistency"": -0.45997716085186596, ""adhd_hyperactive_impulsive.emotional.anger"": 0.21694043507404404, ""adhd_hyperactive_impulsive.emotional.excitement"": 0.22230739747443373, ""adhd_inattentive.cognitive.att_bandwidth"": -3, ""adhd_inattentive.cognitive.plan_consistency"": -0.2856724863355714, ""adhd_inattentive.cognitive.retention"": -2, ""adhd_inattentive.cognitive.task_initiation_delay"": 0.4334162552570805, ""adhd_inattentive.emotional.frustration"": 0.24609005415920426, ""adhd_inattentive.emotional.self_esteem"": -0.266881791662262, ""adhd_inattentive.emotional.shame"": 0.1951223658659555, ""base_cognitive.att_bandwidth"": 4, ""base_cognitive.conflict_tendency"": 0.0833365669652805, ""base_cognitive.importance_trigger"": 166.57169533377075, ""base_cognitive.impulse_override"": 0.07946157761104564, ""base_cognitive.plan_consistency"": 0.8769344274871428, ""base_cognitive.recency_decay"": 0.9900310576192224, ""base_cognitive.retention"": 6, ""base_cognitive.social_sensitivity"": 0.4050706132742477, ""base_cognitive.task_initiation_delay"": 0.0019664043965513913, ""base_cognitive.vision_r"": 3, ""base_emotional.anger"": 0.1498038371288346, ""base_emotional.anxiety"": 0.05082982133378871, ""base_emotional.excitement"": 0.19892077811382083, ""base_emotional.frustration"": 0.0529608803353214, ""base_emotional.loneliness"": 0.03924483404584583, ""base_emotional.self_esteem"": 0.6602400615645496, ""base_emotional.shame"": 0.13068402843467186, ""base_emotional.trust_in_teacher"": 0.7436435743413793}"		
1778047225.854	2	76	0.937438	0.813448	0.873424	0.000000	"{""adhd_hyperactive_impulsive.cognitive.conflict_tendency"": 0.1093540375174489, ""adhd_hyperactive_impulsive.cognitive.impulse_override"": 0.2655126411365634, ""adhd_hyperactive_impulsive.cognitive.plan_consistency"": -0.5302297164052753, ""adhd_hyperactive_impulsive.emotional.anger"": 0.18568928757187128, ""adhd_hyperactive_impulsive.emotional.excitement"": 0.16520384838451063, ""adhd_inattentive.cognitive.att_bandwidth"": -3, ""adhd_inattentive.cognitive.plan_consistency"": -0.39531760141511507, ""adhd_inattentive.cognitive.retention"": -4, ""adhd_inattentive.cognitive.task_initiation_delay"": 0.48259586602937504, ""adhd_inattentive.emotional.frustration"": 0.1839686102136723, ""adhd_inattentive.emotional.self_esteem"": -0.26275002930553587, ""adhd_inattentive.emotional.shame"": 0.2272817772472322, ""base_cognitive.att_bandwidth"": 2, ""base_cognitive.conflict_tendency"": 0.032102107348659245, ""base_cognitive.importance_trigger"": 124.9988223660485, ""base_cognitive.impulse_override"": 0.10376621089228112, ""base_cognitive.plan_consistency"": 0.7628314366684382, ""base_cognitive.recency_decay"": 0.9821932136013727, ""base_cognitive.retention"": 4, ""base_cognitive.social_sensitivity"": 0.4181848718748918, ""base_cognitive.task_initiation_delay"": 0.03664670913855822, ""base_cognitive.vision_r"": 4, ""base_emotional.anger"": 0.045344494750128465, ""base_emotional.anxiety"": 0.17070228135618892, ""base_emotional.excitement"": 0.29314741368063685, ""base_emotional.frustration"": 0.06957352142193673, ""base_emotional.loneliness"": 0.147631993699544, ""base_emotional.self_esteem"": 0.6610972116878122, ""base_emotional.shame"": 0.11562223041198713, ""base_emotional.trust_in_teacher"": 0.7053111944974606}"		
1778047226.454	2	77	0.767964	0.588623	0.786976	0.000000	"{""adhd_hyperactive_impulsive.cognitive.conflict_tendency"": 0.15412454113181004, ""adhd_hyperactive_impulsive.cognitive.impulse_override"": 0.31601072825059473, ""adhd_hyperactive_impulsive.cognitive.plan_consistency"": -0.3974353410554665, ""adhd_hyperactive_impulsive.emotional.anger"": 0.23932997977340004, ""adhd_hyperactive_impulsive.emotional.excitement"": 0.14902041631862573, ""adhd_inattentive.cognitive.att_bandwidth"": -2, ""adhd_inattentive.cognitive.plan_consistency"": -0.25646751970919746, ""adhd_inattentive.cognitive.retention"": -3, ""adhd_inattentive.cognitive.task_initiation_delay"": 0.33738274844540167, ""adhd_inattentive.emotional.frustration"": 0.22594331360460695, ""adhd_inattentive.emotional.self_esteem"": -0.3069569067506088, ""adhd_inattentive.emotional.shame"": 0.13495691486600753, ""base_cognitive.att_bandwidth"": 4, ""base_cognitive.conflict_tendency"": 0.032166565706845146, ""base_cognitive.importance_trigger"": 125.78095847577231, ""base_cognitive.impulse_override"": 0.10409748077868096, ""base_cognitive.plan_consistency"": 0.8129516824426379, ""base_cognitive.recency_decay"": 0.9891674994423939, ""base_cognitive.retention"": 5, ""base_cognitive.social_sensitivity"": 0.5975906854231172, ""base_cognitive.task_initiation_delay"": 0.024487283200160914, ""base_cognitive.vision_r"": 3, ""base_emotional.anger"": 0.12200671531726061, ""base_emotional.anxiety"": 0.162607708016406, ""base_emotional.excitement"": 0.1550665526160693, ""base_emotional.frustration"": 0.1617706533367378, ""base_emotional.loneliness"": 0.05574963411967798, ""base_emotional.self_esteem"": 0.7199680830660004, ""base_emotional.shame"": 0.03790432355197707, ""base_emotional.trust_in_teacher"": 0.6104498755215122}"		
1778047227.093	2	78	0.899891	0.810735	0.783626	0.000000	"{""adhd_hyperactive_impulsive.cognitive.conflict_tendency"": 0.15616180189664544, ""adhd_hyperactive_impulsive.cognitive.impulse_override"": 0.3720933623861837, ""adhd_hyperactive_impulsive.cognitive.plan_consistency"": -0.5285762232221511, ""adhd_hyperactive_impulsive.emotional.anger"": 0.1789396251214137, ""adhd_hyperactive_impulsive.emotional.excitement"": 0.12800025295750933, ""adhd_inattentive.cognitive.att_bandwidth"": -3, ""adhd_inattentive.cognitive.plan_consistency"": -0.27469070591134054, ""adhd_inattentive.cognitive.retention"": -3, ""adhd_inattentive.cognitive.task_initiation_delay"": 0.33371404639903435, ""adhd_inattentive.emotional.frustration"": 0.12945688525699323, ""adhd_inattentive.emotional.self_esteem"": -0.18810422794212542, ""adhd_inattentive.emotional.shame"": 0.1368293434621606, ""base_cognitive.att_bandwidth"": 3, ""base_cognitive.conflict_tendency"": 0.10900115708028538, ""base_cognitive.importance_trigger"": 134.32167388706074, ""base_cognitive.impulse_override"": 0.08079412959785973, ""base_cognitive.plan_consistency"": 0.872068965758747, ""base_cognitive.recency_decay"": 0.9921479563531787, ""base_cognitive.retention"": 6, ""base_cognitive.social_sensitivity"": 0.5290366049100096, ""base_cognitive.task_initiation_delay"": 0.003699020197805525, ""base_cognitive.vision_r"": 3, ""base_emotional.anger"": 0.1358385823867663, ""base_emotional.anxiety"": 0.15748378967003465, ""base_emotional.excitement"": 0.2450614789095677, ""base_emotional.frustration"": 0.13203524434616082, ""base_emotional.loneliness"": 0.10525384901199289, ""base_emotional.self_esteem"": 0.7995168839084474, ""base_emotional.shame"": 0.055680545466113895, ""base_emotional.trust_in_teacher"": 0.6661397400474385}"		
1778047227.582	2	79	0.876348	0.771496	0.783626	0.000000	"{""adhd_hyperactive_impulsive.cognitive.conflict_tendency"": 0.23198667987529073, ""adhd_hyperactive_impulsive.cognitive.impulse_override"": 0.3027102919078571, ""adhd_hyperactive_impulsive.cognitive.plan_consistency"": -0.4774989574770452, ""adhd_hyperactive_impulsive.emotional.anger"": 0.2062319466550337, ""adhd_hyperactive_impulsive.emotional.excitement"": 0.2073502759788412, ""adhd_inattentive.cognitive.att_bandwidth"": -3, ""adhd_inattentive.cognitive.plan_consistency"": -0.2532402781356284, ""adhd_inattentive.cognitive.retention"": -2, ""adhd_inattentive.cognitive.task_initiation_delay"": 0.4776082599552994, ""adhd_inattentive.emotional.frustration"": 0.2307598058475335, ""adhd_inattentive.emotional.self_esteem"": -0.2523766359152509, ""adhd_inattentive.emotional.shame"": 0.200270269170184, ""base_cognitive.att_bandwidth"": 2, ""base_cognitive.conflict_tendency"": 0.059084963984701394, ""base_cognitive.importance_trigger"": 102.25036359278646, ""base_cognitive.impulse_override"": 0.07385317891804076, ""base_cognitive.plan_consistency"": 0.9107115788591688, ""base_cognitive.recency_decay"": 0.9916977207152144, ""base_cognitive.retention"": 4, ""base_cognitive.social_sensitivity"": 0.31331427190723604, ""base_cognitive.task_initiation_delay"": 0.008623765876367429, ""base_cognitive.vision_r"": 3, ""base_emotional.anger"": 0.038183958717434865, ""base_emotional.anxiety"": 0.09778138488300618, ""base_emotional.excitement"": 0.18423367090743392, ""base_emotional.frustration"": 0.17167125982404674, ""base_emotional.loneliness"": 0.07848197718434155, ""base_emotional.self_esteem"": 0.6844349045205603, ""base_emotional.shame"": 0.09839653018830208, ""base_emotional.trust_in_teacher"": 0.7851658346764001}"		
1778047228.218	2	80	0.915249	0.807456	0.826939	0.000000	"{""adhd_hyperactive_impulsive.cognitive.conflict_tendency"": 0.2158104638380538, ""adhd_hyperactive_impulsive.cognitive.impulse_override"": 0.30294312019215675, ""adhd_hyperactive_impulsive.cognitive.plan_consistency"": -0.5313176555862341, ""adhd_hyperactive_impulsive.emotional.anger"": 0.21794226427727617, ""adhd_hyperactive_impulsive.emotional.excitement"": 0.15491722447153009, ""adhd_inattentive.cognitive.att_bandwidth"": -1, ""adhd_inattentive.cognitive.plan_consistency"": -0.4075850347358845, ""adhd_inattentive.cognitive.retention"": -3, ""adhd_inattentive.cognitive.task_initiation_delay"": 0.3813191067138628, ""adhd_inattentive.emotional.frustration"": 0.14892150516669506, ""adhd_inattentive.emotional.self_esteem"": -0.19822369922733962, ""adhd_inattentive.emotional.shame"": 0.23066070108333558, ""base_cognitive.att_bandwidth"": 3, ""base_cognitive.conflict_tendency"": 0.05687820916583547, ""base_cognitive.importance_trigger"": 137.85659847396897, ""base_cognitive.impulse_override"": 0.054528932077445996, ""base_cognitive.plan_consistency"": 0.8274218223494905, ""base_cognitive.recency_decay"": 0.9869862982354528, ""base_cognitive.retention"": 6, ""base_cognitive.social_sensitivity"": 0.49464123776138247, ""base_cognitive.task_initiation_delay"": 0.041562934770023735, ""base_cognitive.vision_r"": 3, ""base_emotional.anger"": 0.13890250469120327, ""base_emotional.anxiety"": 0.17199499218134567, ""base_emotional.excitement"": 0.15173943787447416, ""base_emotional.frustration"": 0.14145996328136856, ""base_emotional.loneliness"": 0.042823276659568595, ""base_emotional.self_esteem"": 0.6905042180927434, ""base_emotional.shame"": 0.12634294414728187, ""base_emotional.trust_in_teacher"": 0.730671225643742}"		
1778047228.756	3	1	0.872435	0.724965	0.843639	0.000000	"{""adhd_hyperactive_impulsive.cognitive.conflict_tendency"": 0.20548594999580738, ""adhd_hyperactive_impulsive.cognitive.impulse_override"": 0.2897601448931231, ""adhd_hyperactive_impulsive.cognitive.plan_consistency"": -0.41418318082594086, ""adhd_hyperactive_impulsive.emotional.anger"": 0.22310843145005554, ""adhd_hyperactive_impulsive.emotional.excitement"": 0.24915553352638864, ""adhd_inattentive.cognitive.att_bandwidth"": -1, ""adhd_inattentive.cognitive.plan_consistency"": -0.42086072575174005, ""adhd_inattentive.cognitive.retention"": -2, ""adhd_inattentive.cognitive.task_initiation_delay"": 0.3921328974146453, ""adhd_inattentive.emotional.frustration"": 0.23046211958155033, ""adhd_inattentive.emotional.self_esteem"": -0.1851189682844669, ""adhd_inattentive.emotional.shame"": 0.1109722593482577, ""base_cognitive.att_bandwidth"": 3, ""base_cognitive.conflict_tendency"": 0.061367718930303995, ""base_cognitive.importance_trigger"": 136.6793703860614, ""base_cognitive.impulse_override"": 0.09396621714202547, ""base_cognitive.plan_consistency"": 0.8327074107156356, ""base_cognitive.recency_decay"": 0.9888726116092798, ""base_cognitive.retention"": 4, ""base_cognitive.social_sensitivity"": 0.4050098140190009, ""base_cognitive.task_initiation_delay"": 0.03712605455932798, ""base_cognitive.vision_r"": 4, ""base_emotional.anger"": 0.14041811067819887, ""base_emotional.anxiety"": 0.1278351861324068, ""base_emotional.excitement"": 0.20322519131614872, ""base_emotional.frustration"": 0.09882181861757097, ""base_emotional.loneliness"": 0.061492023664525136, ""base_emotional.self_esteem"": 0.6504264462551534, ""base_emotional.shame"": 0.03712382025273359, ""base_emotional.trust_in_teacher"": 0.6030276733234499}"		
1778047229.307	3	2	0.904802	0.771828	0.854263	0.000000	"{""adhd_hyperactive_impulsive.cognitive.conflict_tendency"": 0.1584847892929641, ""adhd_hyperactive_impulsive.cognitive.impulse_override"": 0.2631402681176538, ""adhd_hyperactive_impulsive.cognitive.plan_consistency"": -0.4078079518837155, ""adhd_hyperactive_impulsive.emotional.anger"": 0.1437494038873657, ""adhd_hyperactive_impulsive.emotional.excitement"": 0.10682067827841542, ""adhd_inattentive.cognitive.att_bandwidth"": -2, ""adhd_inattentive.cognitive.plan_consistency"": -0.44109835875062114, ""adhd_inattentive.cognitive.retention"": -4, ""adhd_inattentive.cognitive.task_initiation_delay"": 0.4966974936890369, ""adhd_inattentive.emotional.frustration"": 0.13883782181923704, ""adhd_inattentive.emotional.self_esteem"": -0.31969188291444034, ""adhd_inattentive.emotional.shame"": 0.11545435852480213, ""base_cognitive.att_bandwidth"": 2, ""base_cognitive.conflict_tendency"": 0.031870903090332095, ""base_cognitive.importance_trigger"": 111.31518148429517, ""base_cognitive.impulse_override"": 0.11685339356356891, ""base_cognitive.plan_consistency"": 0.8791781322742076, ""base_cognitive.recency_decay"": 0.9853660151461241, ""base_cognitive.retention"": 5, ""base_cognitive.social_sensitivity"": 0.3310192292334099, ""base_cognitive.task_initiation_delay"": 0.02480842198553201, ""base_cognitive.vision_r"": 4, ""base_emotional.anger"": 0.05357148122490818, ""base_emotional.anxiety"": 0.052078785768302154, ""base_emotional.excitement"": 0.22175320736447718, ""base_emotional.frustration"": 0.15880470907189526, ""base_emotional.loneliness"": 0.06870386500317704, ""base_emotional.self_esteem"": 0.7897801624896783, ""base_emotional.shame"": 0.10019661045907446, ""base_emotional.trust_in_teacher"": 0.5985269733100131}"		
1778047229.883	3	3	0.901793	0.799386	0.805403	0.000000	"{""adhd_hyperactive_impulsive.cognitive.conflict_tendency"": 0.1284828343496844, ""adhd_hyperactive_impulsive.cognitive.impulse_override"": 0.3499337493520559, ""adhd_hyperactive_impulsive.cognitive.plan_consistency"": -0.47238149111406813, ""adhd_hyperactive_impulsive.emotional.anger"": 0.18622924316337994, ""adhd_hyperactive_impulsive.emotional.excitement"": 0.1692241517823293, ""adhd_inattentive.cognitive.att_bandwidth"": -3, ""adhd_inattentive.cognitive.plan_consistency"": -0.2802566914387404, ""adhd_inattentive.cognitive.retention"": -3, ""adhd_inattentive.cognitive.task_initiation_delay"": 0.3124613314234907, ""adhd_inattentive.emotional.frustration"": 0.12130323487674459, ""adhd_inattentive.emotional.self_esteem"": -0.2884597973641245, ""adhd_inattentive.emotional.shame"": 0.1655956330664533, ""base_cognitive.att_bandwidth"": 3, ""base_cognitive.conflict_tendency"": 0.08247121711721384, ""base_cognitive.importance_trigger"": 146.05046459152777, ""base_cognitive.impulse_override"": 0.10846488935064307, ""base_cognitive.plan_consistency"": 0.7726723329933358, ""base_cognitive.recency_decay"": 0.9834505411371837, ""base_cognitive.retention"": 5, ""base_cognitive.social_sensitivity"": 0.5766587398980508, ""base_cognitive.task_initiation_delay"": 0.07070009364982303, ""base_cognitive.vision_r"": 5, ""base_emotional.anger"": 0.056389642171456936, ""base_emotional.anxiety"": 0.13140234513025584, ""base_emotional.excitement"": 0.1896641270650742, ""base_emotional.frustration"": 0.1747388746022845, ""base_emotional.loneliness"": 0.09641162929225693, ""base_emotional.self_esteem"": 0.618730517769255, ""base_emotional.shame"": 0.08907390738195597, ""base_emotional.trust_in_teacher"": 0.6715380491668054}"		
1778047230.401	3	4	0.786819	0.596688	0.822015	0.000000	"{""adhd_hyperactive_impulsive.cognitive.conflict_tendency"": 0.10160274542862838, ""adhd_hyperactive_impulsive.cognitive.impulse_override"": 0.3696656074463073, ""adhd_hyperactive_impulsive.cognitive.plan_consistency"": -0.4659361107595932, ""adhd_hyperactive_impulsive.emotional.anger"": 0.20105988170380018, ""adhd_hyperactive_impulsive.emotional.excitement"": 0.2220223053761014, ""adhd_inattentive.cognitive.att_bandwidth"": -2, ""adhd_inattentive.cognitive.plan_consistency"": -0.34554721291624996, ""adhd_inattentive.cognitive.retention"": -3, ""adhd_inattentive.cognitive.task_initiation_delay"": 0.34077027809153, ""adhd_inattentive.emotional.frustration"": 0.22284750895141053, ""adhd_inattentive.emotional.self_esteem"": -0.24183103385270938, ""adhd_inattentive.emotional.shame"": 0.23515268592735847, ""base_cognitive.att_bandwidth"": 3, ""base_cognitive.conflict_tendency"": 0.04041808288386266, ""base_cognitive.importance_trigger"": 156.5663888159845, ""base_cognitive.impulse_override"": 0.07795441340376061, ""base_cognitive.plan_consistency"": 0.8187071124527376, ""base_cognitive.recency_decay"": 0.9917919228115347, ""base_cognitive.retention"": 4, ""base_cognitive.social_sensitivity"": 0.38172662029258986, ""base_cognitive.task_initiation_delay"": 0.04455206112340662, ""base_cognitive.vision_r"": 3, ""base_emotional.anger"": 0.08501463944998672, ""base_emotional.anxiety"": 0.08990242316693195, ""base_emotional.excitement"": 0.28809415873288574, ""base_emotional.frustration"": 0.1305534566699894, ""base_emotional.loneliness"": 0.045249589802496826, ""base_emotional.self_esteem"": 0.7226702095938096, ""base_emotional.shame"": 0.1316770015838449, ""base_emotional.trust_in_teacher"": 0.7083944749866866}"		
1778047231.044	3	5	0.898603	0.808588	0.783626	0.000000	"{""adhd_hyperactive_impulsive.cognitive.conflict_tendency"": 0.23526861873171478, ""adhd_hyperactive_impulsive.cognitive.impulse_override"": 0.389815625414893, ""adhd_hyperactive_impulsive.cognitive.plan_consistency"": -0.5011099906176704, ""adhd_hyperactive_impulsive.emotional.anger"": 0.24496504292969729, ""adhd_hyperactive_impulsive.emotional.excitement"": 0.1973196803472428, ""adhd_inattentive.cognitive.att_bandwidth"": -2, ""adhd_inattentive.cognitive.plan_consistency"": -0.2659867288805804, ""adhd_inattentive.cognitive.retention"": -3, ""adhd_inattentive.cognitive.task_initiation_delay"": 0.443940832018601, ""adhd_inattentive.emotional.frustration"": 0.17323369935108074, ""adhd_inattentive.emotional.self_esteem"": -0.21987625749389533, ""adhd_inattentive.emotional.shame"": 0.14957881550460844, ""base_cognitive.att_bandwidth"": 4, ""base_cognitive.conflict_tendency"": 0.11973194087745824, ""base_cognitive.importance_trigger"": 165.9687046533203, ""base_cognitive.impulse_override"": 0.05383772398411234, ""base_cognitive.plan_consistency"": 0.9498206502248263, ""base_cognitive.recency_decay"": 0.993550550445704, ""base_cognitive.retention"": 6, ""base_cognitive.social_sensitivity"": 0.4217734022491533, ""base_cognitive.task_initiation_delay"": 0.005962337742618331, ""base_cognitive.vision_r"": 4, ""base_emotional.anger"": 0.06992233601099374, ""base_emotional.anxiety"": 0.08693833591639191, ""base_emotional.excitement"": 0.2473311609510639, ""base_emotional.frustration"": 0.19587641699061087, ""base_emotional.loneliness"": 0.11788237400554606, ""base_emotional.self_esteem"": 0.6689654963713574, ""base_emotional.shame"": 0.14886071505550638, ""base_emotional.trust_in_teacher"": 0.792169619830121}"		
1778047231.578	3	6	0.911434	0.781601	0.856183	0.000000	"{""adhd_hyperactive_impulsive.cognitive.conflict_tendency"": 0.1440502646949232, ""adhd_hyperactive_impulsive.cognitive.impulse_override"": 0.32246953257592276, ""adhd_hyperactive_impulsive.cognitive.plan_consistency"": -0.5424948473893321, ""adhd_hyperactive_impulsive.emotional.anger"": 0.18029936545156675, ""adhd_hyperactive_impulsive.emotional.excitement"": 0.2077175110988229, ""adhd_inattentive.cognitive.att_bandwidth"": -3, ""adhd_inattentive.cognitive.plan_consistency"": -0.3841063183401892, ""adhd_inattentive.cognitive.retention"": -3, ""adhd_inattentive.cognitive.task_initiation_delay"": 0.4744768654860788, ""adhd_inattentive.emotional.frustration"": 0.18900177568325144, ""adhd_inattentive.emotional.self_esteem"": -0.33438100656799413, ""adhd_inattentive.emotional.shame"": 0.13885041908289655, ""base_cognitive.att_bandwidth"": 4, ""base_cognitive.conflict_tendency"": 0.10297862137703619, ""base_cognitive.importance_trigger"": 134.7872890096879, ""base_cognitive.impulse_override"": 0.0649085255018679, ""base_cognitive.plan_consistency"": 0.8013669832084237, ""base_cognitive.recency_decay"": 0.9827943948194039, ""base_cognitive.retention"": 4, ""base_cognitive.social_sensitivity"": 0.48917409051752425, ""base_cognitive.task_initiation_delay"": 0.08375475666935206, ""base_cognitive.vision_r"": 4, ""base_emotional.anger"": 0.037474672568390655, ""base_emotional.anxiety"": 0.06741824326230243, ""base_emotional.excitement"": 0.26698880743541026, ""base_emotional.frustration"": 0.11195541097109385, ""base_emotional.loneliness"": 0.037288227569532616, ""base_emotional.self_esteem"": 0.6379185354031741, ""base_emotional.shame"": 0.07168476341981503, ""base_emotional.trust_in_teacher"": 0.6492718499541619}"		
1778047232.226	3	7	0.939176	0.815791	0.874254	0.000000	"{""adhd_hyperactive_impulsive.cognitive.conflict_tendency"": 0.16372838558079011, ""adhd_hyperactive_impulsive.cognitive.impulse_override"": 0.2695108582599808, ""adhd_hyperactive_impulsive.cognitive.plan_consistency"": -0.36694460424520964, ""adhd_hyperactive_impulsive.emotional.anger"": 0.1654548975453457, ""adhd_hyperactive_impulsive.emotional.excitement"": 0.15886109717787456, ""adhd_inattentive.cognitive.att_bandwidth"": -1, ""adhd_inattentive.cognitive.plan_consistency"": -0.36206239546538505, ""adhd_inattentive.cognitive.retention"": -3, ""adhd_inattentive.cognitive.task_initiation_delay"": 0.43079449810850057, ""adhd_inattentive.emotional.frustration"": 0.2045403303420129, ""adhd_inattentive.emotional.self_esteem"": -0.25421588219987257, ""adhd_inattentive.emotional.shame"": 0.20655210211869207, ""base_cognitive.att_bandwidth"": 3, ""base_cognitive.conflict_tendency"": 0.09470783694118341, ""base_cognitive.importance_trigger"": 116.97049348348166, ""base_cognitive.impulse_override"": 0.032663979950526265, ""base_cognitive.plan_consistency"": 0.7574841132255722, ""base_cognitive.recency_decay"": 0.9812292571614261, ""base_cognitive.retention"": 6, ""base_cognitive.social_sensitivity"": 0.5663665055120655, ""base_cognitive.task_initiation_delay"": 0.06721145229600152, ""base_cognitive.vision_r"": 3, ""base_emotional.anger"": 0.11516647819202087, ""base_emotional.anxiety"": 0.17060771657627855, ""base_emotional.excitement"": 0.2761758982739394, ""base_emotional.frustration"": 0.09262798961123428, ""base_emotional.loneliness"": 0.14862682676249817, ""base_emotional.self_esteem"": 0.7543621851477638, ""base_emotional.shame"": 0.049450223940171026, ""base_emotional.trust_in_teacher"": 0.55318980046024}"		
1778047232.761	3	8	0.899119	0.809447	0.783626	0.000000	"{""adhd_hyperactive_impulsive.cognitive.conflict_tendency"": 0.1797990386595288, ""adhd_hyperactive_impulsive.cognitive.impulse_override"": 0.3307538040366565, ""adhd_hyperactive_impulsive.cognitive.plan_consistency"": -0.4370361907543061, ""adhd_hyperactive_impulsive.emotional.anger"": 0.13004294496667249, ""adhd_hyperactive_impulsive.emotional.excitement"": 0.1783991814453613, ""adhd_inattentive.cognitive.att_bandwidth"": -2, ""adhd_inattentive.cognitive.plan_consistency"": -0.2964606974232554, ""adhd_inattentive.cognitive.retention"": -3, ""adhd_inattentive.cognitive.task_initiation_delay"": 0.40865785845507685, ""adhd_inattentive.emotional.frustration"": 0.16328955813595758, ""adhd_inattentive.emotional.self_esteem"": -0.3156302678179155, ""adhd_inattentive.emotional.shame"": 0.23068959710962242, ""base_cognitive.att_bandwidth"": 2, ""base_cognitive.conflict_tendency"": 0.0693825516680021, ""base_cognitive.importance_trigger"": 102.25914529052298, ""base_cognitive.impulse_override"": 0.0736810865809291, ""base_cognitive.plan_consistency"": 0.8969793228351292, ""base_cognitive.recency_decay"": 0.9867865886188325, ""base_cognitive.retention"": 5, ""base_cognitive.social_sensitivity"": 0.3122764731774337, ""base_cognitive.task_initiation_delay"": 0.05824540312322479, ""base_cognitive.vision_r"": 5, ""base_emotional.anger"": 0.09353957632925765, ""base_emotional.anxiety"": 0.14906162978105714, ""base_emotional.excitement"": 0.22543025040690862, ""base_emotional.frustration"": 0.05016017768954288, ""base_emotional.loneliness"": 0.1307685978236091, ""base_emotional.self_esteem"": 0.6857057319968338, ""base_emotional.shame"": 0.11227806156569053, ""base_emotional.trust_in_teacher"": 0.7614290483812156}"		
1778047233.405	3	9	0.760289	0.556672	0.815714	0.000000	"{""adhd_hyperactive_impulsive.cognitive.conflict_tendency"": 0.23248045276564988, ""adhd_hyperactive_impulsive.cognitive.impulse_override"": 0.301390322812184, ""adhd_hyperactive_impulsive.cognitive.plan_consistency"": -0.5126539455282583, ""adhd_hyperactive_impulsive.emotional.anger"": 0.148314069010095, ""adhd_hyperactive_impulsive.emotional.excitement"": 0.11908808819428476, ""adhd_inattentive.cognitive.att_bandwidth"": -2, ""adhd_inattentive.cognitive.plan_consistency"": -0.32120893270312706, ""adhd_inattentive.cognitive.retention"": -2, ""adhd_inattentive.cognitive.task_initiation_delay"": 0.37092413673844843, ""adhd_inattentive.emotional.frustration"": 0.24497440819475402, ""adhd_inattentive.emotional.self_esteem"": -0.19934696781395247, ""adhd_inattentive.emotional.shame"": 0.17520535277817237, ""base_cognitive.att_bandwidth"": 4, ""base_cognitive.conflict_tendency"": 0.08625823280623657, ""base_cognitive.importance_trigger"": 149.93588088467808, ""base_cognitive.impulse_override"": 0.08571608816082815, ""base_cognitive.plan_consistency"": 0.852554179267438, ""base_cognitive.recency_decay"": 0.9903609853153513, ""base_cognitive.retention"": 6, ""base_cognitive.social_sensitivity"": 0.4652540810432595, ""base_cognitive.task_initiation_delay"": 0.01947678153180295, ""base_cognitive.vision_r"": 4, ""base_emotional.anger"": 0.1029732969975045, ""base_emotional.anxiety"": 0.1585623167002012, ""base_emotional.excitement"": 0.17590232384961998, ""base_emotional.frustration"": 0.14619632756906492, ""base_emotional.loneliness"": 0.10545968864689505, ""base_emotional.self_esteem"": 0.7104004177506319, ""base_emotional.shame"": 0.06560984119460597, ""base_emotional.trust_in_teacher"": 0.6944697331307519}"		
1778047233.971	3	10	0.913455	0.804867	0.826336	0.000000	"{""adhd_hyperactive_impulsive.cognitive.conflict_tendency"": 0.19672372184369855, ""adhd_hyperactive_impulsive.cognitive.impulse_override"": 0.37178111907768474, ""adhd_hyperactive_impulsive.cognitive.plan_consistency"": -0.3830096819331729, ""adhd_hyperactive_impulsive.emotional.anger"": 0.2329939098594342, ""adhd_hyperactive_impulsive.emotional.excitement"": 0.13520419578748563, ""adhd_inattentive.cognitive.att_bandwidth"": -2, ""adhd_inattentive.cognitive.plan_consistency"": -0.4036237651920842, ""adhd_inattentive.cognitive.retention"": -4, ""adhd_inattentive.cognitive.task_initiation_delay"": 0.32810413120028287, ""adhd_inattentive.emotional.frustration"": 0.15597034012254607, ""adhd_inattentive.emotional.self_esteem"": -0.272456568103513, ""adhd_inattentive.emotional.shame"": 0.19240221007959032, ""base_cognitive.att_bandwidth"": 3, ""base_cognitive.conflict_tendency"": 0.05678148962128504, ""base_cognitive.importance_trigger"": 126.8901491141164, ""base_cognitive.impulse_override"": 0.04444600373901807, ""base_cognitive.plan_consistency"": 0.923394086429948, ""base_cognitive.recency_decay"": 0.9934415159029703, ""base_cognitive.retention"": 5, ""base_cognitive.social_sensitivity"": 0.5250750380426905, ""base_cognitive.task_initiation_delay"": 0.09066731768217945, ""base_cognitive.vision_r"": 4, ""base_emotional.anger"": 0.13741321934051692, ""base_emotional.anxiety"": 0.10605139208909461, ""base_emotional.excitement"": 0.16327220118772598, ""base_emotional.frustration"": 0.07746788136824884, ""base_emotional.loneliness"": 0.07855914749790202, ""base_emotional.self_esteem"": 0.7704006312939349, ""base_emotional.shame"": 0.12490940527129434, ""base_emotional.trust_in_teacher"": 0.7476595262370338}"		
1778047234.618	3	11	0.900177	0.811212	0.783626	0.000000	"{""adhd_hyperactive_impulsive.cognitive.conflict_tendency"": 0.2479240369975017, ""adhd_hyperactive_impulsive.cognitive.impulse_override"": 0.2811486257676696, ""adhd_hyperactive_impulsive.cognitive.plan_consistency"": -0.506027849393109, ""adhd_hyperactive_impulsive.emotional.anger"": 0.19532417626196097, ""adhd_hyperactive_impulsive.emotional.excitement"": 0.18535117676109528, ""adhd_inattentive.cognitive.att_bandwidth"": -3, ""adhd_inattentive.cognitive.plan_consistency"": -0.30545510042537194, ""adhd_inattentive.cognitive.retention"": -4, ""adhd_inattentive.cognitive.task_initiation_delay"": 0.3096265676698811, ""adhd_inattentive.emotional.frustration"": 0.15572928169045197, ""adhd_inattentive.emotional.self_esteem"": -0.3396447256688794, ""adhd_inattentive.emotional.shame"": 0.1268072775777891, ""base_cognitive.att_bandwidth"": 4, ""base_cognitive.conflict_tendency"": 0.03381002549408296, ""base_cognitive.importance_trigger"": 137.05219509533288, ""base_cognitive.impulse_override"": 0.07171489895841157, ""base_cognitive.plan_consistency"": 0.9195315519735046, ""base_cognitive.recency_decay"": 0.9918916464778249, ""base_cognitive.retention"": 6, ""base_cognitive.social_sensitivity"": 0.4373550498342347, ""base_cognitive.task_initiation_delay"": 0.01758934110227264, ""base_cognitive.vision_r"": 3, ""base_emotional.anger"": 0.12541500387150423, ""base_emotional.anxiety"": 0.05483925743887411, ""base_emotional.excitement"": 0.16244104395556258, ""base_emotional.frustration"": 0.17320345322672773, ""base_emotional.loneliness"": 0.11050197263446643, ""base_emotional.self_esteem"": 0.779545893356389, ""base_emotional.shame"": 0.11557634831378474, ""base_emotional.trust_in_teacher"": 0.5689897608657706}"		
1778047235.143	3	12	0.901747	0.812651	0.785390	0.000000	"{""adhd_hyperactive_impulsive.cognitive.conflict_tendency"": 0.19699980501847847, ""adhd_hyperactive_impulsive.cognitive.impulse_override"": 0.28529610216265106, ""adhd_hyperactive_impulsive.cognitive.plan_consistency"": -0.5477438987453861, ""adhd_hyperactive_impulsive.emotional.anger"": 0.18503292296849416, ""adhd_hyperactive_impulsive.emotional.excitement"": 0.11148416673913927, ""adhd_inattentive.cognitive.att_bandwidth"": -3, ""adhd_inattentive.cognitive.plan_consistency"": -0.2913654304014429, ""adhd_inattentive.cognitive.retention"": -4, ""adhd_inattentive.cognitive.task_initiation_delay"": 0.38595125632322697, ""adhd_inattentive.emotional.frustration"": 0.23223695900062147, ""adhd_inattentive.emotional.self_esteem"": -0.22455941282206185, ""adhd_inattentive.emotional.shame"": 0.11019467392028509, ""base_cognitive.att_bandwidth"": 4, ""base_cognitive.conflict_tendency"": 0.06051865278111826, ""base_cognitive.importance_trigger"": 101.25246676511236, ""base_cognitive.impulse_override"": 0.03804569343352914, ""base_cognitive.plan_consistency"": 0.9187498743944683, ""base_cognitive.recency_decay"": 0.986177005686512, ""base_cognitive.retention"": 4, ""base_cognitive.social_sensitivity"": 0.3982228814243944, ""base_cognitive.task_initiation_delay"": 0.09527751683594927, ""base_cognitive.vision_r"": 4, ""base_emotional.anger"": 0.060009720735717406, ""base_emotional.anxiety"": 0.06147712656100244, ""base_emotional.excitement"": 0.15504613240483703, ""base_emotional.frustration"": 0.12320745302990059, ""base_emotional.loneliness"": 0.0469595726791351, ""base_emotional.self_esteem"": 0.7509598009519756, ""base_emotional.shame"": 0.05208087062538598, ""base_emotional.trust_in_teacher"": 0.5947761567226373}"		
1778047235.779	3	13	0.915799	0.813260	0.819607	0.000000	"{""adhd_hyperactive_impulsive.cognitive.conflict_tendency"": 0.22875694622274478, ""adhd_hyperactive_impulsive.cognitive.impulse_override"": 0.36857007121124624, ""adhd_hyperactive_impulsive.cognitive.plan_consistency"": -0.38729756453747655, ""adhd_hyperactive_impulsive.emotional.anger"": 0.17000915202234243, ""adhd_hyperactive_impulsive.emotional.excitement"": 0.24386278831410174, ""adhd_inattentive.cognitive.att_bandwidth"": -3, ""adhd_inattentive.cognitive.plan_consistency"": -0.4030316093977731, ""adhd_inattentive.cognitive.retention"": -3, ""adhd_inattentive.cognitive.task_initiation_delay"": 0.47425797040231416, ""adhd_inattentive.emotional.frustration"": 0.20331103728236227, ""adhd_inattentive.emotional.self_esteem"": -0.2497799067426626, ""adhd_inattentive.emotional.shame"": 0.14650394930336164, ""base_cognitive.att_bandwidth"": 4, ""base_cognitive.conflict_tendency"": 0.03450360768018544, ""base_cognitive.importance_trigger"": 159.58997577537104, ""base_cognitive.impulse_override"": 0.038185067023688915, ""base_cognitive.plan_consistency"": 0.8894342959103754, ""base_cognitive.recency_decay"": 0.9926797142440489, ""base_cognitive.retention"": 6, ""base_cognitive.social_sensitivity"": 0.5750630071733105, ""base_cognitive.task_initiation_delay"": 0.03534615435242359, ""base_cognitive.vision_r"": 3, ""base_emotional.anger"": 0.03948644364745914, ""base_emotional.anxiety"": 0.16832786017487708, ""base_emotional.excitement"": 0.26882774390589026, ""base_emotional.frustration"": 0.14043422093879376, ""base_emotional.loneliness"": 0.059880716932904005, ""base_emotional.self_esteem"": 0.7416528568845462, ""base_emotional.shame"": 0.0387342751613276, ""base_emotional.trust_in_teacher"": 0.55379388550312}"		
1778047236.345	3	14	0.914367	0.805507	0.827657	0.000000	"{""adhd_hyperactive_impulsive.cognitive.conflict_tendency"": 0.21042951771529833, ""adhd_hyperactive_impulsive.cognitive.impulse_override"": 0.39189743583748937, ""adhd_hyperactive_impulsive.cognitive.plan_consistency"": -0.49920176885357737, ""adhd_hyperactive_impulsive.emotional.anger"": 0.19884460906376739, ""adhd_hyperactive_impulsive.emotional.excitement"": 0.12191583415094802, ""adhd_inattentive.cognitive.att_bandwidth"": -3, ""adhd_inattentive.cognitive.plan_consistency"": -0.35971761647923495, ""adhd_inattentive.cognitive.retention"": -2, ""adhd_inattentive.cognitive.task_initiation_delay"": 0.41345658011471753, ""adhd_inattentive.emotional.frustration"": 0.14300697448255106, ""adhd_inattentive.emotional.self_esteem"": -0.3332116417912177, ""adhd_inattentive.emotional.shame"": 0.1711805079135173, ""base_cognitive.att_bandwidth"": 2, ""base_cognitive.conflict_tendency"": 0.11752829370609778, ""base_cognitive.importance_trigger"": 139.614792101567, ""base_cognitive.impulse_override"": 0.10867088628498382, ""base_cognitive.plan_consistency"": 0.9291212774030407, ""base_cognitive.recency_decay"": 0.9816439366342148, ""base_cognitive.retention"": 5, ""base_cognitive.social_sensitivity"": 0.49676933687855773, ""base_cognitive.task_initiation_delay"": 0.09858643101600585, ""base_cognitive.vision_r"": 4, ""base_emotional.anger"": 0.13741991875432846, ""base_emotional.anxiety"": 0.08124213033905958, ""base_emotional.excitement"": 0.22216135986578134, ""base_emotional.frustration"": 0.06052906225413768, ""base_emotional.loneliness"": 0.14217399117931162, ""base_emotional.self_esteem"": 0.6721004801728807, ""base_emotional.shame"": 0.09119311512479047, ""base_emotional.trust_in_teacher"": 0.6744028630014155}"		
1778047236.957	3	15	0.907586	0.801722	0.816382	0.000000	"{""adhd_hyperactive_impulsive.cognitive.conflict_tendency"": 0.1691736122465755, ""adhd_hyperactive_impulsive.cognitive.impulse_override"": 0.2594752615522972, ""adhd_hyperactive_impulsive.cognitive.plan_consistency"": -0.3502280734296258, ""adhd_hyperactive_impulsive.emotional.anger"": 0.2057437732250689, ""adhd_hyperactive_impulsive.emotional.excitement"": 0.13671048870906552, ""adhd_inattentive.cognitive.att_bandwidth"": -1, ""adhd_inattentive.cognitive.plan_consistency"": -0.35760069299833724, ""adhd_inattentive.cognitive.retention"": -3, ""adhd_inattentive.cognitive.task_initiation_delay"": 0.3464046038234945, ""adhd_inattentive.emotional.frustration"": 0.14307322571576692, ""adhd_inattentive.emotional.self_esteem"": -0.21608222308381272, ""adhd_inattentive.emotional.shame"": 0.13529206922388384, ""base_cognitive.att_bandwidth"": 2, ""base_cognitive.conflict_tendency"": 0.05684394207826589, ""base_cognitive.importance_trigger"": 125.18841436640754, ""base_cognitive.impulse_override"": 0.11325467174624536, ""base_cognitive.plan_consistency"": 0.888840191036076, ""base_cognitive.recency_decay"": 0.992107669981515, ""base_cognitive.retention"": 6, ""base_cognitive.social_sensitivity"": 0.3622875985783997, ""base_cognitive.task_initiation_delay"": 0.04900470804146683, ""base_cognitive.vision_r"": 5, ""base_emotional.anger"": 0.04749203965393209, ""base_emotional.anxiety"": 0.09195875385551794, ""base_emotional.excitement"": 0.2230125135481708, ""base_emotional.frustration"": 0.18649757306574888, ""base_emotional.loneliness"": 0.06446234343474709, ""base_emotional.self_esteem"": 0.6457616037563352, ""base_emotional.shame"": 0.11064958982575364, ""base_emotional.trust_in_teacher"": 0.7702308973975283}"		
1778047237.540	3	16	0.739603	0.518628	0.821066	0.000000	"{""adhd_hyperactive_impulsive.cognitive.conflict_tendency"": 0.15136274972057642, ""adhd_hyperactive_impulsive.cognitive.impulse_override"": 0.2899735952098631, ""adhd_hyperactive_impulsive.cognitive.plan_consistency"": -0.4733516039248909, ""adhd_hyperactive_impulsive.emotional.anger"": 0.1668574319732832, ""adhd_hyperactive_impulsive.emotional.excitement"": 0.17467152871385425, ""adhd_inattentive.cognitive.att_bandwidth"": -1, ""adhd_inattentive.cognitive.plan_consistency"": -0.3657355200676209, ""adhd_inattentive.cognitive.retention"": -2, ""adhd_inattentive.cognitive.task_initiation_delay"": 0.37862554197088016, ""adhd_inattentive.emotional.frustration"": 0.22034728015066568, ""adhd_inattentive.emotional.self_esteem"": -0.3427737581736394, ""adhd_inattentive.emotional.shame"": 0.185149805192648, ""base_cognitive.att_bandwidth"": 3, ""base_cognitive.conflict_tendency"": 0.06365287135936938, ""base_cognitive.importance_trigger"": 149.02304877532748, ""base_cognitive.impulse_override"": 0.08428028447110206, ""base_cognitive.plan_consistency"": 0.8115975130457298, ""base_cognitive.recency_decay"": 0.9806250246395966, ""base_cognitive.retention"": 5, ""base_cognitive.social_sensitivity"": 0.5331486165289705, ""base_cognitive.task_initiation_delay"": 0.026528726567364425, ""base_cognitive.vision_r"": 5, ""base_emotional.anger"": 0.038284348828540954, ""base_emotional.anxiety"": 0.10730496785432386, ""base_emotional.excitement"": 0.16478275151166877, ""base_emotional.frustration"": 0.19330659979957898, ""base_emotional.loneliness"": 0.046651802296023774, ""base_emotional.self_esteem"": 0.6688073552701569, ""base_emotional.shame"": 0.13441153111845175, ""base_emotional.trust_in_teacher"": 0.7176637517563391}"		
1778047238.021	3	17	0.904059	0.805528	0.801856	0.000000	"{""adhd_hyperactive_impulsive.cognitive.conflict_tendency"": 0.1394726566304437, ""adhd_hyperactive_impulsive.cognitive.impulse_override"": 0.3448717304301921, ""adhd_hyperactive_impulsive.cognitive.plan_consistency"": -0.5253589154965467, ""adhd_hyperactive_impulsive.emotional.anger"": 0.2365867156412556, ""adhd_hyperactive_impulsive.emotional.excitement"": 0.15914136605618068, ""adhd_inattentive.cognitive.att_bandwidth"": -3, ""adhd_inattentive.cognitive.plan_consistency"": -0.3843084860653339, ""adhd_inattentive.cognitive.retention"": -2, ""adhd_inattentive.cognitive.task_initiation_delay"": 0.3861755970957217, ""adhd_inattentive.emotional.frustration"": 0.19912784670523329, ""adhd_inattentive.emotional.self_esteem"": -0.20669740452808183, ""adhd_inattentive.emotional.shame"": 0.23266464283662514, ""base_cognitive.att_bandwidth"": 2, ""base_cognitive.conflict_tendency"": 0.11631621496174914, ""base_cognitive.importance_trigger"": 169.94937333902737, ""base_cognitive.impulse_override"": 0.07721108181460691, ""base_cognitive.plan_consistency"": 0.8991399814155825, ""base_cognitive.recency_decay"": 0.9933967288221311, ""base_cognitive.retention"": 4, ""base_cognitive.social_sensitivity"": 0.596772083846012, ""base_cognitive.task_initiation_delay"": 0.07386030944825844, ""base_cognitive.vision_r"": 4, ""base_emotional.anger"": 0.04376550317156225, ""base_emotional.anxiety"": 0.1022162595006211, ""base_emotional.excitement"": 0.1895155339505296, ""base_emotional.frustration"": 0.08218043219483018, ""base_emotional.loneliness"": 0.06722772451321637, ""base_emotional.self_esteem"": 0.7138459527487817, ""base_emotional.shame"": 0.11355017368940873, ""base_emotional.trust_in_teacher"": 0.6361865049984614}"		
1778047238.600	3	18	0.858595	0.702136	0.843283	0.000000	"{""adhd_hyperactive_impulsive.cognitive.conflict_tendency"": 0.2321619445951582, ""adhd_hyperactive_impulsive.cognitive.impulse_override"": 0.2800748875038177, ""adhd_hyperactive_impulsive.cognitive.plan_consistency"": -0.3761614241187925, ""adhd_hyperactive_impulsive.emotional.anger"": 0.16699433995157922, ""adhd_hyperactive_impulsive.emotional.excitement"": 0.1985444236358605, ""adhd_inattentive.cognitive.att_bandwidth"": -3, ""adhd_inattentive.cognitive.plan_consistency"": -0.43180670069777355, ""adhd_inattentive.cognitive.retention"": -3, ""adhd_inattentive.cognitive.task_initiation_delay"": 0.40337495616819663, ""adhd_inattentive.emotional.frustration"": 0.24368590316881614, ""adhd_inattentive.emotional.self_esteem"": -0.3015753871344002, ""adhd_inattentive.emotional.shame"": 0.16173448719626865, ""base_cognitive.att_bandwidth"": 4, ""base_cognitive.conflict_tendency"": 0.08355145494937025, ""base_cognitive.importance_trigger"": 106.09263471387442, ""base_cognitive.impulse_override"": 0.10445139249680482, ""base_cognitive.plan_consistency"": 0.8479723920934545, ""base_cognitive.recency_decay"": 0.9939099096923312, ""base_cognitive.retention"": 5, ""base_cognitive.social_sensitivity"": 0.3874871419259134, ""base_cognitive.task_initiation_delay"": 0.06715049046068473, ""base_cognitive.vision_r"": 3, ""base_emotional.anger"": 0.12394745985562255, ""base_emotional.anxiety"": 0.14021455739857752, ""base_emotional.excitement"": 0.1765943396614933, ""base_emotional.frustration"": 0.0914066984283422, ""base_emotional.loneliness"": 0.09444708567993416, ""base_emotional.self_esteem"": 0.7334997963235041, ""base_emotional.shame"": 0.07151806026902369, ""base_emotional.trust_in_teacher"": 0.5675639695872133}"		
1778047239.149	3	19	0.934548	0.801287	0.884441	0.000000	"{""adhd_hyperactive_impulsive.cognitive.conflict_tendency"": 0.19280439241234695, ""adhd_hyperactive_impulsive.cognitive.impulse_override"": 0.3373739002380884, ""adhd_hyperactive_impulsive.cognitive.plan_consistency"": -0.37148382363619425, ""adhd_hyperactive_impulsive.emotional.anger"": 0.1823524023585319, ""adhd_hyperactive_impulsive.emotional.excitement"": 0.17816270845302384, ""adhd_inattentive.cognitive.att_bandwidth"": -2, ""adhd_inattentive.cognitive.plan_consistency"": -0.4178697529931881, ""adhd_inattentive.cognitive.retention"": -4, ""adhd_inattentive.cognitive.task_initiation_delay"": 0.4978552134166267, ""adhd_inattentive.emotional.frustration"": 0.16656612560273212, ""adhd_inattentive.emotional.self_esteem"": -0.19854258600748637, ""adhd_inattentive.emotional.shame"": 0.1382713306454143, ""base_cognitive.att_bandwidth"": 4, ""base_cognitive.conflict_tendency"": 0.058830607002447265, ""base_cognitive.importance_trigger"": 158.7215378052734, ""base_cognitive.impulse_override"": 0.10383924671918497, ""base_cognitive.plan_consistency"": 0.7647640615060276, ""base_cognitive.recency_decay"": 0.983673514216326, ""base_cognitive.retention"": 4, ""base_cognitive.social_sensitivity"": 0.5195842747264398, ""base_cognitive.task_initiation_delay"": 0.008858035512563589, ""base_cognitive.vision_r"": 3, ""base_emotional.anger"": 0.14020375673911903, ""base_emotional.anxiety"": 0.09914499447598657, ""base_emotional.excitement"": 0.21433978312101387, ""base_emotional.frustration"": 0.07626916032192126, ""base_emotional.loneliness"": 0.05472912549133607, ""base_emotional.self_esteem"": 0.6914109417753931, ""base_emotional.shame"": 0.10830556356113048, ""base_emotional.trust_in_teacher"": 0.5700167853802685}"		
1778047239.735	3	20	0.939237	0.807016	0.887568	0.000000	"{""adhd_hyperactive_impulsive.cognitive.conflict_tendency"": 0.10012127942016441, ""adhd_hyperactive_impulsive.cognitive.impulse_override"": 0.3997799776892237, ""adhd_hyperactive_impulsive.cognitive.plan_consistency"": -0.4276433301036769, ""adhd_hyperactive_impulsive.emotional.anger"": 0.20303937858540738, ""adhd_hyperactive_impulsive.emotional.excitement"": 0.12502098209911436, ""adhd_inattentive.cognitive.att_bandwidth"": -2, ""adhd_inattentive.cognitive.plan_consistency"": -0.43198909439033906, ""adhd_inattentive.cognitive.retention"": -3, ""adhd_inattentive.cognitive.task_initiation_delay"": 0.3617512143326758, ""adhd_inattentive.emotional.frustration"": 0.13635398252384048, ""adhd_inattentive.emotional.self_esteem"": -0.25855347344022933, ""adhd_inattentive.emotional.shame"": 0.1795407444445185, ""base_cognitive.att_bandwidth"": 4, ""base_cognitive.conflict_tendency"": 0.07749872718610112, ""base_cognitive.importance_trigger"": 161.70224257451537, ""base_cognitive.impulse_override"": 0.05403710778345552, ""base_cognitive.plan_consistency"": 0.7614527125365428, ""base_cognitive.recency_decay"": 0.993289041552448, ""base_cognitive.retention"": 5, ""base_cognitive.social_sensitivity"": 0.4064758183131589, ""base_cognitive.task_initiation_delay"": 0.07449706341602724, ""base_cognitive.vision_r"": 3, ""base_emotional.anger"": 0.0937349858032644, ""base_emotional.anxiety"": 0.1264469566979583, ""base_emotional.excitement"": 0.15314664816488613, ""base_emotional.frustration"": 0.09319259500717966, ""base_emotional.loneliness"": 0.10496345548476463, ""base_emotional.self_esteem"": 0.6207644259878558, ""base_emotional.shame"": 0.035862790306495584, ""base_emotional.trust_in_teacher"": 0.6393865319595822}"		
1778047240.247	3	21	0.916460	0.814393	0.819560	0.000000	"{""adhd_hyperactive_impulsive.cognitive.conflict_tendency"": 0.23981456635851273, ""adhd_hyperactive_impulsive.cognitive.impulse_override"": 0.3404900785392709, ""adhd_hyperactive_impulsive.cognitive.plan_consistency"": -0.3656789339047392, ""adhd_hyperactive_impulsive.emotional.anger"": 0.16366268769411474, ""adhd_hyperactive_impulsive.emotional.excitement"": 0.1608387480847738, ""adhd_inattentive.cognitive.att_bandwidth"": -1, ""adhd_inattentive.cognitive.plan_consistency"": -0.4242629235045654, ""adhd_inattentive.cognitive.retention"": -3, ""adhd_inattentive.cognitive.task_initiation_delay"": 0.3906717677324789, ""adhd_inattentive.emotional.frustration"": 0.1779707126089874, ""adhd_inattentive.emotional.self_esteem"": -0.26705854398087414, ""adhd_inattentive.emotional.shame"": 0.1170353330027891, ""base_cognitive.att_bandwidth"": 3, ""base_cognitive.conflict_tendency"": 0.06833832538180049, ""base_cognitive.importance_trigger"": 117.63839192927706, ""base_cognitive.impulse_override"": 0.03350493516490839, ""base_cognitive.plan_consistency"": 0.8885698049692758, ""base_cognitive.recency_decay"": 0.9808969631214949, ""base_cognitive.retention"": 4, ""base_cognitive.social_sensitivity"": 0.502693700187204, ""base_cognitive.task_initiation_delay"": 0.005369484288645443, ""base_cognitive.vision_r"": 3, ""base_emotional.anger"": 0.10422855214549406, ""base_emotional.anxiety"": 0.07911846383699347, ""base_emotional.excitement"": 0.16656350271071557, ""base_emotional.frustration"": 0.12349504286887016, ""base_emotional.loneliness"": 0.11752528725349415, ""base_emotional.self_esteem"": 0.6818144162231395, ""base_emotional.shame"": 0.048720241631001984, ""base_emotional.trust_in_teacher"": 0.5762746283916843}"		
1778047240.769	3	22	0.862584	0.740774	0.795299	0.000000	"{""adhd_hyperactive_impulsive.cognitive.conflict_tendency"": 0.1709799688414499, ""adhd_hyperactive_impulsive.cognitive.impulse_override"": 0.32916853785131606, ""adhd_hyperactive_impulsive.cognitive.plan_consistency"": -0.37593090191492534, ""adhd_hyperactive_impulsive.emotional.anger"": 0.16922782600901412, ""adhd_hyperactive_impulsive.emotional.excitement"": 0.12410428635247873, ""adhd_inattentive.cognitive.att_bandwidth"": -3, ""adhd_inattentive.cognitive.plan_consistency"": -0.32980136543337607, ""adhd_inattentive.cognitive.retention"": -3, ""adhd_inattentive.cognitive.task_initiation_delay"": 0.44329314909230855, ""adhd_inattentive.emotional.frustration"": 0.19796273227388939, ""adhd_inattentive.emotional.self_esteem"": -0.2548260497377077, ""adhd_inattentive.emotional.shame"": 0.19565500780073908, ""base_cognitive.att_bandwidth"": 4, ""base_cognitive.conflict_tendency"": 0.06897703855992265, ""base_cognitive.importance_trigger"": 104.76308032881846, ""base_cognitive.impulse_override"": 0.06976513973322382, ""base_cognitive.plan_consistency"": 0.8402839356162882, ""base_cognitive.recency_decay"": 0.9909409714020727, ""base_cognitive.retention"": 4, ""base_cognitive.social_sensitivity"": 0.5579462773407637, ""base_cognitive.task_initiation_delay"": 0.04769004843567737, ""base_cognitive.vision_r"": 5, ""base_emotional.anger"": 0.1406686908645774, ""base_emotional.anxiety"": 0.17166576169076622, ""base_emotional.excitement"": 0.2928204477991, ""base_emotional.frustration"": 0.1476524331788689, ""base_emotional.loneliness"": 0.14714027561172094, ""base_emotional.self_esteem"": 0.7141049081165425, ""base_emotional.shame"": 0.04820317871680484, ""base_emotional.trust_in_teacher"": 0.6328323490632006}"		
1778047241.309	3	23	0.730898	0.515447	0.804074	0.000000	"{""adhd_hyperactive_impulsive.cognitive.conflict_tendency"": 0.20506664009734454, ""adhd_hyperactive_impulsive.cognitive.impulse_override"": 0.347909793097543, ""adhd_hyperactive_impulsive.cognitive.plan_consistency"": -0.4941579395732308, ""adhd_hyperactive_impulsive.emotional.anger"": 0.1814152412595405, ""adhd_hyperactive_impulsive.emotional.excitement"": 0.12501043337618362, ""adhd_inattentive.cognitive.att_bandwidth"": -2, ""adhd_inattentive.cognitive.plan_consistency"": -0.33100186389531183, ""adhd_inattentive.cognitive.retention"": -3, ""adhd_inattentive.cognitive.task_initiation_delay"": 0.4414430729002364, ""adhd_inattentive.emotional.frustration"": 0.24637985343658944, ""adhd_inattentive.emotional.self_esteem"": -0.2621452209680781, ""adhd_inattentive.emotional.shame"": 0.11387612074996849, ""base_cognitive.att_bandwidth"": 2, ""base_cognitive.conflict_tendency"": 0.11612291896602353, ""base_cognitive.importance_trigger"": 141.51695891239982, ""base_cognitive.impulse_override"": 0.10784956366373727, ""base_cognitive.plan_consistency"": 0.9427826209853075, ""base_cognitive.recency_decay"": 0.9857112074499078, ""base_cognitive.retention"": 5, ""base_cognitive.social_sensitivity"": 0.5515978555557202, ""base_cognitive.task_initiation_delay"": 0.033674509686073606, ""base_cognitive.vision_r"": 3, ""base_emotional.anger"": 0.03613035114903945, ""base_emotional.anxiety"": 0.0819372225978969, ""base_emotional.excitement"": 0.2011461954413726, ""base_emotional.frustration"": 0.1878858605326933, ""base_emotional.loneliness"": 0.053701704221315885, ""base_emotional.self_esteem"": 0.7788017193511306, ""base_emotional.shame"": 0.05116523396642127, ""base_emotional.trust_in_teacher"": 0.6773349226229848}"		
1778047241.899	3	24	0.912330	0.810668	0.814824	0.000000	"{""adhd_hyperactive_impulsive.cognitive.conflict_tendency"": 0.12853711852142435, ""adhd_hyperactive_impulsive.cognitive.impulse_override"": 0.33199647757610873, ""adhd_hyperactive_impulsive.cognitive.plan_consistency"": -0.5117436004615651, ""adhd_hyperactive_impulsive.emotional.anger"": 0.19779306460655538, ""adhd_hyperactive_impulsive.emotional.excitement"": 0.21414338207320777, ""adhd_inattentive.cognitive.att_bandwidth"": -2, ""adhd_inattentive.cognitive.plan_consistency"": -0.4323453048766595, ""adhd_inattentive.cognitive.retention"": -4, ""adhd_inattentive.cognitive.task_initiation_delay"": 0.4921407818284706, ""adhd_inattentive.emotional.frustration"": 0.17200909587924262, ""adhd_inattentive.emotional.self_esteem"": -0.3109486170930976, ""adhd_inattentive.emotional.shame"": 0.18311816321154317, ""base_cognitive.att_bandwidth"": 2, ""base_cognitive.conflict_tendency"": 0.0690060931294423, ""base_cognitive.importance_trigger"": 127.99932456355589, ""base_cognitive.impulse_override"": 0.03976730558503725, ""base_cognitive.plan_consistency"": 0.9377550304975021, ""base_cognitive.recency_decay"": 0.9814704663727116, ""base_cognitive.retention"": 6, ""base_cognitive.social_sensitivity"": 0.5157936014251311, ""base_cognitive.task_initiation_delay"": 0.08650529998629025, ""base_cognitive.vision_r"": 5, ""base_emotional.anger"": 0.11538668589018147, ""base_emotional.anxiety"": 0.06276680144275268, ""base_emotional.excitement"": 0.22863675293520858, ""base_emotional.frustration"": 0.07694891563560173, ""base_emotional.loneliness"": 0.04343872243557267, ""base_emotional.self_esteem"": 0.7003283064837682, ""base_emotional.shame"": 0.125833059180064, ""base_emotional.trust_in_teacher"": 0.7936263992045565}"		
1778047242.521	3	25	0.897412	0.772668	0.834530	0.000000	"{""adhd_hyperactive_impulsive.cognitive.conflict_tendency"": 0.21406285191225288, ""adhd_hyperactive_impulsive.cognitive.impulse_override"": 0.3278520338680313, ""adhd_hyperactive_impulsive.cognitive.plan_consistency"": -0.3952335777625398, ""adhd_hyperactive_impulsive.emotional.anger"": 0.17007084100876574, ""adhd_hyperactive_impulsive.emotional.excitement"": 0.20202183204003404, ""adhd_inattentive.cognitive.att_bandwidth"": -3, ""adhd_inattentive.cognitive.plan_consistency"": -0.40288830392096187, ""adhd_inattentive.cognitive.retention"": -4, ""adhd_inattentive.cognitive.task_initiation_delay"": 0.3983001099705087, ""adhd_inattentive.emotional.frustration"": 0.1787874915340471, ""adhd_inattentive.emotional.self_esteem"": -0.34392417699514, ""adhd_inattentive.emotional.shame"": 0.21039946418001804, ""base_cognitive.att_bandwidth"": 3, ""base_cognitive.conflict_tendency"": 0.11958973336319961, ""base_cognitive.importance_trigger"": 135.26327392238568, ""base_cognitive.impulse_override"": 0.11319321244821766, ""base_cognitive.plan_consistency"": 0.814344768350842, ""base_cognitive.recency_decay"": 0.9865909361594898, ""base_cognitive.retention"": 6, ""base_cognitive.social_sensitivity"": 0.4643001058100048, ""base_cognitive.task_initiation_delay"": 0.08376284056831843, ""base_cognitive.vision_r"": 3, ""base_emotional.anger"": 0.12206766884583035, ""base_emotional.anxiety"": 0.05539554851216921, ""base_emotional.excitement"": 0.15408547912251003, ""base_emotional.frustration"": 0.12880696020798063, ""base_emotional.loneliness"": 0.11355354259518673, ""base_emotional.self_esteem"": 0.6904274107329936, ""base_emotional.shame"": 0.14185336951690347, ""base_emotional.trust_in_teacher"": 0.6712171338894197}"		
1778047243.052	3	26	0.925854	0.810788	0.848454	0.000000	"{""adhd_hyperactive_impulsive.cognitive.conflict_tendency"": 0.10378380423114149, ""adhd_hyperactive_impulsive.cognitive.impulse_override"": 0.37841329179128125, ""adhd_hyperactive_impulsive.cognitive.plan_consistency"": -0.3810160294512671, ""adhd_hyperactive_impulsive.emotional.anger"": 0.18948861115156246, ""adhd_hyperactive_impulsive.emotional.excitement"": 0.16393361132329384, ""adhd_inattentive.cognitive.att_bandwidth"": -2, ""adhd_inattentive.cognitive.plan_consistency"": -0.31894728875781375, ""adhd_inattentive.cognitive.retention"": -3, ""adhd_inattentive.cognitive.task_initiation_delay"": 0.32367074690752634, ""adhd_inattentive.emotional.frustration"": 0.1651756402392455, ""adhd_inattentive.emotional.self_esteem"": -0.19259913450770982, ""adhd_inattentive.emotional.shame"": 0.20707736704452442, ""base_cognitive.att_bandwidth"": 2, ""base_cognitive.conflict_tendency"": 0.11761839309973007, ""base_cognitive.importance_trigger"": 145.94985140573422, ""base_cognitive.impulse_override"": 0.05117125581204113, ""base_cognitive.plan_consistency"": 0.7512393652806192, ""base_cognitive.recency_decay"": 0.9842761821489922, ""base_cognitive.retention"": 5, ""base_cognitive.social_sensitivity"": 0.5175861969020551, ""base_cognitive.task_initiation_delay"": 0.050594934867097124, ""base_cognitive.vision_r"": 5, ""base_emotional.anger"": 0.058966390063114, ""base_emotional.anxiety"": 0.1371821787519101, ""base_emotional.excitement"": 0.21502390995380044, ""base_emotional.frustration"": 0.14721781254161925, ""base_emotional.loneliness"": 0.05280973631998725, ""base_emotional.self_esteem"": 0.776929592340831, ""base_emotional.shame"": 0.04096794227004155, ""base_emotional.trust_in_teacher"": 0.6214241238321829}"		
1778047243.534	3	27	0.878941	0.749954	0.822420	0.000000	"{""adhd_hyperactive_impulsive.cognitive.conflict_tendency"": 0.11312852778052457, ""adhd_hyperactive_impulsive.cognitive.impulse_override"": 0.3097678409663434, ""adhd_hyperactive_impulsive.cognitive.plan_consistency"": -0.496652001025138, ""adhd_hyperactive_impulsive.emotional.anger"": 0.191038688787602, ""adhd_hyperactive_impulsive.emotional.excitement"": 0.14125039645350063, ""adhd_inattentive.cognitive.att_bandwidth"": -1, ""adhd_inattentive.cognitive.plan_consistency"": -0.26461964295286217, ""adhd_inattentive.cognitive.retention"": -3, ""adhd_inattentive.cognitive.task_initiation_delay"": 0.4011144457253802, ""adhd_inattentive.emotional.frustration"": 0.23192612597230178, ""adhd_inattentive.emotional.self_esteem"": -0.1967379578632871, ""adhd_inattentive.emotional.shame"": 0.19079574504276187, ""base_cognitive.att_bandwidth"": 2, ""base_cognitive.conflict_tendency"": 0.08551464256489619, ""base_cognitive.importance_trigger"": 113.70255466103102, ""base_cognitive.impulse_override"": 0.11556366141405229, ""base_cognitive.plan_consistency"": 0.7881636743079098, ""base_cognitive.recency_decay"": 0.9870205288073288, ""base_cognitive.retention"": 4, ""base_cognitive.social_sensitivity"": 0.39382584503884455, ""base_cognitive.task_initiation_delay"": 0.0748221643092624, ""base_cognitive.vision_r"": 4, ""base_emotional.anger"": 0.04872404712994424, ""base_emotional.anxiety"": 0.1199802585934187, ""base_emotional.excitement"": 0.2344505663624425, ""base_emotional.frustration"": 0.10811700775624011, ""base_emotional.loneliness"": 0.10723182442041974, ""base_emotional.self_esteem"": 0.7558663120273881, ""base_emotional.shame"": 0.10572266595492781, ""base_emotional.trust_in_teacher"": 0.5783239545524941}"		
1778047244.066	3	28	0.802945	0.631403	0.810257	0.000000	"{""adhd_hyperactive_impulsive.cognitive.conflict_tendency"": 0.11251005596166233, ""adhd_hyperactive_impulsive.cognitive.impulse_override"": 0.3563980481311837, ""adhd_hyperactive_impulsive.cognitive.plan_consistency"": -0.5413405919827566, ""adhd_hyperactive_impulsive.emotional.anger"": 0.1472359503152203, ""adhd_hyperactive_impulsive.emotional.excitement"": 0.23843057944257778, ""adhd_inattentive.cognitive.att_bandwidth"": -1, ""adhd_inattentive.cognitive.plan_consistency"": -0.3428873260904773, ""adhd_inattentive.cognitive.retention"": -4, ""adhd_inattentive.cognitive.task_initiation_delay"": 0.45838394278877226, ""adhd_inattentive.emotional.frustration"": 0.2455314788479743, ""adhd_inattentive.emotional.self_esteem"": -0.3088828939342812, ""adhd_inattentive.emotional.shame"": 0.23300065051444216, ""base_cognitive.att_bandwidth"": 3, ""base_cognitive.conflict_tendency"": 0.09883584986143215, ""base_cognitive.importance_trigger"": 122.7886909723052, ""base_cognitive.impulse_override"": 0.08610867494903088, ""base_cognitive.plan_consistency"": 0.8762450663172593, ""base_cognitive.recency_decay"": 0.9872621112891897, ""base_cognitive.retention"": 4, ""base_cognitive.social_sensitivity"": 0.415575639378472, ""base_cognitive.task_initiation_delay"": 0.0868340403814462, ""base_cognitive.vision_r"": 5, ""base_emotional.anger"": 0.04199223226381443, ""base_emotional.anxiety"": 0.11081468218168944, ""base_emotional.excitement"": 0.20028567303320752, ""base_emotional.frustration"": 0.15839371256770252, ""base_emotional.loneliness"": 0.09157431050965857, ""base_emotional.self_esteem"": 0.6106214261625905, ""base_emotional.shame"": 0.08714669967804478, ""base_emotional.trust_in_teacher"": 0.571299252407788}"		
1778047244.632	3	29	0.894715	0.794991	0.794301	0.000000	"{""adhd_hyperactive_impulsive.cognitive.conflict_tendency"": 0.24642623185744264, ""adhd_hyperactive_impulsive.cognitive.impulse_override"": 0.3310598027726207, ""adhd_hyperactive_impulsive.cognitive.plan_consistency"": -0.4717801286608549, ""adhd_hyperactive_impulsive.emotional.anger"": 0.13303018519818985, ""adhd_hyperactive_impulsive.emotional.excitement"": 0.24970536267505752, ""adhd_inattentive.cognitive.att_bandwidth"": -1, ""adhd_inattentive.cognitive.plan_consistency"": -0.29335048067690167, ""adhd_inattentive.cognitive.retention"": -4, ""adhd_inattentive.cognitive.task_initiation_delay"": 0.32658198117565934, ""adhd_inattentive.emotional.frustration"": 0.22549733891135318, ""adhd_inattentive.emotional.self_esteem"": -0.3417925145388197, ""adhd_inattentive.emotional.shame"": 0.10710429726910586, ""base_cognitive.att_bandwidth"": 3, ""base_cognitive.conflict_tendency"": 0.11864156891542721, ""base_cognitive.importance_trigger"": 165.85730086099528, ""base_cognitive.impulse_override"": 0.11847923024300858, ""base_cognitive.plan_consistency"": 0.8849042835580949, ""base_cognitive.recency_decay"": 0.9937399355068924, ""base_cognitive.retention"": 5, ""base_cognitive.social_sensitivity"": 0.4270435930856758, ""base_cognitive.task_initiation_delay"": 0.05090202272489576, ""base_cognitive.vision_r"": 4, ""base_emotional.anger"": 0.14822405887782397, ""base_emotional.anxiety"": 0.1455277526433649, ""base_emotional.excitement"": 0.28620623580518295, ""base_emotional.frustration"": 0.09277768495030772, ""base_emotional.loneliness"": 0.049040347112760556, ""base_emotional.self_esteem"": 0.6808539086233546, ""base_emotional.shame"": 0.07985945866060451, ""base_emotional.trust_in_teacher"": 0.6429385500264538}"		
1778047245.115	3	30	0.830164	0.693822	0.784677	0.000000	"{""adhd_hyperactive_impulsive.cognitive.conflict_tendency"": 0.2241545408525409, ""adhd_hyperactive_impulsive.cognitive.impulse_override"": 0.30973570300436354, ""adhd_hyperactive_impulsive.cognitive.plan_consistency"": -0.4654241795997176, ""adhd_hyperactive_impulsive.emotional.anger"": 0.22550840126488747, ""adhd_hyperactive_impulsive.emotional.excitement"": 0.16788017135864527, ""adhd_inattentive.cognitive.att_bandwidth"": -2, ""adhd_inattentive.cognitive.plan_consistency"": -0.3350665242347089, ""adhd_inattentive.cognitive.retention"": -2, ""adhd_inattentive.cognitive.task_initiation_delay"": 0.30471720518510975, ""adhd_inattentive.emotional.frustration"": 0.21396552657766504, ""adhd_inattentive.emotional.self_esteem"": -0.25383639865224056, ""adhd_inattentive.emotional.shame"": 0.13669379085636663, ""base_cognitive.att_bandwidth"": 2, ""base_cognitive.conflict_tendency"": 0.04515093399318873, ""base_cognitive.importance_trigger"": 110.63373163888652, ""base_cognitive.impulse_override"": 0.04338163434547438, ""base_cognitive.plan_consistency"": 0.9230643127597356, ""base_cognitive.recency_decay"": 0.9919515760347891, ""base_cognitive.retention"": 4, ""base_cognitive.social_sensitivity"": 0.45623752560920283, ""base_cognitive.task_initiation_delay"": 0.05900785751117779, ""base_cognitive.vision_r"": 3, ""base_emotional.anger"": 0.10059958713416468, ""base_emotional.anxiety"": 0.16490948113737214, ""base_emotional.excitement"": 0.16441947759608014, ""base_emotional.frustration"": 0.17920393949753138, ""base_emotional.loneliness"": 0.1322501091281036, ""base_emotional.self_esteem"": 0.6788215387287119, ""base_emotional.shame"": 0.05066638174600141, ""base_emotional.trust_in_teacher"": 0.717629729448544}"		
1778047245.636	3	31	0.912104	0.814163	0.809015	0.000000	"{""adhd_hyperactive_impulsive.cognitive.conflict_tendency"": 0.15774674044076703, ""adhd_hyperactive_impulsive.cognitive.impulse_override"": 0.3481853052107204, ""adhd_hyperactive_impulsive.cognitive.plan_consistency"": -0.5099657300336662, ""adhd_hyperactive_impulsive.emotional.anger"": 0.16294224834438534, ""adhd_hyperactive_impulsive.emotional.excitement"": 0.18037305871931586, ""adhd_inattentive.cognitive.att_bandwidth"": -3, ""adhd_inattentive.cognitive.plan_consistency"": -0.3298942580329075, ""adhd_inattentive.cognitive.retention"": -2, ""adhd_inattentive.cognitive.task_initiation_delay"": 0.33125109600138836, ""adhd_inattentive.emotional.frustration"": 0.22207047598361154, ""adhd_inattentive.emotional.self_esteem"": -0.3335789274503165, ""adhd_inattentive.emotional.shame"": 0.2319857916756352, ""base_cognitive.att_bandwidth"": 3, ""base_cognitive.conflict_tendency"": 0.04414904087639779, ""base_cognitive.importance_trigger"": 112.6837970538685, ""base_cognitive.impulse_override"": 0.07927771955311788, ""base_cognitive.plan_consistency"": 0.8458954363222205, ""base_cognitive.recency_decay"": 0.9935156379655266, ""base_cognitive.retention"": 4, ""base_cognitive.social_sensitivity"": 0.32844294158774767, ""base_cognitive.task_initiation_delay"": 0.0227000038587041, ""base_cognitive.vision_r"": 5, ""base_emotional.anger"": 0.06473241802981117, ""base_emotional.anxiety"": 0.11994549141851552, ""base_emotional.excitement"": 0.18539562721324315, ""base_emotional.frustration"": 0.08562523921810954, ""base_emotional.loneliness"": 0.06676725384211522, ""base_emotional.self_esteem"": 0.765363437302899, ""base_emotional.shame"": 0.11667683667400018, ""base_emotional.trust_in_teacher"": 0.6753227730449033}"		
1778047246.184	3	32	0.923580	0.817233	0.833100	0.000000	"{""adhd_hyperactive_impulsive.cognitive.conflict_tendency"": 0.1418417576040068, ""adhd_hyperactive_impulsive.cognitive.impulse_override"": 0.25846910447966026, ""adhd_hyperactive_impulsive.cognitive.plan_consistency"": -0.3917858284964058, ""adhd_hyperactive_impulsive.emotional.anger"": 0.18640309943559558, ""adhd_hyperactive_impulsive.emotional.excitement"": 0.18531082501425256, ""adhd_inattentive.cognitive.att_bandwidth"": -3, ""adhd_inattentive.cognitive.plan_consistency"": -0.31953465769859735, ""adhd_inattentive.cognitive.retention"": -3, ""adhd_inattentive.cognitive.task_initiation_delay"": 0.34848132961420003, ""adhd_inattentive.emotional.frustration"": 0.17345289930073016, ""adhd_inattentive.emotional.self_esteem"": -0.34842759414283064, ""adhd_inattentive.emotional.shame"": 0.23343880337765716, ""base_cognitive.att_bandwidth"": 2, ""base_cognitive.conflict_tendency"": 0.030599761353709964, ""base_cognitive.importance_trigger"": 148.9740414840272, ""base_cognitive.impulse_override"": 0.05894507930426087, ""base_cognitive.plan_consistency"": 0.7910743170835369, ""base_cognitive.recency_decay"": 0.9806899543814642, ""base_cognitive.retention"": 5, ""base_cognitive.social_sensitivity"": 0.3094770918948213, ""base_cognitive.task_initiation_delay"": 0.025181857875524672, ""base_cognitive.vision_r"": 4, ""base_emotional.anger"": 0.05392014807647419, ""base_emotional.anxiety"": 0.11354559464333869, ""base_emotional.excitement"": 0.16385781523497608, ""base_emotional.frustration"": 0.1093732827194316, ""base_emotional.loneliness"": 0.12339185560331985, ""base_emotional.self_esteem"": 0.6196143505639159, ""base_emotional.shame"": 0.08771122679017257, ""base_emotional.trust_in_teacher"": 0.5546189773419584}"		
1778047246.718	3	33	0.900276	0.811376	0.783626	0.000000	"{""adhd_hyperactive_impulsive.cognitive.conflict_tendency"": 0.23719227644460275, ""adhd_hyperactive_impulsive.cognitive.impulse_override"": 0.28085773650584295, ""adhd_hyperactive_impulsive.cognitive.plan_consistency"": -0.42182949150117854, ""adhd_hyperactive_impulsive.emotional.anger"": 0.16145408818154472, ""adhd_hyperactive_impulsive.emotional.excitement"": 0.14362465349647338, ""adhd_inattentive.cognitive.att_bandwidth"": -1, ""adhd_inattentive.cognitive.plan_consistency"": -0.27377787416023336, ""adhd_inattentive.cognitive.retention"": -3, ""adhd_inattentive.cognitive.task_initiation_delay"": 0.39749584847333896, ""adhd_inattentive.emotional.frustration"": 0.16327952100698329, ""adhd_inattentive.emotional.self_esteem"": -0.2771257100060234, ""adhd_inattentive.emotional.shame"": 0.22400147866665293, ""base_cognitive.att_bandwidth"": 2, ""base_cognitive.conflict_tendency"": 0.08754540636408766, ""base_cognitive.importance_trigger"": 163.47635298845688, ""base_cognitive.impulse_override"": 0.07930285661208575, ""base_cognitive.plan_consistency"": 0.9393218286543107, ""base_cognitive.recency_decay"": 0.9886972633430071, ""base_cognitive.retention"": 5, ""base_cognitive.social_sensitivity"": 0.3733307179410728, ""base_cognitive.task_initiation_delay"": 0.018505966350610147, ""base_cognitive.vision_r"": 5, ""base_emotional.anger"": 0.12108794958958857, ""base_emotional.anxiety"": 0.12174870269610966, ""base_emotional.excitement"": 0.18112095566166192, ""base_emotional.frustration"": 0.18558692186068299, ""base_emotional.loneliness"": 0.11852993377685159, ""base_emotional.self_esteem"": 0.6874138948177978, ""base_emotional.shame"": 0.10540105099881056, ""base_emotional.trust_in_teacher"": 0.7472561849871207}"		
1778047247.357	3	34	0.893500	0.794277	0.792333	0.000000	"{""adhd_hyperactive_impulsive.cognitive.conflict_tendency"": 0.10815686752726923, ""adhd_hyperactive_impulsive.cognitive.impulse_override"": 0.35395405079216574, ""adhd_hyperactive_impulsive.cognitive.plan_consistency"": -0.4945404577888834, ""adhd_hyperactive_impulsive.emotional.anger"": 0.18700546977910812, ""adhd_hyperactive_impulsive.emotional.excitement"": 0.24265838163662648, ""adhd_inattentive.cognitive.att_bandwidth"": -3, ""adhd_inattentive.cognitive.plan_consistency"": -0.29415037372139047, ""adhd_inattentive.cognitive.retention"": -3, ""adhd_inattentive.cognitive.task_initiation_delay"": 0.42119772603854316, ""adhd_inattentive.emotional.frustration"": 0.13245354028188264, ""adhd_inattentive.emotional.self_esteem"": -0.29217202418118415, ""adhd_inattentive.emotional.shame"": 0.14951431660827755, ""base_cognitive.att_bandwidth"": 4, ""base_cognitive.conflict_tendency"": 0.030854678289727693, ""base_cognitive.importance_trigger"": 106.02163762855277, ""base_cognitive.impulse_override"": 0.11862413326987307, ""base_cognitive.plan_consistency"": 0.8290811813130704, ""base_cognitive.recency_decay"": 0.9890660059350549, ""base_cognitive.retention"": 6, ""base_cognitive.social_sensitivity"": 0.5172187452941759, ""base_cognitive.task_initiation_delay"": 0.05571900039823918, ""base_cognitive.vision_r"": 5, ""base_emotional.anger"": 0.07649078134030853, ""base_emotional.anxiety"": 0.07152322228672475, ""base_emotional.excitement"": 0.2775566007399499, ""base_emotional.frustration"": 0.19705609828616955, ""base_emotional.loneliness"": 0.09695694643737748, ""base_emotional.self_esteem"": 0.7381809852687966, ""base_emotional.shame"": 0.0951210358251677, ""base_emotional.trust_in_teacher"": 0.6354094250918184}"		
1778047247.839	3	35	0.841921	0.713612	0.784384	0.000000	"{""adhd_hyperactive_impulsive.cognitive.conflict_tendency"": 0.11369188673162697, ""adhd_hyperactive_impulsive.cognitive.impulse_override"": 0.2920924775446483, ""adhd_hyperactive_impulsive.cognitive.plan_consistency"": -0.4966413721448728, ""adhd_hyperactive_impulsive.emotional.anger"": 0.2178925027328754, ""adhd_hyperactive_impulsive.emotional.excitement"": 0.17962874546976407, ""adhd_inattentive.cognitive.att_bandwidth"": -2, ""adhd_inattentive.cognitive.plan_consistency"": -0.2515511861509462, ""adhd_inattentive.cognitive.retention"": -2, ""adhd_inattentive.cognitive.task_initiation_delay"": 0.32818525109312413, ""adhd_inattentive.emotional.frustration"": 0.24893349423107175, ""adhd_inattentive.emotional.self_esteem"": -0.254636404550556, ""adhd_inattentive.emotional.shame"": 0.11593428176451756, ""base_cognitive.att_bandwidth"": 2, ""base_cognitive.conflict_tendency"": 0.07705268498072594, ""base_cognitive.importance_trigger"": 135.76600292618454, ""base_cognitive.impulse_override"": 0.051642708166283406, ""base_cognitive.plan_consistency"": 0.8248180064002981, ""base_cognitive.recency_decay"": 0.981570165287367, ""base_cognitive.retention"": 4, ""base_cognitive.social_sensitivity"": 0.5969196672973354, ""base_cognitive.task_initiation_delay"": 0.026772898871054742, ""base_cognitive.vision_r"": 4, ""base_emotional.anger"": 0.074074646759787, ""base_emotional.anxiety"": 0.12850530353721706, ""base_emotional.excitement"": 0.20939808446307545, ""base_emotional.frustration"": 0.12781155347089812, ""base_emotional.loneliness"": 0.11252114452464602, ""base_emotional.self_esteem"": 0.6620922840616406, ""base_emotional.shame"": 0.049131897543798084, ""base_emotional.trust_in_teacher"": 0.5636017548749959}"		
1778047248.371	3	36	0.895077	0.802102	0.784541	0.000000	"{""adhd_hyperactive_impulsive.cognitive.conflict_tendency"": 0.15271740987547686, ""adhd_hyperactive_impulsive.cognitive.impulse_override"": 0.38656181204692286, ""adhd_hyperactive_impulsive.cognitive.plan_consistency"": -0.4735451883727924, ""adhd_hyperactive_impulsive.emotional.anger"": 0.22674747322691058, ""adhd_hyperactive_impulsive.emotional.excitement"": 0.15036186301636814, ""adhd_inattentive.cognitive.att_bandwidth"": -3, ""adhd_inattentive.cognitive.plan_consistency"": -0.371789485662684, ""adhd_inattentive.cognitive.retention"": -4, ""adhd_inattentive.cognitive.task_initiation_delay"": 0.31969150870425367, ""adhd_inattentive.emotional.frustration"": 0.1500934085912148, ""adhd_inattentive.emotional.self_esteem"": -0.33138494514568645, ""adhd_inattentive.emotional.shame"": 0.203409559088113, ""base_cognitive.att_bandwidth"": 3, ""base_cognitive.conflict_tendency"": 0.0934800528826064, ""base_cognitive.importance_trigger"": 110.19313433282358, ""base_cognitive.impulse_override"": 0.07076430757966098, ""base_cognitive.plan_consistency"": 0.9416247894083064, ""base_cognitive.recency_decay"": 0.9813940947816361, ""base_cognitive.retention"": 4, ""base_cognitive.social_sensitivity"": 0.4761859545001581, ""base_cognitive.task_initiation_delay"": 0.07397652541369694, ""base_cognitive.vision_r"": 4, ""base_emotional.anger"": 0.13504105505575914, ""base_emotional.anxiety"": 0.14516002538691236, ""base_emotional.excitement"": 0.22198431496393686, ""base_emotional.frustration"": 0.11911585096052014, ""base_emotional.loneliness"": 0.09987935878154212, ""base_emotional.self_esteem"": 0.6895598892947989, ""base_emotional.shame"": 0.05263157554300955, ""base_emotional.trust_in_teacher"": 0.7237898793634739}"		
1778047248.885	3	37	0.936739	0.804527	0.885058	0.000000	"{""adhd_hyperactive_impulsive.cognitive.conflict_tendency"": 0.22882969276440668, ""adhd_hyperactive_impulsive.cognitive.impulse_override"": 0.3074232509756705, ""adhd_hyperactive_impulsive.cognitive.plan_consistency"": -0.5390187284694261, ""adhd_hyperactive_impulsive.emotional.anger"": 0.2184544758370684, ""adhd_hyperactive_impulsive.emotional.excitement"": 0.17279550844295077, ""adhd_inattentive.cognitive.att_bandwidth"": -3, ""adhd_inattentive.cognitive.plan_consistency"": -0.38633092550061165, ""adhd_inattentive.cognitive.retention"": -2, ""adhd_inattentive.cognitive.task_initiation_delay"": 0.3944835822130157, ""adhd_inattentive.emotional.frustration"": 0.18168558268763269, ""adhd_inattentive.emotional.self_esteem"": -0.20129653949616788, ""adhd_inattentive.emotional.shame"": 0.23848570355259124, ""base_cognitive.att_bandwidth"": 3, ""base_cognitive.conflict_tendency"": 0.10563735181218178, ""base_cognitive.importance_trigger"": 132.27923684009932, ""base_cognitive.impulse_override"": 0.08406487930906482, ""base_cognitive.plan_consistency"": 0.7563366122635342, ""base_cognitive.recency_decay"": 0.9841750601719719, ""base_cognitive.retention"": 4, ""base_cognitive.social_sensitivity"": 0.455235884487812, ""base_cognitive.task_initiation_delay"": 0.08547906112490716, ""base_cognitive.vision_r"": 3, ""base_emotional.anger"": 0.10397256818195975, ""base_emotional.anxiety"": 0.1424201889442521, ""base_emotional.excitement"": 0.26999553851269176, ""base_emotional.frustration"": 0.12687650211422158, ""base_emotional.loneliness"": 0.03304358651856921, ""base_emotional.self_esteem"": 0.6553870566537141, ""base_emotional.shame"": 0.0889095537011462, ""base_emotional.trust_in_teacher"": 0.618204743506064}"		
1778047249.402	3	38	0.909062	0.813654	0.802174	0.000000	"{""adhd_hyperactive_impulsive.cognitive.conflict_tendency"": 0.1510373228987661, ""adhd_hyperactive_impulsive.cognitive.impulse_override"": 0.2876343520839356, ""adhd_hyperactive_impulsive.cognitive.plan_consistency"": -0.5070385272646011, ""adhd_hyperactive_impulsive.emotional.anger"": 0.2420055203095674, ""adhd_hyperactive_impulsive.emotional.excitement"": 0.16209270883569188, ""adhd_inattentive.cognitive.att_bandwidth"": -3, ""adhd_inattentive.cognitive.plan_consistency"": -0.35803339257655925, ""adhd_inattentive.cognitive.retention"": -3, ""adhd_inattentive.cognitive.task_initiation_delay"": 0.4601435448055561, ""adhd_inattentive.emotional.frustration"": 0.13171116369116295, ""adhd_inattentive.emotional.self_esteem"": -0.24495613400214458, ""adhd_inattentive.emotional.shame"": 0.1917467314719138, ""base_cognitive.att_bandwidth"": 3, ""base_cognitive.conflict_tendency"": 0.03987033969566085, ""base_cognitive.importance_trigger"": 121.2476995645847, ""base_cognitive.impulse_override"": 0.09060607174547507, ""base_cognitive.plan_consistency"": 0.9396216994231932, ""base_cognitive.recency_decay"": 0.9928868955009036, ""base_cognitive.retention"": 4, ""base_cognitive.social_sensitivity"": 0.35848418591658004, ""base_cognitive.task_initiation_delay"": 0.015956861328897887, ""base_cognitive.vision_r"": 3, ""base_emotional.anger"": 0.11561035918358153, ""base_emotional.anxiety"": 0.12377706526845812, ""base_emotional.excitement"": 0.23549750776957196, ""base_emotional.frustration"": 0.07565738542598817, ""base_emotional.loneliness"": 0.13021833193745183, ""base_emotional.self_esteem"": 0.742342231481294, ""base_emotional.shame"": 0.11515234480853163, ""base_emotional.trust_in_teacher"": 0.7967166574915672}"		
1778047249.905	3	39	0.921338	0.808180	0.841076	0.000000	"{""adhd_hyperactive_impulsive.cognitive.conflict_tendency"": 0.1471238422053372, ""adhd_hyperactive_impulsive.cognitive.impulse_override"": 0.3856554310868753, ""adhd_hyperactive_impulsive.cognitive.plan_consistency"": -0.5238945993069788, ""adhd_hyperactive_impulsive.emotional.anger"": 0.21542477923344983, ""adhd_hyperactive_impulsive.emotional.excitement"": 0.11120916971999553, ""adhd_inattentive.cognitive.att_bandwidth"": -2, ""adhd_inattentive.cognitive.plan_consistency"": -0.42379644079337003, ""adhd_inattentive.cognitive.retention"": -4, ""adhd_inattentive.cognitive.task_initiation_delay"": 0.4805605552522089, ""adhd_inattentive.emotional.frustration"": 0.12584564718592625, ""adhd_inattentive.emotional.self_esteem"": -0.20240948352065513, ""adhd_inattentive.emotional.shame"": 0.13177574291536973, ""base_cognitive.att_bandwidth"": 3, ""base_cognitive.conflict_tendency"": 0.047347596410307495, ""base_cognitive.importance_trigger"": 146.48712131715783, ""base_cognitive.impulse_override"": 0.09257220554227519, ""base_cognitive.plan_consistency"": 0.8394035520686917, ""base_cognitive.recency_decay"": 0.9829655151633917, ""base_cognitive.retention"": 4, ""base_cognitive.social_sensitivity"": 0.4580281457112989, ""base_cognitive.task_initiation_delay"": 0.0064308489554886555, ""base_cognitive.vision_r"": 4, ""base_emotional.anger"": 0.04618281349703067, ""base_emotional.anxiety"": 0.08962642546163918, ""base_emotional.excitement"": 0.218059376249243, ""base_emotional.frustration"": 0.18575120319360516, ""base_emotional.loneliness"": 0.10797426191189431, ""base_emotional.self_esteem"": 0.6723801166839346, ""base_emotional.shame"": 0.08900118627957536, ""base_emotional.trust_in_teacher"": 0.6717644880570586}"		
1778047250.433	3	40	0.905145	0.813352	0.792835	0.000000	"{""adhd_hyperactive_impulsive.cognitive.conflict_tendency"": 0.2161414843030102, ""adhd_hyperactive_impulsive.cognitive.impulse_override"": 0.30841161377678683, ""adhd_hyperactive_impulsive.cognitive.plan_consistency"": -0.4355813296400104, ""adhd_hyperactive_impulsive.emotional.anger"": 0.15581124912264382, ""adhd_hyperactive_impulsive.emotional.excitement"": 0.20990670519687496, ""adhd_inattentive.cognitive.att_bandwidth"": -2, ""adhd_inattentive.cognitive.plan_consistency"": -0.2815391223387618, ""adhd_inattentive.cognitive.retention"": -2, ""adhd_inattentive.cognitive.task_initiation_delay"": 0.43113155998928554, ""adhd_inattentive.emotional.frustration"": 0.1977264040256402, ""adhd_inattentive.emotional.self_esteem"": -0.22757881855738463, ""adhd_inattentive.emotional.shame"": 0.1259555272546873, ""base_cognitive.att_bandwidth"": 4, ""base_cognitive.conflict_tendency"": 0.09850337421182515, ""base_cognitive.importance_trigger"": 169.58735049618923, ""base_cognitive.impulse_override"": 0.05641807025061196, ""base_cognitive.plan_consistency"": 0.8799898878996274, ""base_cognitive.recency_decay"": 0.9889406534768052, ""base_cognitive.retention"": 4, ""base_cognitive.social_sensitivity"": 0.32943284899508785, ""base_cognitive.task_initiation_delay"": 0.06772010449391774, ""base_cognitive.vision_r"": 4, ""base_emotional.anger"": 0.09536053303282538, ""base_emotional.anxiety"": 0.06674145810490861, ""base_emotional.excitement"": 0.19455679813412818, ""base_emotional.frustration"": 0.09179404477222308, ""base_emotional.loneliness"": 0.11034794431130107, ""base_emotional.self_esteem"": 0.6556830056853188, ""base_emotional.shame"": 0.05820518392197448, ""base_emotional.trust_in_teacher"": 0.7726811783883131}"		
1778047251.085	3	41	0.733590	0.512433	0.815327	0.000000	"{""adhd_hyperactive_impulsive.cognitive.conflict_tendency"": 0.1781771070248121, ""adhd_hyperactive_impulsive.cognitive.impulse_override"": 0.30397281020425737, ""adhd_hyperactive_impulsive.cognitive.plan_consistency"": -0.3689195031266732, ""adhd_hyperactive_impulsive.emotional.anger"": 0.1376659759411715, ""adhd_hyperactive_impulsive.emotional.excitement"": 0.20172109079775263, ""adhd_inattentive.cognitive.att_bandwidth"": -3, ""adhd_inattentive.cognitive.plan_consistency"": -0.285216254854744, ""adhd_inattentive.cognitive.retention"": -3, ""adhd_inattentive.cognitive.task_initiation_delay"": 0.40855385344424316, ""adhd_inattentive.emotional.frustration"": 0.22645863695920904, ""adhd_inattentive.emotional.self_esteem"": -0.30427563151591797, ""adhd_inattentive.emotional.shame"": 0.13670023242600796, ""base_cognitive.att_bandwidth"": 4, ""base_cognitive.conflict_tendency"": 0.10437891648728752, ""base_cognitive.importance_trigger"": 103.89283246538427, ""base_cognitive.impulse_override"": 0.10029170585986347, ""base_cognitive.plan_consistency"": 0.7718938025857383, ""base_cognitive.recency_decay"": 0.9887575194679739, ""base_cognitive.retention"": 6, ""base_cognitive.social_sensitivity"": 0.30756542652531754, ""base_cognitive.task_initiation_delay"": 0.0270756019029765, ""base_cognitive.vision_r"": 3, ""base_emotional.anger"": 0.0915788077165996, ""base_emotional.anxiety"": 0.16215479114559456, ""base_emotional.excitement"": 0.15942973700009713, ""base_emotional.frustration"": 0.15811370665160257, ""base_emotional.loneliness"": 0.11196987281286509, ""base_emotional.self_esteem"": 0.6582951846657796, ""base_emotional.shame"": 0.09078687436921865, ""base_emotional.trust_in_teacher"": 0.6264600305673689}"		
1778047251.565	3	42	0.915909	0.812378	0.821205	0.000000	"{""adhd_hyperactive_impulsive.cognitive.conflict_tendency"": 0.1854482445494914, ""adhd_hyperactive_impulsive.cognitive.impulse_override"": 0.3895852884215808, ""adhd_hyperactive_impulsive.cognitive.plan_consistency"": -0.4574356232865008, ""adhd_hyperactive_impulsive.emotional.anger"": 0.12454665966050081, ""adhd_hyperactive_impulsive.emotional.excitement"": 0.2016251584435979, ""adhd_inattentive.cognitive.att_bandwidth"": -2, ""adhd_inattentive.cognitive.plan_consistency"": -0.4420210000610766, ""adhd_inattentive.cognitive.retention"": -4, ""adhd_inattentive.cognitive.task_initiation_delay"": 0.4993282227537911, ""adhd_inattentive.emotional.frustration"": 0.1847686546983049, ""adhd_inattentive.emotional.self_esteem"": -0.27169185707067256, ""adhd_inattentive.emotional.shame"": 0.19797257088134831, ""base_cognitive.att_bandwidth"": 2, ""base_cognitive.conflict_tendency"": 0.11720679463982817, ""base_cognitive.importance_trigger"": 114.95164690253769, ""base_cognitive.impulse_override"": 0.05971798689708939, ""base_cognitive.plan_consistency"": 0.9424142152533356, ""base_cognitive.recency_decay"": 0.9857108205821804, ""base_cognitive.retention"": 4, ""base_cognitive.social_sensitivity"": 0.48734636047416896, ""base_cognitive.task_initiation_delay"": 0.0034860672285705555, ""base_cognitive.vision_r"": 3, ""base_emotional.anger"": 0.03635552727339043, ""base_emotional.anxiety"": 0.09343116750840066, ""base_emotional.excitement"": 0.1992764832559681, ""base_emotional.frustration"": 0.060061131193252876, ""base_emotional.loneliness"": 0.12595809225139287, ""base_emotional.self_esteem"": 0.6139710144520413, ""base_emotional.shame"": 0.10885957997349045, ""base_emotional.trust_in_teacher"": 0.6350412682979804}"		
1778047252.083	3	43	0.901092	0.812736	0.783626	0.000000	"{""adhd_hyperactive_impulsive.cognitive.conflict_tendency"": 0.17538330055955714, ""adhd_hyperactive_impulsive.cognitive.impulse_override"": 0.30356450610621877, ""adhd_hyperactive_impulsive.cognitive.plan_consistency"": -0.4395983206942844, ""adhd_hyperactive_impulsive.emotional.anger"": 0.16993247700371933, ""adhd_hyperactive_impulsive.emotional.excitement"": 0.15874188125365932, ""adhd_inattentive.cognitive.att_bandwidth"": -3, ""adhd_inattentive.cognitive.plan_consistency"": -0.26659116777421776, ""adhd_inattentive.cognitive.retention"": -4, ""adhd_inattentive.cognitive.task_initiation_delay"": 0.3773633420411396, ""adhd_inattentive.emotional.frustration"": 0.17638166528726873, ""adhd_inattentive.emotional.self_esteem"": -0.2242108968046159, ""adhd_inattentive.emotional.shame"": 0.2355047256460904, ""base_cognitive.att_bandwidth"": 2, ""base_cognitive.conflict_tendency"": 0.09177456386006928, ""base_cognitive.importance_trigger"": 164.95412250580057, ""base_cognitive.impulse_override"": 0.05402154230665866, ""base_cognitive.plan_consistency"": 0.8548986083670123, ""base_cognitive.recency_decay"": 0.9878876754582153, ""base_cognitive.retention"": 5, ""base_cognitive.social_sensitivity"": 0.3633524957284227, ""base_cognitive.task_initiation_delay"": 0.07057613655822248, ""base_cognitive.vision_r"": 5, ""base_emotional.anger"": 0.11515993143804211, ""base_emotional.anxiety"": 0.0929082413889544, ""base_emotional.excitement"": 0.21953439494291332, ""base_emotional.frustration"": 0.12717761792056234, ""base_emotional.loneliness"": 0.11771171030229956, ""base_emotional.self_esteem"": 0.7999466867337792, ""base_emotional.shame"": 0.1444764336512221, ""base_emotional.trust_in_teacher"": 0.6377744757261884}"		
1778047252.733	3	44	0.899802	0.797422	0.803372	0.000000	"{""adhd_hyperactive_impulsive.cognitive.conflict_tendency"": 0.12142659471037007, ""adhd_hyperactive_impulsive.cognitive.impulse_override"": 0.35283308262812874, ""adhd_hyperactive_impulsive.cognitive.plan_consistency"": -0.40700463790236696, ""adhd_hyperactive_impulsive.emotional.anger"": 0.1684602150553414, ""adhd_hyperactive_impulsive.emotional.excitement"": 0.22382438455492293, ""adhd_inattentive.cognitive.att_bandwidth"": -3, ""adhd_inattentive.cognitive.plan_consistency"": -0.39142851458985084, ""adhd_inattentive.cognitive.retention"": -2, ""adhd_inattentive.cognitive.task_initiation_delay"": 0.49149169599726056, ""adhd_inattentive.emotional.frustration"": 0.12521416976187105, ""adhd_inattentive.emotional.self_esteem"": -0.3327627151777902, ""adhd_inattentive.emotional.shame"": 0.16547640425928184, ""base_cognitive.att_bandwidth"": 4, ""base_cognitive.conflict_tendency"": 0.07173206545486516, ""base_cognitive.importance_trigger"": 110.84199315556245, ""base_cognitive.impulse_override"": 0.1121970779733923, ""base_cognitive.plan_consistency"": 0.9275284027426313, ""base_cognitive.recency_decay"": 0.9916461108962026, ""base_cognitive.retention"": 6, ""base_cognitive.social_sensitivity"": 0.3710433914028188, ""base_cognitive.task_initiation_delay"": 0.024126979858510058, ""base_cognitive.vision_r"": 3, ""base_emotional.anger"": 0.13241638932326993, ""base_emotional.anxiety"": 0.15633382749529595, ""base_emotional.excitement"": 0.26853008568747916, ""base_emotional.frustration"": 0.07364928824408258, ""base_emotional.loneliness"": 0.0464021511170522, ""base_emotional.self_esteem"": 0.6390277987068178, ""base_emotional.shame"": 0.14148078111234483, ""base_emotional.trust_in_teacher"": 0.665716287354567}"		
1778047253.325	3	45	0.744258	0.540832	0.799397	0.000000	"{""adhd_hyperactive_impulsive.cognitive.conflict_tendency"": 0.22114800354323955, ""adhd_hyperactive_impulsive.cognitive.impulse_override"": 0.309069830876687, ""adhd_hyperactive_impulsive.cognitive.plan_consistency"": -0.4285270376651844, ""adhd_hyperactive_impulsive.emotional.anger"": 0.21894512002231575, ""adhd_hyperactive_impulsive.emotional.excitement"": 0.22829770838298502, ""adhd_inattentive.cognitive.att_bandwidth"": -3, ""adhd_inattentive.cognitive.plan_consistency"": -0.2582757774966109, ""adhd_inattentive.cognitive.retention"": -3, ""adhd_inattentive.cognitive.task_initiation_delay"": 0.4582144231498284, ""adhd_inattentive.emotional.frustration"": 0.19360774965517583, ""adhd_inattentive.emotional.self_esteem"": -0.2125288250127993, ""adhd_inattentive.emotional.shame"": 0.11513395511364033, ""base_cognitive.att_bandwidth"": 2, ""base_cognitive.conflict_tendency"": 0.08088378331134136, ""base_cognitive.importance_trigger"": 158.15787036281392, ""base_cognitive.impulse_override"": 0.10385590843064291, ""base_cognitive.plan_consistency"": 0.8359172885630201, ""base_cognitive.recency_decay"": 0.994453826846829, ""base_cognitive.retention"": 6, ""base_cognitive.social_sensitivity"": 0.595271040950136, ""base_cognitive.task_initiation_delay"": 0.036665166594032954, ""base_cognitive.vision_r"": 4, ""base_emotional.anger"": 0.055161526112222095, ""base_emotional.anxiety"": 0.05245715643168045, ""base_emotional.excitement"": 0.15756451549769318, ""base_emotional.frustration"": 0.19820962134820397, ""base_emotional.loneliness"": 0.11598744000126338, ""base_emotional.self_esteem"": 0.6785707947181595, ""base_emotional.shame"": 0.11556887610679188, ""base_emotional.trust_in_teacher"": 0.7287325266757638}"		
1778047253.811	3	46	0.850174	0.727873	0.783626	0.000000	"{""adhd_hyperactive_impulsive.cognitive.conflict_tendency"": 0.1151726966631016, ""adhd_hyperactive_impulsive.cognitive.impulse_override"": 0.34878378214574657, ""adhd_hyperactive_impulsive.cognitive.plan_consistency"": -0.49145740702201296, ""adhd_hyperactive_impulsive.emotional.anger"": 0.22209723870705533, ""adhd_hyperactive_impulsive.emotional.excitement"": 0.19511132518904317, ""adhd_inattentive.cognitive.att_bandwidth"": -1, ""adhd_inattentive.cognitive.plan_consistency"": -0.267270092709052, ""adhd_inattentive.cognitive.retention"": -2, ""adhd_inattentive.cognitive.task_initiation_delay"": 0.4523943473537413, ""adhd_inattentive.emotional.frustration"": 0.23633805102705405, ""adhd_inattentive.emotional.self_esteem"": -0.1875715413457524, ""adhd_inattentive.emotional.shame"": 0.23223602295841408, ""base_cognitive.att_bandwidth"": 2, ""base_cognitive.conflict_tendency"": 0.06397367539220664, ""base_cognitive.importance_trigger"": 149.35250505120626, ""base_cognitive.impulse_override"": 0.09939589959715782, ""base_cognitive.plan_consistency"": 0.8867722596000406, ""base_cognitive.recency_decay"": 0.9932876538087311, ""base_cognitive.retention"": 4, ""base_cognitive.social_sensitivity"": 0.596340227095012, ""base_cognitive.task_initiation_delay"": 0.00945181891259499, ""base_cognitive.vision_r"": 5, ""base_emotional.anger"": 0.07398593454923114, ""base_emotional.anxiety"": 0.15492399266187754, ""base_emotional.excitement"": 0.273505078856856, ""base_emotional.frustration"": 0.14103428453907196, ""base_emotional.loneliness"": 0.03529681749778493, ""base_emotional.self_esteem"": 0.7452523477430676, ""base_emotional.shame"": 0.14551189167098078, ""base_emotional.trust_in_teacher"": 0.6404030451160225}"		
1778047254.381	3	47	0.899199	0.783782	0.822325	0.000000	"{""adhd_hyperactive_impulsive.cognitive.conflict_tendency"": 0.24325253866626392, ""adhd_hyperactive_impulsive.cognitive.impulse_override"": 0.346893473488464, ""adhd_hyperactive_impulsive.cognitive.plan_consistency"": -0.49537422163209266, ""adhd_hyperactive_impulsive.emotional.anger"": 0.1638452394136319, ""adhd_hyperactive_impulsive.emotional.excitement"": 0.2406509828997968, ""adhd_inattentive.cognitive.att_bandwidth"": -1, ""adhd_inattentive.cognitive.plan_consistency"": -0.356779394040505, ""adhd_inattentive.cognitive.retention"": -4, ""adhd_inattentive.cognitive.task_initiation_delay"": 0.3638547218936464, ""adhd_inattentive.emotional.frustration"": 0.18768105319013317, ""adhd_inattentive.emotional.self_esteem"": -0.2743025014554207, ""adhd_inattentive.emotional.shame"": 0.23770167938695888, ""base_cognitive.att_bandwidth"": 2, ""base_cognitive.conflict_tendency"": 0.09418613904398657, ""base_cognitive.importance_trigger"": 114.61101987829528, ""base_cognitive.impulse_override"": 0.07982934709141118, ""base_cognitive.plan_consistency"": 0.8794595890060596, ""base_cognitive.recency_decay"": 0.9862676106791377, ""base_cognitive.retention"": 6, ""base_cognitive.social_sensitivity"": 0.30175059924327324, ""base_cognitive.task_initiation_delay"": 0.029074738374783162, ""base_cognitive.vision_r"": 3, ""base_emotional.anger"": 0.11709891629977517, ""base_emotional.anxiety"": 0.12704483425825835, ""base_emotional.excitement"": 0.2762610644090495, ""base_emotional.frustration"": 0.13088876891814485, ""base_emotional.loneliness"": 0.043908532548732254, ""base_emotional.self_esteem"": 0.7904961801139337, ""base_emotional.shame"": 0.03004790015962837, ""base_emotional.trust_in_teacher"": 0.7985771563105385}"		
1778047255.013	3	48	0.776676	0.586521	0.811909	0.000000	"{""adhd_hyperactive_impulsive.cognitive.conflict_tendency"": 0.2363251027070645, ""adhd_hyperactive_impulsive.cognitive.impulse_override"": 0.32445011861677264, ""adhd_hyperactive_impulsive.cognitive.plan_consistency"": -0.533308029280006, ""adhd_hyperactive_impulsive.emotional.anger"": 0.13529900131544975, ""adhd_hyperactive_impulsive.emotional.excitement"": 0.20340796567091735, ""adhd_inattentive.cognitive.att_bandwidth"": -2, ""adhd_inattentive.cognitive.plan_consistency"": -0.3752168125769895, ""adhd_inattentive.cognitive.retention"": -3, ""adhd_inattentive.cognitive.task_initiation_delay"": 0.4737776376960497, ""adhd_inattentive.emotional.frustration"": 0.20495965556095191, ""adhd_inattentive.emotional.self_esteem"": -0.2131396251615085, ""adhd_inattentive.emotional.shame"": 0.21906081911388336, ""base_cognitive.att_bandwidth"": 4, ""base_cognitive.conflict_tendency"": 0.04250843292043763, ""base_cognitive.importance_trigger"": 109.04032057996623, ""base_cognitive.impulse_override"": 0.06854861729604986, ""base_cognitive.plan_consistency"": 0.9423714364350624, ""base_cognitive.recency_decay"": 0.9925717437156929, ""base_cognitive.retention"": 6, ""base_cognitive.social_sensitivity"": 0.46348802167115766, ""base_cognitive.task_initiation_delay"": 0.09974867335979205, ""base_cognitive.vision_r"": 3, ""base_emotional.anger"": 0.05823038894262872, ""base_emotional.anxiety"": 0.10839971197348869, ""base_emotional.excitement"": 0.2067431800972495, ""base_emotional.frustration"": 0.19726077861650443, ""base_emotional.loneliness"": 0.06164147456773798, ""base_emotional.self_esteem"": 0.7880477661141592, ""base_emotional.shame"": 0.13747554613083693, ""base_emotional.trust_in_teacher"": 0.6882620471460187}"		
1778047255.542	3	49	0.910300	0.811526	0.808461	0.000000	"{""adhd_hyperactive_impulsive.cognitive.conflict_tendency"": 0.16305156224186929, ""adhd_hyperactive_impulsive.cognitive.impulse_override"": 0.37045956849870393, ""adhd_hyperactive_impulsive.cognitive.plan_consistency"": -0.5145290413115522, ""adhd_hyperactive_impulsive.emotional.anger"": 0.21081652506275922, ""adhd_hyperactive_impulsive.emotional.excitement"": 0.17683961147795596, ""adhd_inattentive.cognitive.att_bandwidth"": -1, ""adhd_inattentive.cognitive.plan_consistency"": -0.34018533809682094, ""adhd_inattentive.cognitive.retention"": -3, ""adhd_inattentive.cognitive.task_initiation_delay"": 0.4823289316066802, ""adhd_inattentive.emotional.frustration"": 0.19475052708516882, ""adhd_inattentive.emotional.self_esteem"": -0.18137306569959438, ""adhd_inattentive.emotional.shame"": 0.20872322711246877, ""base_cognitive.att_bandwidth"": 3, ""base_cognitive.conflict_tendency"": 0.06653269689465383, ""base_cognitive.importance_trigger"": 106.48052735282795, ""base_cognitive.impulse_override"": 0.041914919668861905, ""base_cognitive.plan_consistency"": 0.8778693718928886, ""base_cognitive.recency_decay"": 0.9919955495970326, ""base_cognitive.retention"": 4, ""base_cognitive.social_sensitivity"": 0.4989598902627788, ""base_cognitive.task_initiation_delay"": 0.026593272019413507, ""base_cognitive.vision_r"": 4, ""base_emotional.anger"": 0.12810170127567616, ""base_emotional.anxiety"": 0.08509476896141734, ""base_emotional.excitement"": 0.22985972908381044, ""base_emotional.frustration"": 0.13195682040998263, ""base_emotional.loneliness"": 0.126147742461362, ""base_emotional.self_esteem"": 0.6395355646243768, ""base_emotional.shame"": 0.11584044089566312, ""base_emotional.trust_in_teacher"": 0.6581820611091331}"		
1778047256.057	3	50	0.914285	0.805665	0.827217	0.000000	"{""adhd_hyperactive_impulsive.cognitive.conflict_tendency"": 0.2408090910786228, ""adhd_hyperactive_impulsive.cognitive.impulse_override"": 0.36278066187198893, ""adhd_hyperactive_impulsive.cognitive.plan_consistency"": -0.44077313204691737, ""adhd_hyperactive_impulsive.emotional.anger"": 0.20992272514357022, ""adhd_hyperactive_impulsive.emotional.excitement"": 0.15902932311567775, ""adhd_inattentive.cognitive.att_bandwidth"": -1, ""adhd_inattentive.cognitive.plan_consistency"": -0.41398233417468394, ""adhd_inattentive.cognitive.retention"": -4, ""adhd_inattentive.cognitive.task_initiation_delay"": 0.4420996934521367, ""adhd_inattentive.emotional.frustration"": 0.14523890694556882, ""adhd_inattentive.emotional.self_esteem"": -0.3019047126921144, ""adhd_inattentive.emotional.shame"": 0.13790766886221564, ""base_cognitive.att_bandwidth"": 3, ""base_cognitive.conflict_tendency"": 0.05594583153966157, ""base_cognitive.importance_trigger"": 136.2027064124204, ""base_cognitive.impulse_override"": 0.04717165914222639, ""base_cognitive.plan_consistency"": 0.9466136279706798, ""base_cognitive.recency_decay"": 0.9857369976934011, ""base_cognitive.retention"": 4, ""base_cognitive.social_sensitivity"": 0.5455062054810409, ""base_cognitive.task_initiation_delay"": 0.03139416971883324, ""base_cognitive.vision_r"": 4, ""base_emotional.anger"": 0.13009575634165246, ""base_emotional.anxiety"": 0.051151522456324754, ""base_emotional.excitement"": 0.1672826035973009, ""base_emotional.frustration"": 0.06670634559307197, ""base_emotional.loneliness"": 0.08238560825931082, ""base_emotional.self_esteem"": 0.7222144172273542, ""base_emotional.shame"": 0.033072331674732794, ""base_emotional.trust_in_teacher"": 0.7345446825914794}"		
1778047256.628	3	51	0.922025	0.813051	0.835487	0.000000	"{""adhd_hyperactive_impulsive.cognitive.conflict_tendency"": 0.1760021524315637, ""adhd_hyperactive_impulsive.cognitive.impulse_override"": 0.35027167696086786, ""adhd_hyperactive_impulsive.cognitive.plan_consistency"": -0.36132122380385856, ""adhd_hyperactive_impulsive.emotional.anger"": 0.2289049397680853, ""adhd_hyperactive_impulsive.emotional.excitement"": 0.2077937845053145, ""adhd_inattentive.cognitive.att_bandwidth"": -2, ""adhd_inattentive.cognitive.plan_consistency"": -0.4136208087423051, ""adhd_inattentive.cognitive.retention"": -4, ""adhd_inattentive.cognitive.task_initiation_delay"": 0.3156574763916918, ""adhd_inattentive.emotional.frustration"": 0.1576963873662438, ""adhd_inattentive.emotional.self_esteem"": -0.3483865122410477, ""adhd_inattentive.emotional.shame"": 0.1979789953397328, ""base_cognitive.att_bandwidth"": 2, ""base_cognitive.conflict_tendency"": 0.04152373719661239, ""base_cognitive.importance_trigger"": 112.17248173657248, ""base_cognitive.impulse_override"": 0.06021379209625809, ""base_cognitive.plan_consistency"": 0.8568738120422857, ""base_cognitive.recency_decay"": 0.9891200493728711, ""base_cognitive.retention"": 6, ""base_cognitive.social_sensitivity"": 0.3251431795738664, ""base_cognitive.task_initiation_delay"": 0.0689783783558181, ""base_cognitive.vision_r"": 5, ""base_emotional.anger"": 0.10236963838311287, ""base_emotional.anxiety"": 0.08081518488473816, ""base_emotional.excitement"": 0.21371686403660822, ""base_emotional.frustration"": 0.09395051004040655, ""base_emotional.loneliness"": 0.08505719861929079, ""base_emotional.self_esteem"": 0.7127830450848837, ""base_emotional.shame"": 0.09193060902588124, ""base_emotional.trust_in_teacher"": 0.7748145020747285}"		
1778047257.139	3	52	0.746648	0.525179	0.828851	0.000000	"{""adhd_hyperactive_impulsive.cognitive.conflict_tendency"": 0.19838211980368287, ""adhd_hyperactive_impulsive.cognitive.impulse_override"": 0.35141665136254513, ""adhd_hyperactive_impulsive.cognitive.plan_consistency"": -0.5181603348454431, ""adhd_hyperactive_impulsive.emotional.anger"": 0.20860879883160352, ""adhd_hyperactive_impulsive.emotional.excitement"": 0.1073013996984358, ""adhd_inattentive.cognitive.att_bandwidth"": -1, ""adhd_inattentive.cognitive.plan_consistency"": -0.37243681933987893, ""adhd_inattentive.cognitive.retention"": -3, ""adhd_inattentive.cognitive.task_initiation_delay"": 0.3466749320099565, ""adhd_inattentive.emotional.frustration"": 0.22250713443751396, ""adhd_inattentive.emotional.self_esteem"": -0.20391585058863865, ""adhd_inattentive.emotional.shame"": 0.23449634635766323, ""base_cognitive.att_bandwidth"": 3, ""base_cognitive.conflict_tendency"": 0.07441753981302747, ""base_cognitive.importance_trigger"": 110.01652578527728, ""base_cognitive.impulse_override"": 0.060285532712358134, ""base_cognitive.plan_consistency"": 0.8518735315997866, ""base_cognitive.recency_decay"": 0.9889624004631977, ""base_cognitive.retention"": 4, ""base_cognitive.social_sensitivity"": 0.5918500216723709, ""base_cognitive.task_initiation_delay"": 0.03277286897927241, ""base_cognitive.vision_r"": 3, ""base_emotional.anger"": 0.05007268653291559, ""base_emotional.anxiety"": 0.0968842029585083, ""base_emotional.excitement"": 0.2489218951396839, ""base_emotional.frustration"": 0.1608091352537559, ""base_emotional.loneliness"": 0.07131741182912157, ""base_emotional.self_esteem"": 0.7492239335776002, ""base_emotional.shame"": 0.04060129367468231, ""base_emotional.trust_in_teacher"": 0.7945455883864869}"		
1778047257.725	3	53	0.756531	0.522829	0.857085	0.000000	"{""adhd_hyperactive_impulsive.cognitive.conflict_tendency"": 0.23744748196908202, ""adhd_hyperactive_impulsive.cognitive.impulse_override"": 0.27786772218067407, ""adhd_hyperactive_impulsive.cognitive.plan_consistency"": -0.4924620688840575, ""adhd_hyperactive_impulsive.emotional.anger"": 0.1879885350097681, ""adhd_hyperactive_impulsive.emotional.excitement"": 0.11329821814724886, ""adhd_inattentive.cognitive.att_bandwidth"": -2, ""adhd_inattentive.cognitive.plan_consistency"": -0.412474356050645, ""adhd_inattentive.cognitive.retention"": -3, ""adhd_inattentive.cognitive.task_initiation_delay"": 0.33023808685718625, ""adhd_inattentive.emotional.frustration"": 0.21691566866749923, ""adhd_inattentive.emotional.self_esteem"": -0.3466750060345733, ""adhd_inattentive.emotional.shame"": 0.12409272484668248, ""base_cognitive.att_bandwidth"": 4, ""base_cognitive.conflict_tendency"": 0.08487208665183925, ""base_cognitive.importance_trigger"": 109.12190866862085, ""base_cognitive.impulse_override"": 0.03746203545519346, ""base_cognitive.plan_consistency"": 0.8233329061569485, ""base_cognitive.recency_decay"": 0.9886489869384262, ""base_cognitive.retention"": 5, ""base_cognitive.social_sensitivity"": 0.41036188297185694, ""base_cognitive.task_initiation_delay"": 0.027450590031638578, ""base_cognitive.vision_r"": 3, ""base_emotional.anger"": 0.061119114757783345, ""base_emotional.anxiety"": 0.12366153554442112, ""base_emotional.excitement"": 0.23452699470321292, ""base_emotional.frustration"": 0.11700346789522229, ""base_emotional.loneliness"": 0.13345153685714184, ""base_emotional.self_esteem"": 0.7359931864045632, ""base_emotional.shame"": 0.0993546620358609, ""base_emotional.trust_in_teacher"": 0.5567040805667534}"		
1778047258.309	3	54	0.919174	0.810194	0.832644	0.000000	"{""adhd_hyperactive_impulsive.cognitive.conflict_tendency"": 0.14014482223062488, ""adhd_hyperactive_impulsive.cognitive.impulse_override"": 0.25071097841877177, ""adhd_hyperactive_impulsive.cognitive.plan_consistency"": -0.37998949159092316, ""adhd_hyperactive_impulsive.emotional.anger"": 0.1237723200861343, ""adhd_hyperactive_impulsive.emotional.excitement"": 0.17815296899520933, ""adhd_inattentive.cognitive.att_bandwidth"": -2, ""adhd_inattentive.cognitive.plan_consistency"": -0.4028056828458348, ""adhd_inattentive.cognitive.retention"": -3, ""adhd_inattentive.cognitive.task_initiation_delay"": 0.3201516291244422, ""adhd_inattentive.emotional.frustration"": 0.22173677035045683, ""adhd_inattentive.emotional.self_esteem"": -0.19867844533332618, ""adhd_inattentive.emotional.shame"": 0.21554336783008954, ""base_cognitive.att_bandwidth"": 2, ""base_cognitive.conflict_tendency"": 0.09247012249426217, ""base_cognitive.importance_trigger"": 124.60644749279263, ""base_cognitive.impulse_override"": 0.11446297794338367, ""base_cognitive.plan_consistency"": 0.917054476644057, ""base_cognitive.recency_decay"": 0.981552577400838, ""base_cognitive.retention"": 6, ""base_cognitive.social_sensitivity"": 0.502168824346213, ""base_cognitive.task_initiation_delay"": 0.0739933142885577, ""base_cognitive.vision_r"": 3, ""base_emotional.anger"": 0.09335549478149259, ""base_emotional.anxiety"": 0.07578629879777476, ""base_emotional.excitement"": 0.2666486839996547, ""base_emotional.frustration"": 0.10411923797172638, ""base_emotional.loneliness"": 0.05802766648647037, ""base_emotional.self_esteem"": 0.776886102748059, ""base_emotional.shame"": 0.1299465612046883, ""base_emotional.trust_in_teacher"": 0.6925816585941786}"		
1778047258.827	3	55	0.758463	0.524148	0.859934	0.000000	"{""adhd_hyperactive_impulsive.cognitive.conflict_tendency"": 0.1674411156851218, ""adhd_hyperactive_impulsive.cognitive.impulse_override"": 0.3873811932376279, ""adhd_hyperactive_impulsive.cognitive.plan_consistency"": -0.5061449545197892, ""adhd_hyperactive_impulsive.emotional.anger"": 0.24180935229323064, ""adhd_hyperactive_impulsive.emotional.excitement"": 0.11126187109411508, ""adhd_inattentive.cognitive.att_bandwidth"": -1, ""adhd_inattentive.cognitive.plan_consistency"": -0.41665980387088436, ""adhd_inattentive.cognitive.retention"": -3, ""adhd_inattentive.cognitive.task_initiation_delay"": 0.3258785797587278, ""adhd_inattentive.emotional.frustration"": 0.20324256338597324, ""adhd_inattentive.emotional.self_esteem"": -0.3008838390234941, ""adhd_inattentive.emotional.shame"": 0.13720560334226994, ""base_cognitive.att_bandwidth"": 3, ""base_cognitive.conflict_tendency"": 0.04049801544030436, ""base_cognitive.importance_trigger"": 121.57245205953076, ""base_cognitive.impulse_override"": 0.04278588798239116, ""base_cognitive.plan_consistency"": 0.7796479006616331, ""base_cognitive.recency_decay"": 0.9821795416143041, ""base_cognitive.retention"": 4, ""base_cognitive.social_sensitivity"": 0.4245507555179966, ""base_cognitive.task_initiation_delay"": 0.07979869577490305, ""base_cognitive.vision_r"": 5, ""base_emotional.anger"": 0.09000321483507734, ""base_emotional.anxiety"": 0.0724448264355819, ""base_emotional.excitement"": 0.15379454977231022, ""base_emotional.frustration"": 0.13939226736274973, ""base_emotional.loneliness"": 0.0985296704856539, ""base_emotional.self_esteem"": 0.6716242904039702, ""base_emotional.shame"": 0.12682379126412738, ""base_emotional.trust_in_teacher"": 0.6800754813563052}"		
1778047259.473	3	56	0.714154	0.500759	0.784247	0.000000	"{""adhd_hyperactive_impulsive.cognitive.conflict_tendency"": 0.1266880446054504, ""adhd_hyperactive_impulsive.cognitive.impulse_override"": 0.36313356476094305, ""adhd_hyperactive_impulsive.cognitive.plan_consistency"": -0.5139567911804516, ""adhd_hyperactive_impulsive.emotional.anger"": 0.1211432016201801, ""adhd_hyperactive_impulsive.emotional.excitement"": 0.13387364155531511, ""adhd_inattentive.cognitive.att_bandwidth"": -3, ""adhd_inattentive.cognitive.plan_consistency"": -0.28376539410226226, ""adhd_inattentive.cognitive.retention"": -3, ""adhd_inattentive.cognitive.task_initiation_delay"": 0.33876594399968213, ""adhd_inattentive.emotional.frustration"": 0.2498686420092992, ""adhd_inattentive.emotional.self_esteem"": -0.23166811751902372, ""adhd_inattentive.emotional.shame"": 0.19669558987905966, ""base_cognitive.att_bandwidth"": 4, ""base_cognitive.conflict_tendency"": 0.11989192903403412, ""base_cognitive.importance_trigger"": 129.29875910856646, ""base_cognitive.impulse_override"": 0.10071599623812644, ""base_cognitive.plan_consistency"": 0.9275560527798141, ""base_cognitive.recency_decay"": 0.9939594284990562, ""base_cognitive.retention"": 6, ""base_cognitive.social_sensitivity"": 0.547105882912414, ""base_cognitive.task_initiation_delay"": 0.09082618642728751, ""base_cognitive.vision_r"": 4, ""base_emotional.anger"": 0.04236118827026609, ""base_emotional.anxiety"": 0.14887093923300973, ""base_emotional.excitement"": 0.2961414301511403, ""base_emotional.frustration"": 0.18753134750673212, ""base_emotional.loneliness"": 0.10151749888156056, ""base_emotional.self_esteem"": 0.7317957110895068, ""base_emotional.shame"": 0.05158515636424876, ""base_emotional.trust_in_teacher"": 0.721684324298711}"		
1778047260.130	3	57	0.931043	0.804216	0.871285	0.000000	"{""adhd_hyperactive_impulsive.cognitive.conflict_tendency"": 0.2311033239016383, ""adhd_hyperactive_impulsive.cognitive.impulse_override"": 0.31863447754471586, ""adhd_hyperactive_impulsive.cognitive.plan_consistency"": -0.5228939778581512, ""adhd_hyperactive_impulsive.emotional.anger"": 0.19704610588648314, ""adhd_hyperactive_impulsive.emotional.excitement"": 0.12290476051272692, ""adhd_inattentive.cognitive.att_bandwidth"": -1, ""adhd_inattentive.cognitive.plan_consistency"": -0.3939694484837328, ""adhd_inattentive.cognitive.retention"": -2, ""adhd_inattentive.cognitive.task_initiation_delay"": 0.3469618320380974, ""adhd_inattentive.emotional.frustration"": 0.1548258065475293, ""adhd_inattentive.emotional.self_esteem"": -0.24968328620320418, ""adhd_inattentive.emotional.shame"": 0.15029335635960073, ""base_cognitive.att_bandwidth"": 4, ""base_cognitive.conflict_tendency"": 0.08536706425014876, ""base_cognitive.importance_trigger"": 166.9483593669243, ""base_cognitive.impulse_override"": 0.10716467707972685, ""base_cognitive.plan_consistency"": 0.7579865373275498, ""base_cognitive.recency_decay"": 0.9855254994588356, ""base_cognitive.retention"": 6, ""base_cognitive.social_sensitivity"": 0.5206157157393723, ""base_cognitive.task_initiation_delay"": 0.016486501892460727, ""base_cognitive.vision_r"": 5, ""base_emotional.anger"": 0.10773081250288184, ""base_emotional.anxiety"": 0.15353410964496228, ""base_emotional.excitement"": 0.15464671316489165, ""base_emotional.frustration"": 0.06106305440908216, ""base_emotional.loneliness"": 0.1185405641565595, ""base_emotional.self_esteem"": 0.7360975972423658, ""base_emotional.shame"": 0.04582435595838942, ""base_emotional.trust_in_teacher"": 0.5702131340034364}"		
1778047260.636	3	58	0.902390	0.814900	0.783626	0.000000	"{""adhd_hyperactive_impulsive.cognitive.conflict_tendency"": 0.1156351381061135, ""adhd_hyperactive_impulsive.cognitive.impulse_override"": 0.2956753260592359, ""adhd_hyperactive_impulsive.cognitive.plan_consistency"": -0.37711335566988746, ""adhd_hyperactive_impulsive.emotional.anger"": 0.24165128983016584, ""adhd_hyperactive_impulsive.emotional.excitement"": 0.10782365460778001, ""adhd_inattentive.cognitive.att_bandwidth"": -2, ""adhd_inattentive.cognitive.plan_consistency"": -0.3182070777946277, ""adhd_inattentive.cognitive.retention"": -2, ""adhd_inattentive.cognitive.task_initiation_delay"": 0.3067943494863924, ""adhd_inattentive.emotional.frustration"": 0.2351912588870184, ""adhd_inattentive.emotional.self_esteem"": -0.2768360274483518, ""adhd_inattentive.emotional.shame"": 0.13463378276843824, ""base_cognitive.att_bandwidth"": 2, ""base_cognitive.conflict_tendency"": 0.06488318212208208, ""base_cognitive.importance_trigger"": 167.22841094776769, ""base_cognitive.impulse_override"": 0.05174575121874396, ""base_cognitive.plan_consistency"": 0.8849062235100522, ""base_cognitive.recency_decay"": 0.991518279897746, ""base_cognitive.retention"": 4, ""base_cognitive.social_sensitivity"": 0.5506692804847917, ""base_cognitive.task_initiation_delay"": 0.00044353657823793525, ""base_cognitive.vision_r"": 5, ""base_emotional.anger"": 0.042476521223355206, ""base_emotional.anxiety"": 0.09179683252095677, ""base_emotional.excitement"": 0.26143457920337454, ""base_emotional.frustration"": 0.13409898092097425, ""base_emotional.loneliness"": 0.08905629760188642, ""base_emotional.self_esteem"": 0.6947439221694011, ""base_emotional.shame"": 0.05362390026515276, ""base_emotional.trust_in_teacher"": 0.6345156362757561}"		
1778047261.164	3	59	0.911953	0.812212	0.811564	0.000000	"{""adhd_hyperactive_impulsive.cognitive.conflict_tendency"": 0.1392733033283592, ""adhd_hyperactive_impulsive.cognitive.impulse_override"": 0.3977244099412991, ""adhd_hyperactive_impulsive.cognitive.plan_consistency"": -0.5288275413477154, ""adhd_hyperactive_impulsive.emotional.anger"": 0.2473493446049484, ""adhd_hyperactive_impulsive.emotional.excitement"": 0.24971530885209248, ""adhd_inattentive.cognitive.att_bandwidth"": -2, ""adhd_inattentive.cognitive.plan_consistency"": -0.3786631208445873, ""adhd_inattentive.cognitive.retention"": -2, ""adhd_inattentive.cognitive.task_initiation_delay"": 0.43524817645866737, ""adhd_inattentive.emotional.frustration"": 0.12383868485239288, ""adhd_inattentive.emotional.self_esteem"": -0.20144718346197768, ""adhd_inattentive.emotional.shame"": 0.12610431948583434, ""base_cognitive.att_bandwidth"": 4, ""base_cognitive.conflict_tendency"": 0.05921860814875891, ""base_cognitive.importance_trigger"": 159.48836569783307, ""base_cognitive.impulse_override"": 0.0915781743105867, ""base_cognitive.plan_consistency"": 0.8659863485856895, ""base_cognitive.recency_decay"": 0.9810313026631253, ""base_cognitive.retention"": 4, ""base_cognitive.social_sensitivity"": 0.5225804060179423, ""base_cognitive.task_initiation_delay"": 0.03752844333724176, ""base_cognitive.vision_r"": 4, ""base_emotional.anger"": 0.1075812980969076, ""base_emotional.anxiety"": 0.13854558047296714, ""base_emotional.excitement"": 0.26299562809553273, ""base_emotional.frustration"": 0.0828796498990314, ""base_emotional.loneliness"": 0.11946159701616153, ""base_emotional.self_esteem"": 0.7346207880308699, ""base_emotional.shame"": 0.11441963293728852, ""base_emotional.trust_in_teacher"": 0.6188214928126972}"		
1778047261.647	3	60	0.926415	0.801165	0.864291	0.000000	"{""adhd_hyperactive_impulsive.cognitive.conflict_tendency"": 0.2182675118499801, ""adhd_hyperactive_impulsive.cognitive.impulse_override"": 0.2655044528908852, ""adhd_hyperactive_impulsive.cognitive.plan_consistency"": -0.4721782115156825, ""adhd_hyperactive_impulsive.emotional.anger"": 0.17042705339892725, ""adhd_hyperactive_impulsive.emotional.excitement"": 0.21209664808708378, ""adhd_inattentive.cognitive.att_bandwidth"": -1, ""adhd_inattentive.cognitive.plan_consistency"": -0.30505194863735174, ""adhd_inattentive.cognitive.retention"": -3, ""adhd_inattentive.cognitive.task_initiation_delay"": 0.37266347823572654, ""adhd_inattentive.emotional.frustration"": 0.22801748178299067, ""adhd_inattentive.emotional.self_esteem"": -0.2682013087105679, ""adhd_inattentive.emotional.shame"": 0.19702695710073015, ""base_cognitive.att_bandwidth"": 2, ""base_cognitive.conflict_tendency"": 0.05064928867053725, ""base_cognitive.importance_trigger"": 131.5528012813289, ""base_cognitive.impulse_override"": 0.10625550030040631, ""base_cognitive.plan_consistency"": 0.753656489248888, ""base_cognitive.recency_decay"": 0.986151833245656, ""base_cognitive.retention"": 4, ""base_cognitive.social_sensitivity"": 0.4383792318357048, ""base_cognitive.task_initiation_delay"": 0.09129825308361736, ""base_cognitive.vision_r"": 3, ""base_emotional.anger"": 0.06816903137639364, ""base_emotional.anxiety"": 0.1255780222173522, ""base_emotional.excitement"": 0.2296144772556032, ""base_emotional.frustration"": 0.07379021885541483, ""base_emotional.loneliness"": 0.09974663270249384, ""base_emotional.self_esteem"": 0.6183504684489732, ""base_emotional.shame"": 0.12749407121280198, ""base_emotional.trust_in_teacher"": 0.5648791916278475}"		
1778047262.134	3	61	0.915751	0.814382	0.817803	0.000000	"{""adhd_hyperactive_impulsive.cognitive.conflict_tendency"": 0.10386544506092413, ""adhd_hyperactive_impulsive.cognitive.impulse_override"": 0.3827035916490672, ""adhd_hyperactive_impulsive.cognitive.plan_consistency"": -0.3756285143003256, ""adhd_hyperactive_impulsive.emotional.anger"": 0.13425084600851575, ""adhd_hyperactive_impulsive.emotional.excitement"": 0.22209183192538162, ""adhd_inattentive.cognitive.att_bandwidth"": -3, ""adhd_inattentive.cognitive.plan_consistency"": -0.37388060560119696, ""adhd_inattentive.cognitive.retention"": -3, ""adhd_inattentive.cognitive.task_initiation_delay"": 0.3640401928973735, ""adhd_inattentive.emotional.frustration"": 0.1298976012222024, ""adhd_inattentive.emotional.self_esteem"": -0.33888644214865743, ""adhd_inattentive.emotional.shame"": 0.12629340882633983, ""base_cognitive.att_bandwidth"": 2, ""base_cognitive.conflict_tendency"": 0.036215150604985966, ""base_cognitive.importance_trigger"": 118.48868738071269, ""base_cognitive.impulse_override"": 0.08355871209303356, ""base_cognitive.plan_consistency"": 0.8544562525625334, ""base_cognitive.recency_decay"": 0.9879720387868698, ""base_cognitive.retention"": 4, ""base_cognitive.social_sensitivity"": 0.4889523971480622, ""base_cognitive.task_initiation_delay"": 0.07047756605686613, ""base_cognitive.vision_r"": 4, ""base_emotional.anger"": 0.14001731431175235, ""base_emotional.anxiety"": 0.10773203547192012, ""base_emotional.excitement"": 0.29619209003177294, ""base_emotional.frustration"": 0.13366759450943005, ""base_emotional.loneliness"": 0.10245917092539354, ""base_emotional.self_esteem"": 0.7339580214424073, ""base_emotional.shame"": 0.14353819910703933, ""base_emotional.trust_in_teacher"": 0.5686696606812243}"		
1778047262.667	3	62	0.906021	0.812641	0.796091	0.000000	"{""adhd_hyperactive_impulsive.cognitive.conflict_tendency"": 0.12287932001109568, ""adhd_hyperactive_impulsive.cognitive.impulse_override"": 0.3972696324050635, ""adhd_hyperactive_impulsive.cognitive.plan_consistency"": -0.5314739989662571, ""adhd_hyperactive_impulsive.emotional.anger"": 0.14609210201529121, ""adhd_hyperactive_impulsive.emotional.excitement"": 0.14420674471079273, ""adhd_inattentive.cognitive.att_bandwidth"": -2, ""adhd_inattentive.cognitive.plan_consistency"": -0.2907068104588475, ""adhd_inattentive.cognitive.retention"": -4, ""adhd_inattentive.cognitive.task_initiation_delay"": 0.31475324005688704, ""adhd_inattentive.emotional.frustration"": 0.18682821362830535, ""adhd_inattentive.emotional.self_esteem"": -0.21835850592459993, ""adhd_inattentive.emotional.shame"": 0.12300930473639035, ""base_cognitive.att_bandwidth"": 3, ""base_cognitive.conflict_tendency"": 0.036627942330498015, ""base_cognitive.importance_trigger"": 150.9817858719001, ""base_cognitive.impulse_override"": 0.05271639567129937, ""base_cognitive.plan_consistency"": 0.8220007395036871, ""base_cognitive.recency_decay"": 0.9862452737758507, ""base_cognitive.retention"": 4, ""base_cognitive.social_sensitivity"": 0.3771650220585959, ""base_cognitive.task_initiation_delay"": 0.037683178437080495, ""base_cognitive.vision_r"": 4, ""base_emotional.anger"": 0.04175344713751883, ""base_emotional.anxiety"": 0.11401206554259925, ""base_emotional.excitement"": 0.21584141546332847, ""base_emotional.frustration"": 0.09218953910100275, ""base_emotional.loneliness"": 0.0660860099411499, ""base_emotional.self_esteem"": 0.7393589907776033, ""base_emotional.shame"": 0.030872753427134532, ""base_emotional.trust_in_teacher"": 0.6755767118513611}"		
1778047263.318	3	63	0.805123	0.619942	0.832896	0.000000	"{""adhd_hyperactive_impulsive.cognitive.conflict_tendency"": 0.19841792648547824, ""adhd_hyperactive_impulsive.cognitive.impulse_override"": 0.30113232760784037, ""adhd_hyperactive_impulsive.cognitive.plan_consistency"": -0.48616393421834386, ""adhd_hyperactive_impulsive.emotional.anger"": 0.13440603449560068, ""adhd_hyperactive_impulsive.emotional.excitement"": 0.15716616011613274, ""adhd_inattentive.cognitive.att_bandwidth"": -1, ""adhd_inattentive.cognitive.plan_consistency"": -0.4020648270406352, ""adhd_inattentive.cognitive.retention"": -2, ""adhd_inattentive.cognitive.task_initiation_delay"": 0.35811319565951916, ""adhd_inattentive.emotional.frustration"": 0.24107098652288006, ""adhd_inattentive.emotional.self_esteem"": -0.2836225045822191, ""adhd_inattentive.emotional.shame"": 0.2132156640043475, ""base_cognitive.att_bandwidth"": 4, ""base_cognitive.conflict_tendency"": 0.053401563917392106, ""base_cognitive.importance_trigger"": 151.9553068711254, ""base_cognitive.impulse_override"": 0.09295038245727298, ""base_cognitive.plan_consistency"": 0.9273520040020409, ""base_cognitive.recency_decay"": 0.9821318353315872, ""base_cognitive.retention"": 6, ""base_cognitive.social_sensitivity"": 0.3766685687967274, ""base_cognitive.task_initiation_delay"": 0.0776077815047172, ""base_cognitive.vision_r"": 5, ""base_emotional.anger"": 0.11850053456632587, ""base_emotional.anxiety"": 0.09406189720563593, ""base_emotional.excitement"": 0.2746524043696298, ""base_emotional.frustration"": 0.1346737672917913, ""base_emotional.loneliness"": 0.13743007317434552, ""base_emotional.self_esteem"": 0.6081091532846155, ""base_emotional.shame"": 0.05257694703147281, ""base_emotional.trust_in_teacher"": 0.7690388513426513}"		
1778047263.971	3	64	0.766421	0.552431	0.837404	0.000000	"{""adhd_hyperactive_impulsive.cognitive.conflict_tendency"": 0.14150669969106974, ""adhd_hyperactive_impulsive.cognitive.impulse_override"": 0.3228724644220583, ""adhd_hyperactive_impulsive.cognitive.plan_consistency"": -0.42096400327783373, ""adhd_hyperactive_impulsive.emotional.anger"": 0.1430961592004608, ""adhd_hyperactive_impulsive.emotional.excitement"": 0.23798119947338853, ""adhd_inattentive.cognitive.att_bandwidth"": -3, ""adhd_inattentive.cognitive.plan_consistency"": -0.41361882253208954, ""adhd_inattentive.cognitive.retention"": -2, ""adhd_inattentive.cognitive.task_initiation_delay"": 0.4239243872420061, ""adhd_inattentive.emotional.frustration"": 0.1933475958246335, ""adhd_inattentive.emotional.self_esteem"": -0.3306168863858557, ""adhd_inattentive.emotional.shame"": 0.12117572340959681, ""base_cognitive.att_bandwidth"": 4, ""base_cognitive.conflict_tendency"": 0.051994274866448184, ""base_cognitive.importance_trigger"": 155.36301408118345, ""base_cognitive.impulse_override"": 0.05934593116944008, ""base_cognitive.plan_consistency"": 0.8655705006808245, ""base_cognitive.recency_decay"": 0.9800552854832457, ""base_cognitive.retention"": 6, ""base_cognitive.social_sensitivity"": 0.46802475565288126, ""base_cognitive.task_initiation_delay"": 0.014110486374732967, ""base_cognitive.vision_r"": 4, ""base_emotional.anger"": 0.06217479533099221, ""base_emotional.anxiety"": 0.17090841066687504, ""base_emotional.excitement"": 0.18215591696227443, ""base_emotional.frustration"": 0.16482027040192737, ""base_emotional.loneliness"": 0.06001487021028486, ""base_emotional.self_esteem"": 0.7095389432371872, ""base_emotional.shame"": 0.05754653982094247, ""base_emotional.trust_in_teacher"": 0.7634170857536233}"		
1778047264.497	3	65	0.901125	0.812792	0.783626	0.000000	"{""adhd_hyperactive_impulsive.cognitive.conflict_tendency"": 0.1299968242231041, ""adhd_hyperactive_impulsive.cognitive.impulse_override"": 0.34531339237420683, ""adhd_hyperactive_impulsive.cognitive.plan_consistency"": -0.482899357630618, ""adhd_hyperactive_impulsive.emotional.anger"": 0.1657450480128469, ""adhd_hyperactive_impulsive.emotional.excitement"": 0.1135664889708595, ""adhd_inattentive.cognitive.att_bandwidth"": -3, ""adhd_inattentive.cognitive.plan_consistency"": -0.2820887935793343, ""adhd_inattentive.cognitive.retention"": -2, ""adhd_inattentive.cognitive.task_initiation_delay"": 0.48725087682499313, ""adhd_inattentive.emotional.frustration"": 0.16505712395911826, ""adhd_inattentive.emotional.self_esteem"": -0.25267266759409723, ""adhd_inattentive.emotional.shame"": 0.1907509643500903, ""base_cognitive.att_bandwidth"": 4, ""base_cognitive.conflict_tendency"": 0.04179444574672999, ""base_cognitive.importance_trigger"": 119.61963204448054, ""base_cognitive.impulse_override"": 0.03895571918124286, ""base_cognitive.plan_consistency"": 0.903695392969977, ""base_cognitive.recency_decay"": 0.9907375713867621, ""base_cognitive.retention"": 4, ""base_cognitive.social_sensitivity"": 0.5732188611337428, ""base_cognitive.task_initiation_delay"": 0.02795125245942196, ""base_cognitive.vision_r"": 3, ""base_emotional.anger"": 0.09893262808992398, ""base_emotional.anxiety"": 0.08793939641328957, ""base_emotional.excitement"": 0.25607679623037, ""base_emotional.frustration"": 0.15654819567851147, ""base_emotional.loneliness"": 0.04869266703856617, ""base_emotional.self_esteem"": 0.6351146358256037, ""base_emotional.shame"": 0.07371102109518896, ""base_emotional.trust_in_teacher"": 0.6231508017323818}"		
1778047265.084	3	66	0.924375	0.811955	0.843005	0.000000	"{""adhd_hyperactive_impulsive.cognitive.conflict_tendency"": 0.12656257274898802, ""adhd_hyperactive_impulsive.cognitive.impulse_override"": 0.3274853534829791, ""adhd_hyperactive_impulsive.cognitive.plan_consistency"": -0.5493424685360111, ""adhd_hyperactive_impulsive.emotional.anger"": 0.16728431932184792, ""adhd_hyperactive_impulsive.emotional.excitement"": 0.244786401933882, ""adhd_inattentive.cognitive.att_bandwidth"": -3, ""adhd_inattentive.cognitive.plan_consistency"": -0.44592996175550187, ""adhd_inattentive.cognitive.retention"": -4, ""adhd_inattentive.cognitive.task_initiation_delay"": 0.4869184019760799, ""adhd_inattentive.emotional.frustration"": 0.1311997983825629, ""adhd_inattentive.emotional.self_esteem"": -0.3429318946101292, ""adhd_inattentive.emotional.shame"": 0.1037492725614546, ""base_cognitive.att_bandwidth"": 2, ""base_cognitive.conflict_tendency"": 0.09548341562871462, ""base_cognitive.importance_trigger"": 122.77109372167949, ""base_cognitive.impulse_override"": 0.07003968389019202, ""base_cognitive.plan_consistency"": 0.9263243389354294, ""base_cognitive.recency_decay"": 0.9848198113833699, ""base_cognitive.retention"": 6, ""base_cognitive.social_sensitivity"": 0.4784329312672787, ""base_cognitive.task_initiation_delay"": 0.03105648619946031, ""base_cognitive.vision_r"": 4, ""base_emotional.anger"": 0.10470774692194203, ""base_emotional.anxiety"": 0.1382581217476611, ""base_emotional.excitement"": 0.23583750812112736, ""base_emotional.frustration"": 0.11412586635941262, ""base_emotional.loneliness"": 0.06672581392321962, ""base_emotional.self_esteem"": 0.7967965625222386, ""base_emotional.shame"": 0.10725689743253897, ""base_emotional.trust_in_teacher"": 0.6867155711466437}"		
1778047265.665	3	67	0.743366	0.496793	0.863225	0.000000	"{""adhd_hyperactive_impulsive.cognitive.conflict_tendency"": 0.21623055717448952, ""adhd_hyperactive_impulsive.cognitive.impulse_override"": 0.3479871250421092, ""adhd_hyperactive_impulsive.cognitive.plan_consistency"": -0.35545797574274973, ""adhd_hyperactive_impulsive.emotional.anger"": 0.13255996460768119, ""adhd_hyperactive_impulsive.emotional.excitement"": 0.21081239315815253, ""adhd_inattentive.cognitive.att_bandwidth"": -1, ""adhd_inattentive.cognitive.plan_consistency"": -0.4476123397948123, ""adhd_inattentive.cognitive.retention"": -2, ""adhd_inattentive.cognitive.task_initiation_delay"": 0.3475141546938704, ""adhd_inattentive.emotional.frustration"": 0.20310762820279138, ""adhd_inattentive.emotional.self_esteem"": -0.3373759042745675, ""adhd_inattentive.emotional.shame"": 0.17002047204887383, ""base_cognitive.att_bandwidth"": 2, ""base_cognitive.conflict_tendency"": 0.08162529715784689, ""base_cognitive.importance_trigger"": 128.8924340772033, ""base_cognitive.impulse_override"": 0.10983562626273793, ""base_cognitive.plan_consistency"": 0.8307696845412345, ""base_cognitive.recency_decay"": 0.9897721302781198, ""base_cognitive.retention"": 6, ""base_cognitive.social_sensitivity"": 0.4450054366520081, ""base_cognitive.task_initiation_delay"": 0.04929907536878945, ""base_cognitive.vision_r"": 5, ""base_emotional.anger"": 0.1376226294981007, ""base_emotional.anxiety"": 0.15520813703388098, ""base_emotional.excitement"": 0.2517643072284229, ""base_emotional.frustration"": 0.16582973052453065, ""base_emotional.loneliness"": 0.04585577955782802, ""base_emotional.self_esteem"": 0.7840200417839195, ""base_emotional.shame"": 0.12796912558542334, ""base_emotional.trust_in_teacher"": 0.552167832003835}"		
1778047266.248	3	68	0.922180	0.810376	0.839886	0.000000	"{""adhd_hyperactive_impulsive.cognitive.conflict_tendency"": 0.245300552045158, ""adhd_hyperactive_impulsive.cognitive.impulse_override"": 0.3006501965690503, ""adhd_hyperactive_impulsive.cognitive.plan_consistency"": -0.4150531661963047, ""adhd_hyperactive_impulsive.emotional.anger"": 0.17089207690972608, ""adhd_hyperactive_impulsive.emotional.excitement"": 0.10990704094746133, ""adhd_inattentive.cognitive.att_bandwidth"": -3, ""adhd_inattentive.cognitive.plan_consistency"": -0.39474282618393386, ""adhd_inattentive.cognitive.retention"": -2, ""adhd_inattentive.cognitive.task_initiation_delay"": 0.32553160841031104, ""adhd_inattentive.emotional.frustration"": 0.23013744599643754, ""adhd_inattentive.emotional.self_esteem"": -0.33538811692349746, ""adhd_inattentive.emotional.shame"": 0.23034998038237728, ""base_cognitive.att_bandwidth"": 4, ""base_cognitive.conflict_tendency"": 0.11098855902365368, ""base_cognitive.importance_trigger"": 122.61632810112161, ""base_cognitive.impulse_override"": 0.06574999858698682, ""base_cognitive.plan_consistency"": 0.8550779840293846, ""base_cognitive.recency_decay"": 0.9821834666610444, ""base_cognitive.retention"": 5, ""base_cognitive.social_sensitivity"": 0.595976328754805, ""base_cognitive.task_initiation_delay"": 0.08674955075912731, ""base_cognitive.vision_r"": 4, ""base_emotional.anger"": 0.05445295153416774, ""base_emotional.anxiety"": 0.15589286002576414, ""base_emotional.excitement"": 0.19481001791206967, ""base_emotional.frustration"": 0.06670167983154726, ""base_emotional.loneliness"": 0.14423789746593002, ""base_emotional.self_esteem"": 0.6046281283680319, ""base_emotional.shame"": 0.11482459965108076, ""base_emotional.trust_in_teacher"": 0.6534990650983843}"		
1778047266.830	3	69	0.901069	0.812402	0.784070	0.000000	"{""adhd_hyperactive_impulsive.cognitive.conflict_tendency"": 0.1444973557799442, ""adhd_hyperactive_impulsive.cognitive.impulse_override"": 0.3637432226561873, ""adhd_hyperactive_impulsive.cognitive.plan_consistency"": -0.43760800990901594, ""adhd_hyperactive_impulsive.emotional.anger"": 0.24647381129898904, ""adhd_hyperactive_impulsive.emotional.excitement"": 0.1403593947252911, ""adhd_inattentive.cognitive.att_bandwidth"": -2, ""adhd_inattentive.cognitive.plan_consistency"": -0.3318412658306381, ""adhd_inattentive.cognitive.retention"": -2, ""adhd_inattentive.cognitive.task_initiation_delay"": 0.46954974652945713, ""adhd_inattentive.emotional.frustration"": 0.1513376699954374, ""adhd_inattentive.emotional.self_esteem"": -0.18237990405097726, ""adhd_inattentive.emotional.shame"": 0.17610332459294942, ""base_cognitive.att_bandwidth"": 4, ""base_cognitive.conflict_tendency"": 0.11454543752492959, ""base_cognitive.importance_trigger"": 137.84037559774248, ""base_cognitive.impulse_override"": 0.047660124582333645, ""base_cognitive.plan_consistency"": 0.9342538919439309, ""base_cognitive.recency_decay"": 0.9901021536751908, ""base_cognitive.retention"": 5, ""base_cognitive.social_sensitivity"": 0.49528309649963675, ""base_cognitive.task_initiation_delay"": 0.06701189686862667, ""base_cognitive.vision_r"": 3, ""base_emotional.anger"": 0.03004253670492692, ""base_emotional.anxiety"": 0.051562784896828695, ""base_emotional.excitement"": 0.1908793114236232, ""base_emotional.frustration"": 0.16981703025836253, ""base_emotional.loneliness"": 0.10361323160612974, ""base_emotional.self_esteem"": 0.7903263661522728, ""base_emotional.shame"": 0.10816628497510464, ""base_emotional.trust_in_teacher"": 0.5564877704516791}"		
1778047267.380	3	70	0.905674	0.813049	0.794611	0.000000	"{""adhd_hyperactive_impulsive.cognitive.conflict_tendency"": 0.22937981815191913, ""adhd_hyperactive_impulsive.cognitive.impulse_override"": 0.3681155228757001, ""adhd_hyperactive_impulsive.cognitive.plan_consistency"": -0.5201572012739525, ""adhd_hyperactive_impulsive.emotional.anger"": 0.22008574777792667, ""adhd_hyperactive_impulsive.emotional.excitement"": 0.21067988933210166, ""adhd_inattentive.cognitive.att_bandwidth"": -2, ""adhd_inattentive.cognitive.plan_consistency"": -0.3447718885312939, ""adhd_inattentive.cognitive.retention"": -2, ""adhd_inattentive.cognitive.task_initiation_delay"": 0.3257758253355693, ""adhd_inattentive.emotional.frustration"": 0.2188804747307178, ""adhd_inattentive.emotional.self_esteem"": -0.3219149474406197, ""adhd_inattentive.emotional.shame"": 0.2082591254006948, ""base_cognitive.att_bandwidth"": 2, ""base_cognitive.conflict_tendency"": 0.05134263206197104, ""base_cognitive.importance_trigger"": 108.20899930140523, ""base_cognitive.impulse_override"": 0.04228420157636952, ""base_cognitive.plan_consistency"": 0.9106809186752818, ""base_cognitive.recency_decay"": 0.9889687486957286, ""base_cognitive.retention"": 5, ""base_cognitive.social_sensitivity"": 0.5716519744186328, ""base_cognitive.task_initiation_delay"": 0.024997712783521767, ""base_cognitive.vision_r"": 5, ""base_emotional.anger"": 0.12018515746278449, ""base_emotional.anxiety"": 0.08330522049298063, ""base_emotional.excitement"": 0.29451310459901603, ""base_emotional.frustration"": 0.0528165712921736, ""base_emotional.loneliness"": 0.0522489422361449, ""base_emotional.self_esteem"": 0.7953263368282628, ""base_emotional.shame"": 0.0682858427653997, ""base_emotional.trust_in_teacher"": 0.5765946305965212}"		
1778047267.954	3	71	0.909443	0.817737	0.797001	0.000000	"{""adhd_hyperactive_impulsive.cognitive.conflict_tendency"": 0.18795662072740166, ""adhd_hyperactive_impulsive.cognitive.impulse_override"": 0.2979636086343949, ""adhd_hyperactive_impulsive.cognitive.plan_consistency"": -0.42026154425731654, ""adhd_hyperactive_impulsive.emotional.anger"": 0.16987802084614967, ""adhd_hyperactive_impulsive.emotional.excitement"": 0.10531145880195653, ""adhd_inattentive.cognitive.att_bandwidth"": -1, ""adhd_inattentive.cognitive.plan_consistency"": -0.35927025413009656, ""adhd_inattentive.cognitive.retention"": -4, ""adhd_inattentive.cognitive.task_initiation_delay"": 0.39297391685061145, ""adhd_inattentive.emotional.frustration"": 0.18017345182757807, ""adhd_inattentive.emotional.self_esteem"": -0.1959410744922695, ""adhd_inattentive.emotional.shame"": 0.11739197279641682, ""base_cognitive.att_bandwidth"": 2, ""base_cognitive.conflict_tendency"": 0.03624267053791429, ""base_cognitive.importance_trigger"": 164.82291304594906, ""base_cognitive.impulse_override"": 0.055058181159305025, ""base_cognitive.plan_consistency"": 0.9251710289986177, ""base_cognitive.recency_decay"": 0.9800244089264818, ""base_cognitive.retention"": 6, ""base_cognitive.social_sensitivity"": 0.39299123476026854, ""base_cognitive.task_initiation_delay"": 0.013043408276253133, ""base_cognitive.vision_r"": 4, ""base_emotional.anger"": 0.1079912683316951, ""base_emotional.anxiety"": 0.09940204377033812, ""base_emotional.excitement"": 0.22003574053345518, ""base_emotional.frustration"": 0.10927110783962796, ""base_emotional.loneliness"": 0.06054333246445943, ""base_emotional.self_esteem"": 0.7473141022254904, ""base_emotional.shame"": 0.03250007206419222, ""base_emotional.trust_in_teacher"": 0.7952380172029289}"		
1778047268.608	3	72	0.925038	0.801305	0.860638	0.000000	"{""adhd_hyperactive_impulsive.cognitive.conflict_tendency"": 0.21008844799194193, ""adhd_hyperactive_impulsive.cognitive.impulse_override"": 0.3263799967151792, ""adhd_hyperactive_impulsive.cognitive.plan_consistency"": -0.5028894505008332, ""adhd_hyperactive_impulsive.emotional.anger"": 0.13062996752241304, ""adhd_hyperactive_impulsive.emotional.excitement"": 0.24068608347498674, ""adhd_inattentive.cognitive.att_bandwidth"": -2, ""adhd_inattentive.cognitive.plan_consistency"": -0.33905491986775366, ""adhd_inattentive.cognitive.retention"": -2, ""adhd_inattentive.cognitive.task_initiation_delay"": 0.3210863354724119, ""adhd_inattentive.emotional.frustration"": 0.14337920130103327, ""adhd_inattentive.emotional.self_esteem"": -0.18240600407967056, ""adhd_inattentive.emotional.shame"": 0.1365537891024094, ""base_cognitive.att_bandwidth"": 4, ""base_cognitive.conflict_tendency"": 0.037995036390586476, ""base_cognitive.importance_trigger"": 109.66442570353074, ""base_cognitive.impulse_override"": 0.10848368702985577, ""base_cognitive.plan_consistency"": 0.766385100120753, ""base_cognitive.recency_decay"": 0.9877629185366161, ""base_cognitive.retention"": 6, ""base_cognitive.social_sensitivity"": 0.35242206604939713, ""base_cognitive.task_initiation_delay"": 0.02408311638996402, ""base_cognitive.vision_r"": 5, ""base_emotional.anger"": 0.08840558428640116, ""base_emotional.anxiety"": 0.08889971464783915, ""base_emotional.excitement"": 0.22060338107277766, ""base_emotional.frustration"": 0.11537145001256739, ""base_emotional.loneliness"": 0.11105860986633459, ""base_emotional.self_esteem"": 0.7214178430097686, ""base_emotional.shame"": 0.09099475087409503, ""base_emotional.trust_in_teacher"": 0.7811532274075792}"		
1778047269.243	3	73	0.912443	0.797141	0.835396	0.000000	"{""adhd_hyperactive_impulsive.cognitive.conflict_tendency"": 0.19275741345476005, ""adhd_hyperactive_impulsive.cognitive.impulse_override"": 0.3718554975890933, ""adhd_hyperactive_impulsive.cognitive.plan_consistency"": -0.5461429855964522, ""adhd_hyperactive_impulsive.emotional.anger"": 0.13816363843375656, ""adhd_hyperactive_impulsive.emotional.excitement"": 0.1361844313613096, ""adhd_inattentive.cognitive.att_bandwidth"": -3, ""adhd_inattentive.cognitive.plan_consistency"": -0.3577460976810753, ""adhd_inattentive.cognitive.retention"": -4, ""adhd_inattentive.cognitive.task_initiation_delay"": 0.40833053706519035, ""adhd_inattentive.emotional.frustration"": 0.15150856525413192, ""adhd_inattentive.emotional.self_esteem"": -0.3168297518548728, ""adhd_inattentive.emotional.shame"": 0.10343331871830976, ""base_cognitive.att_bandwidth"": 4, ""base_cognitive.conflict_tendency"": 0.08482904089665662, ""base_cognitive.importance_trigger"": 140.04871684311905, ""base_cognitive.impulse_override"": 0.11939301315056211, ""base_cognitive.plan_consistency"": 0.885485849220571, ""base_cognitive.recency_decay"": 0.9812616245282028, ""base_cognitive.retention"": 6, ""base_cognitive.social_sensitivity"": 0.4530349966971903, ""base_cognitive.task_initiation_delay"": 0.07900610721985481, ""base_cognitive.vision_r"": 5, ""base_emotional.anger"": 0.14175297696740313, ""base_emotional.anxiety"": 0.10254217485083911, ""base_emotional.excitement"": 0.15421315527581575, ""base_emotional.frustration"": 0.11492552220002678, ""base_emotional.loneliness"": 0.0746763101506218, ""base_emotional.self_esteem"": 0.7972900809739134, ""base_emotional.shame"": 0.036927294263778894, ""base_emotional.trust_in_teacher"": 0.5675985115056122}"		
1778047269.730	3	74	0.923099	0.813540	0.837438	0.000000	"{""adhd_hyperactive_impulsive.cognitive.conflict_tendency"": 0.2322058372565554, ""adhd_hyperactive_impulsive.cognitive.impulse_override"": 0.2576050624420096, ""adhd_hyperactive_impulsive.cognitive.plan_consistency"": -0.41029454556199063, ""adhd_hyperactive_impulsive.emotional.anger"": 0.1747192727667754, ""adhd_hyperactive_impulsive.emotional.excitement"": 0.23262108703483833, ""adhd_inattentive.cognitive.att_bandwidth"": -2, ""adhd_inattentive.cognitive.plan_consistency"": -0.4407000597086778, ""adhd_inattentive.cognitive.retention"": -2, ""adhd_inattentive.cognitive.task_initiation_delay"": 0.3789414958544437, ""adhd_inattentive.emotional.frustration"": 0.1501378450538023, ""adhd_inattentive.emotional.self_esteem"": -0.32074436137095214, ""adhd_inattentive.emotional.shame"": 0.21254225127328047, ""base_cognitive.att_bandwidth"": 2, ""base_cognitive.conflict_tendency"": 0.07285048229672866, ""base_cognitive.importance_trigger"": 166.50771626739288, ""base_cognitive.impulse_override"": 0.04073066279058613, ""base_cognitive.plan_consistency"": 0.8288172247400728, ""base_cognitive.recency_decay"": 0.9889463365812953, ""base_cognitive.retention"": 4, ""base_cognitive.social_sensitivity"": 0.5666348358107589, ""base_cognitive.task_initiation_delay"": 0.05593144320704999, ""base_cognitive.vision_r"": 5, ""base_emotional.anger"": 0.13895682905688872, ""base_emotional.anxiety"": 0.06628647274696521, ""base_emotional.excitement"": 0.267883883825139, ""base_emotional.frustration"": 0.09474062271685156, ""base_emotional.loneliness"": 0.1335218257344031, ""base_emotional.self_esteem"": 0.6151371033010109, ""base_emotional.shame"": 0.12421664161144357, ""base_emotional.trust_in_teacher"": 0.5579601836383961}"		
1778047270.224	3	75	0.897627	0.806961	0.783626	0.000000	"{""adhd_hyperactive_impulsive.cognitive.conflict_tendency"": 0.1429504090914402, ""adhd_hyperactive_impulsive.cognitive.impulse_override"": 0.3547037031824867, ""adhd_hyperactive_impulsive.cognitive.plan_consistency"": -0.4982641796939849, ""adhd_hyperactive_impulsive.emotional.anger"": 0.227345349526181, ""adhd_hyperactive_impulsive.emotional.excitement"": 0.14662329474158597, ""adhd_inattentive.cognitive.att_bandwidth"": -1, ""adhd_inattentive.cognitive.plan_consistency"": -0.3135879560824991, ""adhd_inattentive.cognitive.retention"": -2, ""adhd_inattentive.cognitive.task_initiation_delay"": 0.3634874174582299, ""adhd_inattentive.emotional.frustration"": 0.17198556481559585, ""adhd_inattentive.emotional.self_esteem"": -0.22713538300641672, ""adhd_inattentive.emotional.shame"": 0.1536816572465669, ""base_cognitive.att_bandwidth"": 2, ""base_cognitive.conflict_tendency"": 0.09572105519019879, ""base_cognitive.importance_trigger"": 150.18137400811483, ""base_cognitive.impulse_override"": 0.06567505456193842, ""base_cognitive.plan_consistency"": 0.8798988032523177, ""base_cognitive.recency_decay"": 0.9882006701392748, ""base_cognitive.retention"": 4, ""base_cognitive.social_sensitivity"": 0.3922618282547414, ""base_cognitive.task_initiation_delay"": 0.07195470371327185, ""base_cognitive.vision_r"": 5, ""base_emotional.anger"": 0.09344365207244607, ""base_emotional.anxiety"": 0.0827225997788558, ""base_emotional.excitement"": 0.16143583821603144, ""base_emotional.frustration"": 0.15326115960592546, ""base_emotional.loneliness"": 0.05877231916660541, ""base_emotional.self_esteem"": 0.6980155533135153, ""base_emotional.shame"": 0.12603865809867315, ""base_emotional.trust_in_teacher"": 0.6414640181111413}"		
1778047270.819	3	76	0.904157	0.811065	0.793796	0.000000	"{""adhd_hyperactive_impulsive.cognitive.conflict_tendency"": 0.2473066025203738, ""adhd_hyperactive_impulsive.cognitive.impulse_override"": 0.3349289035732561, ""adhd_hyperactive_impulsive.cognitive.plan_consistency"": -0.4581349696837236, ""adhd_hyperactive_impulsive.emotional.anger"": 0.24445030495780287, ""adhd_hyperactive_impulsive.emotional.excitement"": 0.215578438661798, ""adhd_inattentive.cognitive.att_bandwidth"": -2, ""adhd_inattentive.cognitive.plan_consistency"": -0.3954784152529529, ""adhd_inattentive.cognitive.retention"": -2, ""adhd_inattentive.cognitive.task_initiation_delay"": 0.4645720449072498, ""adhd_inattentive.emotional.frustration"": 0.12320448403600215, ""adhd_inattentive.emotional.self_esteem"": -0.27714574159422695, ""adhd_inattentive.emotional.shame"": 0.1405071287688087, ""base_cognitive.att_bandwidth"": 4, ""base_cognitive.conflict_tendency"": 0.09930120456232205, ""base_cognitive.importance_trigger"": 144.52738131019294, ""base_cognitive.impulse_override"": 0.07642636808761413, ""base_cognitive.plan_consistency"": 0.9214362129545534, ""base_cognitive.recency_decay"": 0.9889438444738539, ""base_cognitive.retention"": 5, ""base_cognitive.social_sensitivity"": 0.3175213749607078, ""base_cognitive.task_initiation_delay"": 0.00839342498814224, ""base_cognitive.vision_r"": 5, ""base_emotional.anger"": 0.11053731635699912, ""base_emotional.anxiety"": 0.15846292638000098, ""base_emotional.excitement"": 0.21823240010609365, ""base_emotional.frustration"": 0.14566945622838137, ""base_emotional.loneliness"": 0.1496374518384026, ""base_emotional.self_esteem"": 0.7404754790941105, ""base_emotional.shame"": 0.1044238817495005, ""base_emotional.trust_in_teacher"": 0.6792966800355277}"		
1778047271.458	3	77	0.895500	0.802002	0.785747	0.000000	"{""adhd_hyperactive_impulsive.cognitive.conflict_tendency"": 0.14101219315366986, ""adhd_hyperactive_impulsive.cognitive.impulse_override"": 0.3394456279228634, ""adhd_hyperactive_impulsive.cognitive.plan_consistency"": -0.548528707428994, ""adhd_hyperactive_impulsive.emotional.anger"": 0.24170682693964698, ""adhd_hyperactive_impulsive.emotional.excitement"": 0.1843509640128221, ""adhd_inattentive.cognitive.att_bandwidth"": -3, ""adhd_inattentive.cognitive.plan_consistency"": -0.26027845391073456, ""adhd_inattentive.cognitive.retention"": -4, ""adhd_inattentive.cognitive.task_initiation_delay"": 0.4897844216023215, ""adhd_inattentive.emotional.frustration"": 0.1928325326337377, ""adhd_inattentive.emotional.self_esteem"": -0.19493035869669323, ""adhd_inattentive.emotional.shame"": 0.1343267907375889, ""base_cognitive.att_bandwidth"": 4, ""base_cognitive.conflict_tendency"": 0.06657463310621126, ""base_cognitive.importance_trigger"": 127.58272093799384, ""base_cognitive.impulse_override"": 0.09847251444415792, ""base_cognitive.plan_consistency"": 0.8613900823957517, ""base_cognitive.recency_decay"": 0.9855180516537136, ""base_cognitive.retention"": 6, ""base_cognitive.social_sensitivity"": 0.3600082525732182, ""base_cognitive.task_initiation_delay"": 0.014118740512556328, ""base_cognitive.vision_r"": 4, ""base_emotional.anger"": 0.13913380951691826, ""base_emotional.anxiety"": 0.1793283861983756, ""base_emotional.excitement"": 0.27973962901768423, ""base_emotional.frustration"": 0.10057786868478355, ""base_emotional.loneliness"": 0.045786738982491915, ""base_emotional.self_esteem"": 0.6173635403614305, ""base_emotional.shame"": 0.13454644513567926, ""base_emotional.trust_in_teacher"": 0.6917354070598986}"		
1778047271.993	3	78	0.906457	0.809699	0.801595	0.000000	"{""adhd_hyperactive_impulsive.cognitive.conflict_tendency"": 0.12273132360257917, ""adhd_hyperactive_impulsive.cognitive.impulse_override"": 0.3153279196689405, ""adhd_hyperactive_impulsive.cognitive.plan_consistency"": -0.5060897476622641, ""adhd_hyperactive_impulsive.emotional.anger"": 0.1689036502720833, ""adhd_hyperactive_impulsive.emotional.excitement"": 0.14448960415066547, ""adhd_inattentive.cognitive.att_bandwidth"": -3, ""adhd_inattentive.cognitive.plan_consistency"": -0.29519952254419357, ""adhd_inattentive.cognitive.retention"": -2, ""adhd_inattentive.cognitive.task_initiation_delay"": 0.30386529808097174, ""adhd_inattentive.emotional.frustration"": 0.18846453064867763, ""adhd_inattentive.emotional.self_esteem"": -0.2269550947167709, ""adhd_inattentive.emotional.shame"": 0.18325644850980122, ""base_cognitive.att_bandwidth"": 2, ""base_cognitive.conflict_tendency"": 0.06617065038984937, ""base_cognitive.importance_trigger"": 138.57143896157763, ""base_cognitive.impulse_override"": 0.06762910535387442, ""base_cognitive.plan_consistency"": 0.7844379498480201, ""base_cognitive.recency_decay"": 0.9807515537562538, ""base_cognitive.retention"": 5, ""base_cognitive.social_sensitivity"": 0.3594671491539817, ""base_cognitive.task_initiation_delay"": 0.0490642213583134, ""base_cognitive.vision_r"": 4, ""base_emotional.anger"": 0.11384960506203731, ""base_emotional.anxiety"": 0.16516959459045236, ""base_emotional.excitement"": 0.19606671049358237, ""base_emotional.frustration"": 0.0577424603552649, ""base_emotional.loneliness"": 0.09182551759801319, ""base_emotional.self_esteem"": 0.7147510358769238, ""base_emotional.shame"": 0.14896341282055262, ""base_emotional.trust_in_teacher"": 0.619946360212822}"		
1778047272.535	3	79	0.907914	0.811247	0.802915	0.000000	"{""adhd_hyperactive_impulsive.cognitive.conflict_tendency"": 0.10137688660604172, ""adhd_hyperactive_impulsive.cognitive.impulse_override"": 0.29212608687791825, ""adhd_hyperactive_impulsive.cognitive.plan_consistency"": -0.3575105892402112, ""adhd_hyperactive_impulsive.emotional.anger"": 0.1431001650079255, ""adhd_hyperactive_impulsive.emotional.excitement"": 0.18561645636504082, ""adhd_inattentive.cognitive.att_bandwidth"": -3, ""adhd_inattentive.cognitive.plan_consistency"": -0.3280108175599459, ""adhd_inattentive.cognitive.retention"": -2, ""adhd_inattentive.cognitive.task_initiation_delay"": 0.36619593681591495, ""adhd_inattentive.emotional.frustration"": 0.1418787395751583, ""adhd_inattentive.emotional.self_esteem"": -0.3496397551820042, ""adhd_inattentive.emotional.shame"": 0.14069516540386748, ""base_cognitive.att_bandwidth"": 3, ""base_cognitive.conflict_tendency"": 0.10503962443980727, ""base_cognitive.importance_trigger"": 132.29780380332699, ""base_cognitive.impulse_override"": 0.04999136290508105, ""base_cognitive.plan_consistency"": 0.8996023058672166, ""base_cognitive.recency_decay"": 0.9868521098944872, ""base_cognitive.retention"": 4, ""base_cognitive.social_sensitivity"": 0.5172304636219379, ""base_cognitive.task_initiation_delay"": 0.00039683131602687995, ""base_cognitive.vision_r"": 4, ""base_emotional.anger"": 0.06502079604267486, ""base_emotional.anxiety"": 0.05625864164993617, ""base_emotional.excitement"": 0.2713493347366752, ""base_emotional.frustration"": 0.15494671129118165, ""base_emotional.loneliness"": 0.05403780477747952, ""base_emotional.self_esteem"": 0.6307343493318216, ""base_emotional.shame"": 0.09655276657507844, ""base_emotional.trust_in_teacher"": 0.7353613609535598}"		
1778047273.104	3	80	0.902619	0.815281	0.783626	0.000000	"{""adhd_hyperactive_impulsive.cognitive.conflict_tendency"": 0.10242151454043588, ""adhd_hyperactive_impulsive.cognitive.impulse_override"": 0.3092462611840361, ""adhd_hyperactive_impulsive.cognitive.plan_consistency"": -0.37202145879900445, ""adhd_hyperactive_impulsive.emotional.anger"": 0.1458536651387467, ""adhd_hyperactive_impulsive.emotional.excitement"": 0.16419546685160943, ""adhd_inattentive.cognitive.att_bandwidth"": -3, ""adhd_inattentive.cognitive.plan_consistency"": -0.2940839604446171, ""adhd_inattentive.cognitive.retention"": -4, ""adhd_inattentive.cognitive.task_initiation_delay"": 0.4467190672693203, ""adhd_inattentive.emotional.frustration"": 0.14172371666893524, ""adhd_inattentive.emotional.self_esteem"": -0.20096103534259946, ""adhd_inattentive.emotional.shame"": 0.23236391192290035, ""base_cognitive.att_bandwidth"": 4, ""base_cognitive.conflict_tendency"": 0.08124109186936171, ""base_cognitive.importance_trigger"": 165.3775410420551, ""base_cognitive.impulse_override"": 0.06384343622825939, ""base_cognitive.plan_consistency"": 0.9249101063578412, ""base_cognitive.recency_decay"": 0.9916652501385588, ""base_cognitive.retention"": 5, ""base_cognitive.social_sensitivity"": 0.5775340332568353, ""base_cognitive.task_initiation_delay"": 0.011983621350884122, ""base_cognitive.vision_r"": 4, ""base_emotional.anger"": 0.07658198279719997, ""base_emotional.anxiety"": 0.11862554077978961, ""base_emotional.excitement"": 0.16468885913315995, ""base_emotional.frustration"": 0.08376776837300527, ""base_emotional.loneliness"": 0.11843103580141356, ""base_emotional.self_esteem"": 0.6564031398832186, ""base_emotional.shame"": 0.07994133081808655, ""base_emotional.trust_in_teacher"": 0.7002165519623375}"		
1778047273.668	4	1	0.857152	0.721847	0.810110	0.000000	"{""adhd_hyperactive_impulsive.cognitive.conflict_tendency"": 0.18496939388653527, ""adhd_hyperactive_impulsive.cognitive.impulse_override"": 0.32918328694511023, ""adhd_hyperactive_impulsive.cognitive.plan_consistency"": -0.4226246073915903, ""adhd_hyperactive_impulsive.emotional.anger"": 0.14397713562753947, ""adhd_hyperactive_impulsive.emotional.excitement"": 0.1678283554832654, ""adhd_inattentive.cognitive.att_bandwidth"": -3, ""adhd_inattentive.cognitive.plan_consistency"": -0.31514808507076086, ""adhd_inattentive.cognitive.retention"": -4, ""adhd_inattentive.cognitive.task_initiation_delay"": 0.45212965797208454, ""adhd_inattentive.emotional.frustration"": 0.14852585989039785, ""adhd_inattentive.emotional.self_esteem"": -0.19527903592434953, ""adhd_inattentive.emotional.shame"": 0.23868127388007226, ""base_cognitive.att_bandwidth"": 3, ""base_cognitive.conflict_tendency"": 0.04430882982283696, ""base_cognitive.importance_trigger"": 147.0521949823352, ""base_cognitive.impulse_override"": 0.08560838347781997, ""base_cognitive.plan_consistency"": 0.8530320458038839, ""base_cognitive.recency_decay"": 0.9927337810537759, ""base_cognitive.retention"": 5, ""base_cognitive.social_sensitivity"": 0.4214312171942808, ""base_cognitive.task_initiation_delay"": 0.08363811023449713, ""base_cognitive.vision_r"": 4, ""base_emotional.anger"": 0.06831481639187717, ""base_emotional.anxiety"": 0.11701005675398568, ""base_emotional.excitement"": 0.1866141078646818, ""base_emotional.frustration"": 0.18141928486087538, ""base_emotional.loneliness"": 0.12290917518628922, ""base_emotional.self_esteem"": 0.7303384220332305, ""base_emotional.shame"": 0.041590176059609754, ""base_emotional.trust_in_teacher"": 0.6475009344107071}"		
1778047274.241	4	2	0.731554	0.519498	0.799639	0.000000	"{""adhd_hyperactive_impulsive.cognitive.conflict_tendency"": 0.16614331297352633, ""adhd_hyperactive_impulsive.cognitive.impulse_override"": 0.3441684136583589, ""adhd_hyperactive_impulsive.cognitive.plan_consistency"": -0.5017405011911875, ""adhd_hyperactive_impulsive.emotional.anger"": 0.19036679381657276, ""adhd_hyperactive_impulsive.emotional.excitement"": 0.21272130037022713, ""adhd_inattentive.cognitive.att_bandwidth"": -1, ""adhd_inattentive.cognitive.plan_consistency"": -0.2635129843321354, ""adhd_inattentive.cognitive.retention"": -2, ""adhd_inattentive.cognitive.task_initiation_delay"": 0.3607821231362395, ""adhd_inattentive.emotional.frustration"": 0.22460086038792537, ""adhd_inattentive.emotional.self_esteem"": -0.30441400694981985, ""adhd_inattentive.emotional.shame"": 0.11899869275251022, ""base_cognitive.att_bandwidth"": 3, ""base_cognitive.conflict_tendency"": 0.09122633005287675, ""base_cognitive.importance_trigger"": 150.71621857312806, ""base_cognitive.impulse_override"": 0.07432250819521853, ""base_cognitive.plan_consistency"": 0.8347705198335118, ""base_cognitive.recency_decay"": 0.9878191577981079, ""base_cognitive.retention"": 5, ""base_cognitive.social_sensitivity"": 0.5111875377317433, ""base_cognitive.task_initiation_delay"": 0.02327921066922638, ""base_cognitive.vision_r"": 4, ""base_emotional.anger"": 0.10381201221543893, ""base_emotional.anxiety"": 0.14150923576256713, ""base_emotional.excitement"": 0.2180343458576488, ""base_emotional.frustration"": 0.14562037590055738, ""base_emotional.loneliness"": 0.043838222300771446, ""base_emotional.self_esteem"": 0.6199828295814616, ""base_emotional.shame"": 0.04529125386948524, ""base_emotional.trust_in_teacher"": 0.7003746511399587}"		
1778047274.737	4	3	0.896311	0.804767	0.783626	0.000000	"{""adhd_hyperactive_impulsive.cognitive.conflict_tendency"": 0.22401282672114084, ""adhd_hyperactive_impulsive.cognitive.impulse_override"": 0.38544932768685386, ""adhd_hyperactive_impulsive.cognitive.plan_consistency"": -0.47336234467499694, ""adhd_hyperactive_impulsive.emotional.anger"": 0.12423446933614614, ""adhd_hyperactive_impulsive.emotional.excitement"": 0.14207869100454532, ""adhd_inattentive.cognitive.att_bandwidth"": -2, ""adhd_inattentive.cognitive.plan_consistency"": -0.33632890084874323, ""adhd_inattentive.cognitive.retention"": -3, ""adhd_inattentive.cognitive.task_initiation_delay"": 0.49206751012209016, ""adhd_inattentive.emotional.frustration"": 0.13824550307917394, ""adhd_inattentive.emotional.self_esteem"": -0.2298078449317167, ""adhd_inattentive.emotional.shame"": 0.17432619036366948, ""base_cognitive.att_bandwidth"": 2, ""base_cognitive.conflict_tendency"": 0.031124442076931515, ""base_cognitive.importance_trigger"": 115.9477667641882, ""base_cognitive.impulse_override"": 0.08068034504781263, ""base_cognitive.plan_consistency"": 0.9112021411239271, ""base_cognitive.recency_decay"": 0.9918497572425278, ""base_cognitive.retention"": 4, ""base_cognitive.social_sensitivity"": 0.38227911325813874, ""base_cognitive.task_initiation_delay"": 0.0472397070423374, ""base_cognitive.vision_r"": 5, ""base_emotional.anger"": 0.12077253464111364, ""base_emotional.anxiety"": 0.1293252143861675, ""base_emotional.excitement"": 0.20157991879865078, ""base_emotional.frustration"": 0.11612121134353819, ""base_emotional.loneliness"": 0.13766377276958924, ""base_emotional.self_esteem"": 0.7689582899126836, ""base_emotional.shame"": 0.07700994942689673, ""base_emotional.trust_in_teacher"": 0.620080819260938}"		
1778047275.269	4	4	0.910258	0.812453	0.806965	0.000000	"{""adhd_hyperactive_impulsive.cognitive.conflict_tendency"": 0.20034239414713173, ""adhd_hyperactive_impulsive.cognitive.impulse_override"": 0.2644289801319264, ""adhd_hyperactive_impulsive.cognitive.plan_consistency"": -0.4415469424780958, ""adhd_hyperactive_impulsive.emotional.anger"": 0.18104944539780604, ""adhd_hyperactive_impulsive.emotional.excitement"": 0.12535602841900054, ""adhd_inattentive.cognitive.att_bandwidth"": -2, ""adhd_inattentive.cognitive.plan_consistency"": -0.2857756619614022, ""adhd_inattentive.cognitive.retention"": -2, ""adhd_inattentive.cognitive.task_initiation_delay"": 0.4255608436780016, ""adhd_inattentive.emotional.frustration"": 0.19587001879573213, ""adhd_inattentive.emotional.self_esteem"": -0.26036023535170694, ""adhd_inattentive.emotional.shame"": 0.22986064595681474, ""base_cognitive.att_bandwidth"": 2, ""base_cognitive.conflict_tendency"": 0.06433747451493416, ""base_cognitive.importance_trigger"": 160.5977502839876, ""base_cognitive.impulse_override"": 0.03905593210417037, ""base_cognitive.plan_consistency"": 0.8064017439532033, ""base_cognitive.recency_decay"": 0.9869273107476496, ""base_cognitive.retention"": 5, ""base_cognitive.social_sensitivity"": 0.5475524028805323, ""base_cognitive.task_initiation_delay"": 0.09054186613578782, ""base_cognitive.vision_r"": 5, ""base_emotional.anger"": 0.04333140524907135, ""base_emotional.anxiety"": 0.07027264561388236, ""base_emotional.excitement"": 0.16204321019382464, ""base_emotional.frustration"": 0.13112384736106814, ""base_emotional.loneliness"": 0.08255453053193348, ""base_emotional.self_esteem"": 0.7087446840367676, ""base_emotional.shame"": 0.09973383069541822, ""base_emotional.trust_in_teacher"": 0.7354133248253278}"		
1778047275.781	4	5	0.916115	0.813144	0.820573	0.000000	"{""adhd_hyperactive_impulsive.cognitive.conflict_tendency"": 0.23517703270762325, ""adhd_hyperactive_impulsive.cognitive.impulse_override"": 0.3561239756518694, ""adhd_hyperactive_impulsive.cognitive.plan_consistency"": -0.3804199557825456, ""adhd_hyperactive_impulsive.emotional.anger"": 0.1605622209913426, ""adhd_hyperactive_impulsive.emotional.excitement"": 0.15199418097930725, ""adhd_inattentive.cognitive.att_bandwidth"": -2, ""adhd_inattentive.cognitive.plan_consistency"": -0.4177856483845773, ""adhd_inattentive.cognitive.retention"": -3, ""adhd_inattentive.cognitive.task_initiation_delay"": 0.38375563286088005, ""adhd_inattentive.emotional.frustration"": 0.18279070237049921, ""adhd_inattentive.emotional.self_esteem"": -0.34731518163489833, ""adhd_inattentive.emotional.shame"": 0.21168784835306237, ""base_cognitive.att_bandwidth"": 3, ""base_cognitive.conflict_tendency"": 0.09506795424833742, ""base_cognitive.importance_trigger"": 165.61679694253968, ""base_cognitive.impulse_override"": 0.05449209623343658, ""base_cognitive.plan_consistency"": 0.9032502914615196, ""base_cognitive.recency_decay"": 0.9833892701636902, ""base_cognitive.retention"": 4, ""base_cognitive.social_sensitivity"": 0.4910609855439787, ""base_cognitive.task_initiation_delay"": 0.032745495535545885, ""base_cognitive.vision_r"": 3, ""base_emotional.anger"": 0.12731580031980083, ""base_emotional.anxiety"": 0.09742211389584136, ""base_emotional.excitement"": 0.22559438335412677, ""base_emotional.frustration"": 0.08032354485156354, ""base_emotional.loneliness"": 0.037111697153647295, ""base_emotional.self_esteem"": 0.7815843342098616, ""base_emotional.shame"": 0.06562709454771912, ""base_emotional.trust_in_teacher"": 0.6870851088802753}"		
1778047276.349	4	6	0.924344	0.810443	0.845196	0.000000	"{""adhd_hyperactive_impulsive.cognitive.conflict_tendency"": 0.11735662924534865, ""adhd_hyperactive_impulsive.cognitive.impulse_override"": 0.31254605548427095, ""adhd_hyperactive_impulsive.cognitive.plan_consistency"": -0.5215681394943994, ""adhd_hyperactive_impulsive.emotional.anger"": 0.22972162866247386, ""adhd_hyperactive_impulsive.emotional.excitement"": 0.22541498445351252, ""adhd_inattentive.cognitive.att_bandwidth"": -1, ""adhd_inattentive.cognitive.plan_consistency"": -0.43738978290339176, ""adhd_inattentive.cognitive.retention"": -2, ""adhd_inattentive.cognitive.task_initiation_delay"": 0.301339491199232, ""adhd_inattentive.emotional.frustration"": 0.12533896759818955, ""adhd_inattentive.emotional.self_esteem"": -0.20971914735221717, ""adhd_inattentive.emotional.shame"": 0.15022223419764907, ""base_cognitive.att_bandwidth"": 3, ""base_cognitive.conflict_tendency"": 0.07755885911266515, ""base_cognitive.importance_trigger"": 136.91712027543375, ""base_cognitive.impulse_override"": 0.10201209779725989, ""base_cognitive.plan_consistency"": 0.8825447745947614, ""base_cognitive.recency_decay"": 0.9900135503188121, ""base_cognitive.retention"": 5, ""base_cognitive.social_sensitivity"": 0.3111307807239111, ""base_cognitive.task_initiation_delay"": 0.016967067791601124, ""base_cognitive.vision_r"": 5, ""base_emotional.anger"": 0.034017786242824505, ""base_emotional.anxiety"": 0.0887110761101926, ""base_emotional.excitement"": 0.24507080414421822, ""base_emotional.frustration"": 0.058366346401832886, ""base_emotional.loneliness"": 0.0986191802725657, ""base_emotional.self_esteem"": 0.6715041618658794, ""base_emotional.shame"": 0.10230438068171138, ""base_emotional.trust_in_teacher"": 0.7660404538075987}"		
1778047276.938	4	7	0.871286	0.760315	0.787742	0.000000	"{""adhd_hyperactive_impulsive.cognitive.conflict_tendency"": 0.11282046965000381, ""adhd_hyperactive_impulsive.cognitive.impulse_override"": 0.29196682609326036, ""adhd_hyperactive_impulsive.cognitive.plan_consistency"": -0.4654539606786861, ""adhd_hyperactive_impulsive.emotional.anger"": 0.24175447752303317, ""adhd_hyperactive_impulsive.emotional.excitement"": 0.2475662593920065, ""adhd_inattentive.cognitive.att_bandwidth"": -2, ""adhd_inattentive.cognitive.plan_consistency"": -0.29747465930238226, ""adhd_inattentive.cognitive.retention"": -4, ""adhd_inattentive.cognitive.task_initiation_delay"": 0.4679229292903515, ""adhd_inattentive.emotional.frustration"": 0.20664839653533812, ""adhd_inattentive.emotional.self_esteem"": -0.3162780131151583, ""adhd_inattentive.emotional.shame"": 0.1389774759882146, ""base_cognitive.att_bandwidth"": 2, ""base_cognitive.conflict_tendency"": 0.07265003033214928, ""base_cognitive.importance_trigger"": 105.76989717926374, ""base_cognitive.impulse_override"": 0.036477660558426356, ""base_cognitive.plan_consistency"": 0.8294936636060922, ""base_cognitive.recency_decay"": 0.9854488084987467, ""base_cognitive.retention"": 6, ""base_cognitive.social_sensitivity"": 0.3982164118199736, ""base_cognitive.task_initiation_delay"": 0.053232116153241166, ""base_cognitive.vision_r"": 3, ""base_emotional.anger"": 0.14464973995884936, ""base_emotional.anxiety"": 0.1062915884244806, ""base_emotional.excitement"": 0.291551931365343, ""base_emotional.frustration"": 0.15971778086915916, ""base_emotional.loneliness"": 0.05462177014117704, ""base_emotional.self_esteem"": 0.6373783862108857, ""base_emotional.shame"": 0.12837672875986925, ""base_emotional.trust_in_teacher"": 0.5946833660094957}"		
1778047277.576	4	8	0.841372	0.679999	0.833431	0.000000	"{""adhd_hyperactive_impulsive.cognitive.conflict_tendency"": 0.2091172335549612, ""adhd_hyperactive_impulsive.cognitive.impulse_override"": 0.2665184575978785, ""adhd_hyperactive_impulsive.cognitive.plan_consistency"": -0.4018068804333485, ""adhd_hyperactive_impulsive.emotional.anger"": 0.20001647237542153, ""adhd_hyperactive_impulsive.emotional.excitement"": 0.10427240545892458, ""adhd_inattentive.cognitive.att_bandwidth"": -2, ""adhd_inattentive.cognitive.plan_consistency"": -0.37479139578757414, ""adhd_inattentive.cognitive.retention"": -4, ""adhd_inattentive.cognitive.task_initiation_delay"": 0.34821271716988045, ""adhd_inattentive.emotional.frustration"": 0.24729078291695772, ""adhd_inattentive.emotional.self_esteem"": -0.2385138075651993, ""adhd_inattentive.emotional.shame"": 0.11148800237220165, ""base_cognitive.att_bandwidth"": 4, ""base_cognitive.conflict_tendency"": 0.04853223532359086, ""base_cognitive.importance_trigger"": 111.10090964510422, ""base_cognitive.impulse_override"": 0.06318737875181676, ""base_cognitive.plan_consistency"": 0.7872579166807754, ""base_cognitive.recency_decay"": 0.9821747316200705, ""base_cognitive.retention"": 6, ""base_cognitive.social_sensitivity"": 0.5970648989019955, ""base_cognitive.task_initiation_delay"": 0.06794930834993662, ""base_cognitive.vision_r"": 4, ""base_emotional.anger"": 0.05795843352773487, ""base_emotional.anxiety"": 0.17870191420133552, ""base_emotional.excitement"": 0.16752293920197786, ""base_emotional.frustration"": 0.10479803634811524, ""base_emotional.loneliness"": 0.14201711563213698, ""base_emotional.self_esteem"": 0.7507563066953006, ""base_emotional.shame"": 0.11710537490957793, ""base_emotional.trust_in_teacher"": 0.6730479185908536}"		
1778047278.099	4	9	0.738744	0.500685	0.845834	0.000000	"{""adhd_hyperactive_impulsive.cognitive.conflict_tendency"": 0.15086963702442124, ""adhd_hyperactive_impulsive.cognitive.impulse_override"": 0.2982209931302046, ""adhd_hyperactive_impulsive.cognitive.plan_consistency"": -0.5425545629790443, ""adhd_hyperactive_impulsive.emotional.anger"": 0.1577288902332728, ""adhd_hyperactive_impulsive.emotional.excitement"": 0.19242081753976453, ""adhd_inattentive.cognitive.att_bandwidth"": -3, ""adhd_inattentive.cognitive.plan_consistency"": -0.3537751670257052, ""adhd_inattentive.cognitive.retention"": -3, ""adhd_inattentive.cognitive.task_initiation_delay"": 0.41763459769016303, ""adhd_inattentive.emotional.frustration"": 0.2178620973764171, ""adhd_inattentive.emotional.self_esteem"": -0.28803475500075426, ""adhd_inattentive.emotional.shame"": 0.18356186287803145, ""base_cognitive.att_bandwidth"": 4, ""base_cognitive.conflict_tendency"": 0.1097336688603221, ""base_cognitive.importance_trigger"": 134.48255479263779, ""base_cognitive.impulse_override"": 0.11226293546148869, ""base_cognitive.plan_consistency"": 0.7625344407734448, ""base_cognitive.recency_decay"": 0.9802771228145591, ""base_cognitive.retention"": 4, ""base_cognitive.social_sensitivity"": 0.34089925310709057, ""base_cognitive.task_initiation_delay"": 0.001610013593549369, ""base_cognitive.vision_r"": 4, ""base_emotional.anger"": 0.09945318239854307, ""base_emotional.anxiety"": 0.15653581823007767, ""base_emotional.excitement"": 0.2715398113139088, ""base_emotional.frustration"": 0.19991742931158218, ""base_emotional.loneliness"": 0.10805553909581986, ""base_emotional.self_esteem"": 0.6401598021219739, ""base_emotional.shame"": 0.08393737003688934, ""base_emotional.trust_in_teacher"": 0.7899494724812162}"		
1778047278.729	4	10	0.908825	0.803483	0.816839	0.000000	"{""adhd_hyperactive_impulsive.cognitive.conflict_tendency"": 0.13884984462272548, ""adhd_hyperactive_impulsive.cognitive.impulse_override"": 0.3793985464965257, ""adhd_hyperactive_impulsive.cognitive.plan_consistency"": -0.36169845542263657, ""adhd_hyperactive_impulsive.emotional.anger"": 0.2211393056703432, ""adhd_hyperactive_impulsive.emotional.excitement"": 0.18667617937509895, ""adhd_inattentive.cognitive.att_bandwidth"": -2, ""adhd_inattentive.cognitive.plan_consistency"": -0.4026537140107615, ""adhd_inattentive.cognitive.retention"": -3, ""adhd_inattentive.cognitive.task_initiation_delay"": 0.3240292704239667, ""adhd_inattentive.emotional.frustration"": 0.16610054072980565, ""adhd_inattentive.emotional.self_esteem"": -0.26594341054885196, ""adhd_inattentive.emotional.shame"": 0.19686833754822414, ""base_cognitive.att_bandwidth"": 3, ""base_cognitive.conflict_tendency"": 0.11476448535775544, ""base_cognitive.importance_trigger"": 125.23405646703623, ""base_cognitive.impulse_override"": 0.09598948255736532, ""base_cognitive.plan_consistency"": 0.9410863711346665, ""base_cognitive.recency_decay"": 0.9943613030700834, ""base_cognitive.retention"": 6, ""base_cognitive.social_sensitivity"": 0.45820027780393946, ""base_cognitive.task_initiation_delay"": 0.07451733308210884, ""base_cognitive.vision_r"": 3, ""base_emotional.anger"": 0.08575825345509627, ""base_emotional.anxiety"": 0.06012579178203873, ""base_emotional.excitement"": 0.2681443873862648, ""base_emotional.frustration"": 0.07349050716153988, ""base_emotional.loneliness"": 0.07159706577734538, ""base_emotional.self_esteem"": 0.6944301778089659, ""base_emotional.shame"": 0.14312011053518173, ""base_emotional.trust_in_teacher"": 0.5534881188938651}"		
1778047279.228	4	11	0.921053	0.811934	0.834731	0.000000	"{""adhd_hyperactive_impulsive.cognitive.conflict_tendency"": 0.16578397223453045, ""adhd_hyperactive_impulsive.cognitive.impulse_override"": 0.34480992949235467, ""adhd_hyperactive_impulsive.cognitive.plan_consistency"": -0.5352058579872463, ""adhd_hyperactive_impulsive.emotional.anger"": 0.13050850205606931, ""adhd_hyperactive_impulsive.emotional.excitement"": 0.12888338488240997, ""adhd_inattentive.cognitive.att_bandwidth"": -3, ""adhd_inattentive.cognitive.plan_consistency"": -0.32723890694992347, ""adhd_inattentive.cognitive.retention"": -3, ""adhd_inattentive.cognitive.task_initiation_delay"": 0.34510283217360344, ""adhd_inattentive.emotional.frustration"": 0.15999417446200534, ""adhd_inattentive.emotional.self_esteem"": -0.27011382791462474, ""adhd_inattentive.emotional.shame"": 0.18039000570986566, ""base_cognitive.att_bandwidth"": 2, ""base_cognitive.conflict_tendency"": 0.05423129011156769, ""base_cognitive.importance_trigger"": 165.68816393719737, ""base_cognitive.impulse_override"": 0.03493849378081652, ""base_cognitive.plan_consistency"": 0.7548670864577285, ""base_cognitive.recency_decay"": 0.9949551948626841, ""base_cognitive.retention"": 4, ""base_cognitive.social_sensitivity"": 0.42881810365397643, ""base_cognitive.task_initiation_delay"": 0.0482469197367625, ""base_cognitive.vision_r"": 5, ""base_emotional.anger"": 0.07169595895143174, ""base_emotional.anxiety"": 0.10045550906207945, ""base_emotional.excitement"": 0.1940959488876739, ""base_emotional.frustration"": 0.06768297777019357, ""base_emotional.loneliness"": 0.0933737426402784, ""base_emotional.self_esteem"": 0.6882708758099597, ""base_emotional.shame"": 0.09022327391442767, ""base_emotional.trust_in_teacher"": 0.6998545066846231}"		
1778047279.798	4	12	0.896029	0.804297	0.783626	0.000000	"{""adhd_hyperactive_impulsive.cognitive.conflict_tendency"": 0.15525795622375463, ""adhd_hyperactive_impulsive.cognitive.impulse_override"": 0.3559610325564586, ""adhd_hyperactive_impulsive.cognitive.plan_consistency"": -0.4769609897668211, ""adhd_hyperactive_impulsive.emotional.anger"": 0.1675383596149104, ""adhd_hyperactive_impulsive.emotional.excitement"": 0.24816012623122272, ""adhd_inattentive.cognitive.att_bandwidth"": -1, ""adhd_inattentive.cognitive.plan_consistency"": -0.2896469557323948, ""adhd_inattentive.cognitive.retention"": -4, ""adhd_inattentive.cognitive.task_initiation_delay"": 0.3139569805376133, ""adhd_inattentive.emotional.frustration"": 0.20030882816727197, ""adhd_inattentive.emotional.self_esteem"": -0.18677002477939106, ""adhd_inattentive.emotional.shame"": 0.12383466200682294, ""base_cognitive.att_bandwidth"": 2, ""base_cognitive.conflict_tendency"": 0.04463186307772229, ""base_cognitive.importance_trigger"": 168.48809959530178, ""base_cognitive.impulse_override"": 0.09116436814762341, ""base_cognitive.plan_consistency"": 0.9150875639929772, ""base_cognitive.recency_decay"": 0.9818822467576692, ""base_cognitive.retention"": 6, ""base_cognitive.social_sensitivity"": 0.39797789742550127, ""base_cognitive.task_initiation_delay"": 0.07267323503329352, ""base_cognitive.vision_r"": 3, ""base_emotional.anger"": 0.146567472738769, ""base_emotional.anxiety"": 0.09238418090914574, ""base_emotional.excitement"": 0.26208285266812603, ""base_emotional.frustration"": 0.08900931742813167, ""base_emotional.loneliness"": 0.06744831191141232, ""base_emotional.self_esteem"": 0.7960621350891356, ""base_emotional.shame"": 0.09002344879623628, ""base_emotional.trust_in_teacher"": 0.6923774529511251}"		
1778047280.387	4	13	0.882468	0.774923	0.793785	0.000000	"{""adhd_hyperactive_impulsive.cognitive.conflict_tendency"": 0.24502439622990493, ""adhd_hyperactive_impulsive.cognitive.impulse_override"": 0.374578006174696, ""adhd_hyperactive_impulsive.cognitive.plan_consistency"": -0.3501254767825919, ""adhd_hyperactive_impulsive.emotional.anger"": 0.14051058239888212, ""adhd_hyperactive_impulsive.emotional.excitement"": 0.15039438858958815, ""adhd_inattentive.cognitive.att_bandwidth"": -1, ""adhd_inattentive.cognitive.plan_consistency"": -0.3338320734892975, ""adhd_inattentive.cognitive.retention"": -3, ""adhd_inattentive.cognitive.task_initiation_delay"": 0.3383979340935814, ""adhd_inattentive.emotional.frustration"": 0.19975861901959055, ""adhd_inattentive.emotional.self_esteem"": -0.26951179923220203, ""adhd_inattentive.emotional.shame"": 0.16030175245820383, ""base_cognitive.att_bandwidth"": 4, ""base_cognitive.conflict_tendency"": 0.05266836968298777, ""base_cognitive.importance_trigger"": 100.00377359513931, ""base_cognitive.impulse_override"": 0.06990745141537591, ""base_cognitive.plan_consistency"": 0.8481864375307063, ""base_cognitive.recency_decay"": 0.9805071755209382, ""base_cognitive.retention"": 5, ""base_cognitive.social_sensitivity"": 0.40926651056801966, ""base_cognitive.task_initiation_delay"": 0.024444340371725992, ""base_cognitive.vision_r"": 3, ""base_emotional.anger"": 0.14018587863117687, ""base_emotional.anxiety"": 0.0943990371914266, ""base_emotional.excitement"": 0.227315446605714, ""base_emotional.frustration"": 0.15118711800458823, ""base_emotional.loneliness"": 0.07741664958644201, ""base_emotional.self_esteem"": 0.6621969994758007, ""base_emotional.shame"": 0.08686841515910351, ""base_emotional.trust_in_teacher"": 0.628734253332749}"		
1778047281.006	4	14	0.897020	0.805949	0.783626	0.000000	"{""adhd_hyperactive_impulsive.cognitive.conflict_tendency"": 0.2346807772983399, ""adhd_hyperactive_impulsive.cognitive.impulse_override"": 0.3583569291492427, ""adhd_hyperactive_impulsive.cognitive.plan_consistency"": -0.45506318194491846, ""adhd_hyperactive_impulsive.emotional.anger"": 0.15236651702861725, ""adhd_hyperactive_impulsive.emotional.excitement"": 0.11286792989787336, ""adhd_inattentive.cognitive.att_bandwidth"": -3, ""adhd_inattentive.cognitive.plan_consistency"": -0.28941817192900987, ""adhd_inattentive.cognitive.retention"": -4, ""adhd_inattentive.cognitive.task_initiation_delay"": 0.4806350520653487, ""adhd_inattentive.emotional.frustration"": 0.12273820583911915, ""adhd_inattentive.emotional.self_esteem"": -0.31368755452413427, ""adhd_inattentive.emotional.shame"": 0.17281263974102493, ""base_cognitive.att_bandwidth"": 3, ""base_cognitive.conflict_tendency"": 0.05554760035657935, ""base_cognitive.importance_trigger"": 109.34554750186601, ""base_cognitive.impulse_override"": 0.07558869704572244, ""base_cognitive.plan_consistency"": 0.9072654410263657, ""base_cognitive.recency_decay"": 0.9895549023121146, ""base_cognitive.retention"": 6, ""base_cognitive.social_sensitivity"": 0.5626916948395195, ""base_cognitive.task_initiation_delay"": 0.07361242328180305, ""base_cognitive.vision_r"": 5, ""base_emotional.anger"": 0.049667643614762974, ""base_emotional.anxiety"": 0.11885356535506024, ""base_emotional.excitement"": 0.20901665123125154, ""base_emotional.frustration"": 0.11227606859785166, ""base_emotional.loneliness"": 0.08299981493712294, ""base_emotional.self_esteem"": 0.6455219458430562, ""base_emotional.shame"": 0.08911161935540177, ""base_emotional.trust_in_teacher"": 0.6068328857624887}"		
1778047281.586	4	15	0.886300	0.769911	0.810884	0.000000	"{""adhd_hyperactive_impulsive.cognitive.conflict_tendency"": 0.12264548273533263, ""adhd_hyperactive_impulsive.cognitive.impulse_override"": 0.3026894268190324, ""adhd_hyperactive_impulsive.cognitive.plan_consistency"": -0.5402958733448376, ""adhd_hyperactive_impulsive.emotional.anger"": 0.2342352376292516, ""adhd_hyperactive_impulsive.emotional.excitement"": 0.19430045613271407, ""adhd_inattentive.cognitive.att_bandwidth"": -3, ""adhd_inattentive.cognitive.plan_consistency"": -0.39933520985162857, ""adhd_inattentive.cognitive.retention"": -4, ""adhd_inattentive.cognitive.task_initiation_delay"": 0.334258373661416, ""adhd_inattentive.emotional.frustration"": 0.1770055203568335, ""adhd_inattentive.emotional.self_esteem"": -0.315188444488976, ""adhd_inattentive.emotional.shame"": 0.2343958891075878, ""base_cognitive.att_bandwidth"": 4, ""base_cognitive.conflict_tendency"": 0.10854126349414701, ""base_cognitive.importance_trigger"": 131.548100012852, ""base_cognitive.impulse_override"": 0.09143251227918195, ""base_cognitive.plan_consistency"": 0.8829890738870642, ""base_cognitive.recency_decay"": 0.9944680530439213, ""base_cognitive.retention"": 5, ""base_cognitive.social_sensitivity"": 0.5605801031658535, ""base_cognitive.task_initiation_delay"": 0.06205780190478049, ""base_cognitive.vision_r"": 5, ""base_emotional.anger"": 0.04927066469158353, ""base_emotional.anxiety"": 0.08893075034083622, ""base_emotional.excitement"": 0.2647325102214705, ""base_emotional.frustration"": 0.18185737710411282, ""base_emotional.loneliness"": 0.0492460043706808, ""base_emotional.self_esteem"": 0.748836951588765, ""base_emotional.shame"": 0.0660769003417793, ""base_emotional.trust_in_teacher"": 0.6495175387696235}"		
1778047282.192	4	16	0.835475	0.632776	0.889524	0.000000	"{""adhd_hyperactive_impulsive.cognitive.conflict_tendency"": 0.14246674779853605, ""adhd_hyperactive_impulsive.cognitive.impulse_override"": 0.2800951199305696, ""adhd_hyperactive_impulsive.cognitive.plan_consistency"": -0.5221368152144578, ""adhd_hyperactive_impulsive.emotional.anger"": 0.17472878624582489, ""adhd_hyperactive_impulsive.emotional.excitement"": 0.1491030479922364, ""adhd_inattentive.cognitive.att_bandwidth"": -2, ""adhd_inattentive.cognitive.plan_consistency"": -0.3880991752673429, ""adhd_inattentive.cognitive.retention"": -2, ""adhd_inattentive.cognitive.task_initiation_delay"": 0.47308796442862655, ""adhd_inattentive.emotional.frustration"": 0.24056898349603217, ""adhd_inattentive.emotional.self_esteem"": -0.2446575061569855, ""adhd_inattentive.emotional.shame"": 0.15499742881781364, ""base_cognitive.att_bandwidth"": 4, ""base_cognitive.conflict_tendency"": 0.11224580386112462, ""base_cognitive.importance_trigger"": 140.57396496529856, ""base_cognitive.impulse_override"": 0.10566759886516235, ""base_cognitive.plan_consistency"": 0.7646055957760587, ""base_cognitive.recency_decay"": 0.9847706279472734, ""base_cognitive.retention"": 5, ""base_cognitive.social_sensitivity"": 0.44981874389032195, ""base_cognitive.task_initiation_delay"": 0.07024684569796903, ""base_cognitive.vision_r"": 3, ""base_emotional.anger"": 0.052838046769185396, ""base_emotional.anxiety"": 0.07588526394981406, ""base_emotional.excitement"": 0.2885826744254243, ""base_emotional.frustration"": 0.16756864247187692, ""base_emotional.loneliness"": 0.12101861185772632, ""base_emotional.self_esteem"": 0.672877750808248, ""base_emotional.shame"": 0.03702536913395821, ""base_emotional.trust_in_teacher"": 0.6646019390209803}"		
1778047282.827	4	17	0.923285	0.811149	0.841489	0.000000	"{""adhd_hyperactive_impulsive.cognitive.conflict_tendency"": 0.12101784810237687, ""adhd_hyperactive_impulsive.cognitive.impulse_override"": 0.25777405058219344, ""adhd_hyperactive_impulsive.cognitive.plan_consistency"": -0.4417384136723661, ""adhd_hyperactive_impulsive.emotional.anger"": 0.24742254398479493, ""adhd_hyperactive_impulsive.emotional.excitement"": 0.24647807474025443, ""adhd_inattentive.cognitive.att_bandwidth"": -2, ""adhd_inattentive.cognitive.plan_consistency"": -0.40697422444915704, ""adhd_inattentive.cognitive.retention"": -4, ""adhd_inattentive.cognitive.task_initiation_delay"": 0.4349117827317317, ""adhd_inattentive.emotional.frustration"": 0.19378365893534963, ""adhd_inattentive.emotional.self_esteem"": -0.30873745762763616, ""adhd_inattentive.emotional.shame"": 0.18159419422397916, ""base_cognitive.att_bandwidth"": 4, ""base_cognitive.conflict_tendency"": 0.10332726008801414, ""base_cognitive.importance_trigger"": 146.96057292816698, ""base_cognitive.impulse_override"": 0.04057169730553707, ""base_cognitive.plan_consistency"": 0.8227698508963404, ""base_cognitive.recency_decay"": 0.9872403399904679, ""base_cognitive.retention"": 6, ""base_cognitive.social_sensitivity"": 0.41893932923654714, ""base_cognitive.task_initiation_delay"": 0.043597756429750036, ""base_cognitive.vision_r"": 5, ""base_emotional.anger"": 0.03826601303872304, ""base_emotional.anxiety"": 0.0992992581495301, ""base_emotional.excitement"": 0.2307197889591488, ""base_emotional.frustration"": 0.07180539001985035, ""base_emotional.loneliness"": 0.10035431909896014, ""base_emotional.self_esteem"": 0.7148130778484187, ""base_emotional.shame"": 0.11441752297867272, ""base_emotional.trust_in_teacher"": 0.7429086925567605}"		
1778047283.483	4	18	0.921239	0.812737	0.833992	0.000000	"{""adhd_hyperactive_impulsive.cognitive.conflict_tendency"": 0.14757488948636877, ""adhd_hyperactive_impulsive.cognitive.impulse_override"": 0.383355490106196, ""adhd_hyperactive_impulsive.cognitive.plan_consistency"": -0.3896053680148488, ""adhd_hyperactive_impulsive.emotional.anger"": 0.16453463508411317, ""adhd_hyperactive_impulsive.emotional.excitement"": 0.2355726313375488, ""adhd_inattentive.cognitive.att_bandwidth"": -1, ""adhd_inattentive.cognitive.plan_consistency"": -0.3429441753032419, ""adhd_inattentive.cognitive.retention"": -2, ""adhd_inattentive.cognitive.task_initiation_delay"": 0.4045616323184189, ""adhd_inattentive.emotional.frustration"": 0.17707322591127297, ""adhd_inattentive.emotional.self_esteem"": -0.24391206133514054, ""adhd_inattentive.emotional.shame"": 0.17426223803429364, ""base_cognitive.att_bandwidth"": 4, ""base_cognitive.conflict_tendency"": 0.057289173071861, ""base_cognitive.importance_trigger"": 103.3973900437447, ""base_cognitive.impulse_override"": 0.048176987133367676, ""base_cognitive.plan_consistency"": 0.7820167332207881, ""base_cognitive.recency_decay"": 0.9914433617458583, ""base_cognitive.retention"": 6, ""base_cognitive.social_sensitivity"": 0.5487375202982483, ""base_cognitive.task_initiation_delay"": 0.09286207473060035, ""base_cognitive.vision_r"": 4, ""base_emotional.anger"": 0.13332471387452483, ""base_emotional.anxiety"": 0.13846671706497934, ""base_emotional.excitement"": 0.16326041349497883, ""base_emotional.frustration"": 0.1270541680734694, ""base_emotional.loneliness"": 0.11113939410116433, ""base_emotional.self_esteem"": 0.6574793260621105, ""base_emotional.shame"": 0.04497745808785029, ""base_emotional.trust_in_teacher"": 0.6123062531393081}"		
1778047284.097	4	19	0.891327	0.796461	0.783626	0.000000	"{""adhd_hyperactive_impulsive.cognitive.conflict_tendency"": 0.20366005184803576, ""adhd_hyperactive_impulsive.cognitive.impulse_override"": 0.3131460279284442, ""adhd_hyperactive_impulsive.cognitive.plan_consistency"": -0.3800468889195364, ""adhd_hyperactive_impulsive.emotional.anger"": 0.12678595157298195, ""adhd_hyperactive_impulsive.emotional.excitement"": 0.15611430758286027, ""adhd_inattentive.cognitive.att_bandwidth"": -3, ""adhd_inattentive.cognitive.plan_consistency"": -0.2513249679278886, ""adhd_inattentive.cognitive.retention"": -4, ""adhd_inattentive.cognitive.task_initiation_delay"": 0.35527337678221876, ""adhd_inattentive.emotional.frustration"": 0.23272742650899178, ""adhd_inattentive.emotional.self_esteem"": -0.21066111071631433, ""adhd_inattentive.emotional.shame"": 0.18492435956779957, ""base_cognitive.att_bandwidth"": 3, ""base_cognitive.conflict_tendency"": 0.08694500634350869, ""base_cognitive.importance_trigger"": 149.74143049383954, ""base_cognitive.impulse_override"": 0.11845302816899478, ""base_cognitive.plan_consistency"": 0.9179003895347463, ""base_cognitive.recency_decay"": 0.986450111210002, ""base_cognitive.retention"": 6, ""base_cognitive.social_sensitivity"": 0.4693738299419129, ""base_cognitive.task_initiation_delay"": 0.06318582891046727, ""base_cognitive.vision_r"": 4, ""base_emotional.anger"": 0.08039435598073703, ""base_emotional.anxiety"": 0.13867475686088498, ""base_emotional.excitement"": 0.21992279285455774, ""base_emotional.frustration"": 0.13106979189599077, ""base_emotional.loneliness"": 0.06075001450291208, ""base_emotional.self_esteem"": 0.673058283581992, ""base_emotional.shame"": 0.10306214140896867, ""base_emotional.trust_in_teacher"": 0.6137582854156544}"		
1778047284.696	4	20	0.736582	0.531289	0.794521	0.000000	"{""adhd_hyperactive_impulsive.cognitive.conflict_tendency"": 0.24451327589083047, ""adhd_hyperactive_impulsive.cognitive.impulse_override"": 0.2924565311161807, ""adhd_hyperactive_impulsive.cognitive.plan_consistency"": -0.4097770404627625, ""adhd_hyperactive_impulsive.emotional.anger"": 0.1729867759517487, ""adhd_hyperactive_impulsive.emotional.excitement"": 0.1650760410049427, ""adhd_inattentive.cognitive.att_bandwidth"": -1, ""adhd_inattentive.cognitive.plan_consistency"": -0.32616583588025966, ""adhd_inattentive.cognitive.retention"": -3, ""adhd_inattentive.cognitive.task_initiation_delay"": 0.310278444312224, ""adhd_inattentive.emotional.frustration"": 0.21794488243316276, ""adhd_inattentive.emotional.self_esteem"": -0.24870925751587333, ""adhd_inattentive.emotional.shame"": 0.12007746091253604, ""base_cognitive.att_bandwidth"": 4, ""base_cognitive.conflict_tendency"": 0.0608266814609754, ""base_cognitive.importance_trigger"": 121.15376472880621, ""base_cognitive.impulse_override"": 0.04706148258639534, ""base_cognitive.plan_consistency"": 0.8853957517655812, ""base_cognitive.recency_decay"": 0.9815458150803458, ""base_cognitive.retention"": 5, ""base_cognitive.social_sensitivity"": 0.5097377140587156, ""base_cognitive.task_initiation_delay"": 0.05859669032300491, ""base_cognitive.vision_r"": 5, ""base_emotional.anger"": 0.036695718877377624, ""base_emotional.anxiety"": 0.12829497970783976, ""base_emotional.excitement"": 0.18676955075611024, ""base_emotional.frustration"": 0.15549891202116273, ""base_emotional.loneliness"": 0.0913809165979793, ""base_emotional.self_esteem"": 0.7257472384828867, ""base_emotional.shame"": 0.04008047681141596, ""base_emotional.trust_in_teacher"": 0.69536761520714}"		
1778047285.327	4	21	0.814418	0.607822	0.874312	0.000000	"{""adhd_hyperactive_impulsive.cognitive.conflict_tendency"": 0.11874509268021188, ""adhd_hyperactive_impulsive.cognitive.impulse_override"": 0.3182524932107532, ""adhd_hyperactive_impulsive.cognitive.plan_consistency"": -0.4636796133265187, ""adhd_hyperactive_impulsive.emotional.anger"": 0.12898824554682906, ""adhd_hyperactive_impulsive.emotional.excitement"": 0.13862629247777497, ""adhd_inattentive.cognitive.att_bandwidth"": -2, ""adhd_inattentive.cognitive.plan_consistency"": -0.41379733891205805, ""adhd_inattentive.cognitive.retention"": -2, ""adhd_inattentive.cognitive.task_initiation_delay"": 0.4895410975364543, ""adhd_inattentive.emotional.frustration"": 0.20109008112057025, ""adhd_inattentive.emotional.self_esteem"": -0.19159217431403902, ""adhd_inattentive.emotional.shame"": 0.1398566495026444, ""base_cognitive.att_bandwidth"": 3, ""base_cognitive.conflict_tendency"": 0.044358211713164425, ""base_cognitive.importance_trigger"": 107.30429876825836, ""base_cognitive.impulse_override"": 0.0950768021367267, ""base_cognitive.plan_consistency"": 0.766844748539929, ""base_cognitive.recency_decay"": 0.9822336742236402, ""base_cognitive.retention"": 6, ""base_cognitive.social_sensitivity"": 0.5748155038867622, ""base_cognitive.task_initiation_delay"": 0.0597179120491418, ""base_cognitive.vision_r"": 5, ""base_emotional.anger"": 0.0843069403017795, ""base_emotional.anxiety"": 0.0558216417749353, ""base_emotional.excitement"": 0.1519412668024675, ""base_emotional.frustration"": 0.18440479906255247, ""base_emotional.loneliness"": 0.12933064740983546, ""base_emotional.self_esteem"": 0.6393038960239502, ""base_emotional.shame"": 0.126171975311245, ""base_emotional.trust_in_teacher"": 0.5907711359330644}"		
1778047285.815	4	22	0.860865	0.733306	0.802203	0.000000	"{""adhd_hyperactive_impulsive.cognitive.conflict_tendency"": 0.13297811084683533, ""adhd_hyperactive_impulsive.cognitive.impulse_override"": 0.3213877306671894, ""adhd_hyperactive_impulsive.cognitive.plan_consistency"": -0.4809705404390494, ""adhd_hyperactive_impulsive.emotional.anger"": 0.19303098024951948, ""adhd_hyperactive_impulsive.emotional.excitement"": 0.1220507748430073, ""adhd_inattentive.cognitive.att_bandwidth"": -3, ""adhd_inattentive.cognitive.plan_consistency"": -0.37327611953022655, ""adhd_inattentive.cognitive.retention"": -2, ""adhd_inattentive.cognitive.task_initiation_delay"": 0.4682930808296716, ""adhd_inattentive.emotional.frustration"": 0.20333805098927385, ""adhd_inattentive.emotional.self_esteem"": -0.18117458312715098, ""adhd_inattentive.emotional.shame"": 0.14458822353247322, ""base_cognitive.att_bandwidth"": 2, ""base_cognitive.conflict_tendency"": 0.05635741153586658, ""base_cognitive.importance_trigger"": 112.90974429266838, ""base_cognitive.impulse_override"": 0.050472655964293914, ""base_cognitive.plan_consistency"": 0.9180430131493741, ""base_cognitive.recency_decay"": 0.9801504063012687, ""base_cognitive.retention"": 4, ""base_cognitive.social_sensitivity"": 0.3430515353825789, ""base_cognitive.task_initiation_delay"": 0.09278490823955175, ""base_cognitive.vision_r"": 5, ""base_emotional.anger"": 0.13800462861002677, ""base_emotional.anxiety"": 0.12161830492936516, ""base_emotional.excitement"": 0.16690091887957334, ""base_emotional.frustration"": 0.14812284104062795, ""base_emotional.loneliness"": 0.04643541205784541, ""base_emotional.self_esteem"": 0.621938114241638, ""base_emotional.shame"": 0.10340458553550885, ""base_emotional.trust_in_teacher"": 0.6316100139703053}"		
1778047286.341	4	23	0.823312	0.655202	0.825476	0.000000	"{""adhd_hyperactive_impulsive.cognitive.conflict_tendency"": 0.2126493844257864, ""adhd_hyperactive_impulsive.cognitive.impulse_override"": 0.38095711102632557, ""adhd_hyperactive_impulsive.cognitive.plan_consistency"": -0.49332596613313234, ""adhd_hyperactive_impulsive.emotional.anger"": 0.15750459371233114, ""adhd_hyperactive_impulsive.emotional.excitement"": 0.17640740142622868, ""adhd_inattentive.cognitive.att_bandwidth"": -1, ""adhd_inattentive.cognitive.plan_consistency"": -0.3982159393826835, ""adhd_inattentive.cognitive.retention"": -2, ""adhd_inattentive.cognitive.task_initiation_delay"": 0.32051385878036515, ""adhd_inattentive.emotional.frustration"": 0.19076500695787318, ""adhd_inattentive.emotional.self_esteem"": -0.23703407084181954, ""adhd_inattentive.emotional.shame"": 0.13830020523508282, ""base_cognitive.att_bandwidth"": 3, ""base_cognitive.conflict_tendency"": 0.04484004486138507, ""base_cognitive.importance_trigger"": 117.70470190388522, ""base_cognitive.impulse_override"": 0.03704223036159487, ""base_cognitive.plan_consistency"": 0.8623013229979152, ""base_cognitive.recency_decay"": 0.993841172287695, ""base_cognitive.retention"": 4, ""base_cognitive.social_sensitivity"": 0.40545865223425787, ""base_cognitive.task_initiation_delay"": 0.025717430069149862, ""base_cognitive.vision_r"": 3, ""base_emotional.anger"": 0.07627264868179988, ""base_emotional.anxiety"": 0.09190725032227079, ""base_emotional.excitement"": 0.2041434294906962, ""base_emotional.frustration"": 0.16594001136380732, ""base_emotional.loneliness"": 0.036030171630245134, ""base_emotional.self_esteem"": 0.7362670700864998, ""base_emotional.shame"": 0.06658120484582442, ""base_emotional.trust_in_teacher"": 0.5588701628700745}"		
1778047286.845	4	24	0.856952	0.739170	0.783626	0.000000	"{""adhd_hyperactive_impulsive.cognitive.conflict_tendency"": 0.14253750689152653, ""adhd_hyperactive_impulsive.cognitive.impulse_override"": 0.3600211721579094, ""adhd_hyperactive_impulsive.cognitive.plan_consistency"": -0.533404284535995, ""adhd_hyperactive_impulsive.emotional.anger"": 0.13387641451108484, ""adhd_hyperactive_impulsive.emotional.excitement"": 0.22089066598565738, ""adhd_inattentive.cognitive.att_bandwidth"": -3, ""adhd_inattentive.cognitive.plan_consistency"": -0.3505884100964909, ""adhd_inattentive.cognitive.retention"": -2, ""adhd_inattentive.cognitive.task_initiation_delay"": 0.38992962851954743, ""adhd_inattentive.emotional.frustration"": 0.19675172933577578, ""adhd_inattentive.emotional.self_esteem"": -0.2094885696027258, ""adhd_inattentive.emotional.shame"": 0.17045776984461847, ""base_cognitive.att_bandwidth"": 2, ""base_cognitive.conflict_tendency"": 0.06411806271270923, ""base_cognitive.importance_trigger"": 110.06592601838483, ""base_cognitive.impulse_override"": 0.06278130881222116, ""base_cognitive.plan_consistency"": 0.9047443015905761, ""base_cognitive.recency_decay"": 0.984473297324679, ""base_cognitive.retention"": 4, ""base_cognitive.social_sensitivity"": 0.5213002898907989, ""base_cognitive.task_initiation_delay"": 0.017232887512773177, ""base_cognitive.vision_r"": 5, ""base_emotional.anger"": 0.09387587941091922, ""base_emotional.anxiety"": 0.06046912347832204, ""base_emotional.excitement"": 0.2605016990035139, ""base_emotional.frustration"": 0.19964745217850177, ""base_emotional.loneliness"": 0.11611815210560247, ""base_emotional.self_esteem"": 0.641454784856291, ""base_emotional.shame"": 0.0940984720999569, ""base_emotional.trust_in_teacher"": 0.6824865721906798}"		
1778047287.424	4	25	0.904749	0.816151	0.787646	0.000000	"{""adhd_hyperactive_impulsive.cognitive.conflict_tendency"": 0.10388103652649673, ""adhd_hyperactive_impulsive.cognitive.impulse_override"": 0.27857830701777636, ""adhd_hyperactive_impulsive.cognitive.plan_consistency"": -0.37070223202013597, ""adhd_hyperactive_impulsive.emotional.anger"": 0.1814653933024854, ""adhd_hyperactive_impulsive.emotional.excitement"": 0.13422200699548714, ""adhd_inattentive.cognitive.att_bandwidth"": -2, ""adhd_inattentive.cognitive.plan_consistency"": -0.2806033642418481, ""adhd_inattentive.cognitive.retention"": -3, ""adhd_inattentive.cognitive.task_initiation_delay"": 0.40931744873042564, ""adhd_inattentive.emotional.frustration"": 0.24385378815069553, ""adhd_inattentive.emotional.self_esteem"": -0.19259070434865438, ""adhd_inattentive.emotional.shame"": 0.16529778261609507, ""base_cognitive.att_bandwidth"": 2, ""base_cognitive.conflict_tendency"": 0.11832795884973947, ""base_cognitive.importance_trigger"": 131.14894376207815, ""base_cognitive.impulse_override"": 0.030371691477792166, ""base_cognitive.plan_consistency"": 0.8658814151505789, ""base_cognitive.recency_decay"": 0.9869936050960637, ""base_cognitive.retention"": 6, ""base_cognitive.social_sensitivity"": 0.4857235288268852, ""base_cognitive.task_initiation_delay"": 0.0915903331940777, ""base_cognitive.vision_r"": 4, ""base_emotional.anger"": 0.05333728967284028, ""base_emotional.anxiety"": 0.1789227535470196, ""base_emotional.excitement"": 0.28229189930780396, ""base_emotional.frustration"": 0.052722362252908085, ""base_emotional.loneliness"": 0.11427385216029594, ""base_emotional.self_esteem"": 0.7115699375089536, ""base_emotional.shame"": 0.11464380386438873, ""base_emotional.trust_in_teacher"": 0.7599689366093414}"		
1778047288.069	4	26	0.919414	0.811511	0.831268	0.000000	"{""adhd_hyperactive_impulsive.cognitive.conflict_tendency"": 0.13858458251815814, ""adhd_hyperactive_impulsive.cognitive.impulse_override"": 0.3582176661864704, ""adhd_hyperactive_impulsive.cognitive.plan_consistency"": -0.39064010747454536, ""adhd_hyperactive_impulsive.emotional.anger"": 0.17385014436133145, ""adhd_hyperactive_impulsive.emotional.excitement"": 0.13669849078498197, ""adhd_inattentive.cognitive.att_bandwidth"": -2, ""adhd_inattentive.cognitive.plan_consistency"": -0.4042866841710656, ""adhd_inattentive.cognitive.retention"": -3, ""adhd_inattentive.cognitive.task_initiation_delay"": 0.4817273530708448, ""adhd_inattentive.emotional.frustration"": 0.15629232747532662, ""adhd_inattentive.emotional.self_esteem"": -0.25484817990374337, ""adhd_inattentive.emotional.shame"": 0.19456141485016742, ""base_cognitive.att_bandwidth"": 4, ""base_cognitive.conflict_tendency"": 0.038725601257006116, ""base_cognitive.importance_trigger"": 169.23055044691048, ""base_cognitive.impulse_override"": 0.056268883442067305, ""base_cognitive.plan_consistency"": 0.8103190252937899, ""base_cognitive.recency_decay"": 0.9923016238406686, ""base_cognitive.retention"": 6, ""base_cognitive.social_sensitivity"": 0.5248564605028283, ""base_cognitive.task_initiation_delay"": 0.010004033005013692, ""base_cognitive.vision_r"": 4, ""base_emotional.anger"": 0.05712427533910848, ""base_emotional.anxiety"": 0.06394194624535791, ""base_emotional.excitement"": 0.19850332402061743, ""base_emotional.frustration"": 0.12533756178463462, ""base_emotional.loneliness"": 0.12272888790875196, ""base_emotional.self_esteem"": 0.6868573892840791, ""base_emotional.shame"": 0.08134992208650577, ""base_emotional.trust_in_teacher"": 0.7035961901603209}"		
1778047288.555	4	27	0.920086	0.815996	0.826220	0.000000	"{""adhd_hyperactive_impulsive.cognitive.conflict_tendency"": 0.14018560230976557, ""adhd_hyperactive_impulsive.cognitive.impulse_override"": 0.3196032887297625, ""adhd_hyperactive_impulsive.cognitive.plan_consistency"": -0.42954869340193075, ""adhd_hyperactive_impulsive.emotional.anger"": 0.1338467379482454, ""adhd_hyperactive_impulsive.emotional.excitement"": 0.13599124313414748, ""adhd_inattentive.cognitive.att_bandwidth"": -2, ""adhd_inattentive.cognitive.plan_consistency"": -0.31928953878195343, ""adhd_inattentive.cognitive.retention"": -3, ""adhd_inattentive.cognitive.task_initiation_delay"": 0.492257269287327, ""adhd_inattentive.emotional.frustration"": 0.1617638483847379, ""adhd_inattentive.emotional.self_esteem"": -0.24597134762290151, ""adhd_inattentive.emotional.shame"": 0.2217188319829582, ""base_cognitive.att_bandwidth"": 2, ""base_cognitive.conflict_tendency"": 0.04170737807434785, ""base_cognitive.importance_trigger"": 161.0360636787003, ""base_cognitive.impulse_override"": 0.03271128732583861, ""base_cognitive.plan_consistency"": 0.7581654939339737, ""base_cognitive.recency_decay"": 0.9812101445767237, ""base_cognitive.retention"": 4, ""base_cognitive.social_sensitivity"": 0.5843665147300428, ""base_cognitive.task_initiation_delay"": 0.006930773468109975, ""base_cognitive.vision_r"": 4, ""base_emotional.anger"": 0.09279999116218841, ""base_emotional.anxiety"": 0.05690058090694443, ""base_emotional.excitement"": 0.29899479661383244, ""base_emotional.frustration"": 0.10575396404959637, ""base_emotional.loneliness"": 0.05729890056757131, ""base_emotional.self_esteem"": 0.6184673238663918, ""base_emotional.shame"": 0.06211210678785014, ""base_emotional.trust_in_teacher"": 0.704069643111287}"		
1778047289.102	4	28	0.762256	0.524612	0.868722	0.000000	"{""adhd_hyperactive_impulsive.cognitive.conflict_tendency"": 0.1166835581486623, ""adhd_hyperactive_impulsive.cognitive.impulse_override"": 0.2634593113080999, ""adhd_hyperactive_impulsive.cognitive.plan_consistency"": -0.540311707514743, ""adhd_hyperactive_impulsive.emotional.anger"": 0.12006859720926492, ""adhd_hyperactive_impulsive.emotional.excitement"": 0.10918377412152475, ""adhd_inattentive.cognitive.att_bandwidth"": -1, ""adhd_inattentive.cognitive.plan_consistency"": -0.4324836247603204, ""adhd_inattentive.cognitive.retention"": -3, ""adhd_inattentive.cognitive.task_initiation_delay"": 0.301559736534815, ""adhd_inattentive.emotional.frustration"": 0.18581151895666753, ""adhd_inattentive.emotional.self_esteem"": -0.3488638402174598, ""adhd_inattentive.emotional.shame"": 0.17436141431603713, ""base_cognitive.att_bandwidth"": 2, ""base_cognitive.conflict_tendency"": 0.08397079600183963, ""base_cognitive.importance_trigger"": 106.77257312083144, ""base_cognitive.impulse_override"": 0.04888191425310551, ""base_cognitive.plan_consistency"": 0.7609079891367324, ""base_cognitive.recency_decay"": 0.9887877225516251, ""base_cognitive.retention"": 5, ""base_cognitive.social_sensitivity"": 0.30840047112265967, ""base_cognitive.task_initiation_delay"": 0.03203414521987598, ""base_cognitive.vision_r"": 4, ""base_emotional.anger"": 0.08508900924939417, ""base_emotional.anxiety"": 0.13690571653043346, ""base_emotional.excitement"": 0.16650679138014454, ""base_emotional.frustration"": 0.1987530226962692, ""base_emotional.loneliness"": 0.11985899298269004, ""base_emotional.self_esteem"": 0.7872552283605705, ""base_emotional.shame"": 0.04001450588466905, ""base_emotional.trust_in_teacher"": 0.63150881280375}"		
1778047289.619	4	29	0.915213	0.807687	0.826502	0.000000	"{""adhd_hyperactive_impulsive.cognitive.conflict_tendency"": 0.14327705487563253, ""adhd_hyperactive_impulsive.cognitive.impulse_override"": 0.3529315182673846, ""adhd_hyperactive_impulsive.cognitive.plan_consistency"": -0.4687565837174382, ""adhd_hyperactive_impulsive.emotional.anger"": 0.18784330672590868, ""adhd_hyperactive_impulsive.emotional.excitement"": 0.22087320306820946, ""adhd_inattentive.cognitive.att_bandwidth"": -3, ""adhd_inattentive.cognitive.plan_consistency"": -0.3913687853322042, ""adhd_inattentive.cognitive.retention"": -4, ""adhd_inattentive.cognitive.task_initiation_delay"": 0.4485965229083213, ""adhd_inattentive.emotional.frustration"": 0.17303645730730038, ""adhd_inattentive.emotional.self_esteem"": -0.21734983708854677, ""adhd_inattentive.emotional.shame"": 0.20520001021263282, ""base_cognitive.att_bandwidth"": 3, ""base_cognitive.conflict_tendency"": 0.08952920138439824, ""base_cognitive.importance_trigger"": 116.12339666709445, ""base_cognitive.impulse_override"": 0.08491167039509565, ""base_cognitive.plan_consistency"": 0.8564405639576123, ""base_cognitive.recency_decay"": 0.9877126963921222, ""base_cognitive.retention"": 4, ""base_cognitive.social_sensitivity"": 0.5590056567518025, ""base_cognitive.task_initiation_delay"": 0.005150976090450821, ""base_cognitive.vision_r"": 3, ""base_emotional.anger"": 0.12133184129833058, ""base_emotional.anxiety"": 0.11001284322687091, ""base_emotional.excitement"": 0.2896386088875975, ""base_emotional.frustration"": 0.12450506948327064, ""base_emotional.loneliness"": 0.07187961041113466, ""base_emotional.self_esteem"": 0.6606460435688553, ""base_emotional.shame"": 0.06555271608835561, ""base_emotional.trust_in_teacher"": 0.6964484882825313}"		
1778047290.188	4	30	0.756411	0.547321	0.820046	0.000000	"{""adhd_hyperactive_impulsive.cognitive.conflict_tendency"": 0.20953873197916764, ""adhd_hyperactive_impulsive.cognitive.impulse_override"": 0.3452019176468996, ""adhd_hyperactive_impulsive.cognitive.plan_consistency"": -0.4157301241623156, ""adhd_hyperactive_impulsive.emotional.anger"": 0.21735964760479998, ""adhd_hyperactive_impulsive.emotional.excitement"": 0.15214452769618433, ""adhd_inattentive.cognitive.att_bandwidth"": -2, ""adhd_inattentive.cognitive.plan_consistency"": -0.4126526690503049, ""adhd_inattentive.cognitive.retention"": -2, ""adhd_inattentive.cognitive.task_initiation_delay"": 0.3073794547129381, ""adhd_inattentive.emotional.frustration"": 0.18814541117733938, ""adhd_inattentive.emotional.self_esteem"": -0.18657443910866536, ""adhd_inattentive.emotional.shame"": 0.1231060746194601, ""base_cognitive.att_bandwidth"": 3, ""base_cognitive.conflict_tendency"": 0.034463136609306506, ""base_cognitive.importance_trigger"": 143.60497258260614, ""base_cognitive.impulse_override"": 0.03278148384824801, ""base_cognitive.plan_consistency"": 0.9237088828410136, ""base_cognitive.recency_decay"": 0.9898997124409433, ""base_cognitive.retention"": 5, ""base_cognitive.social_sensitivity"": 0.3431095269821133, ""base_cognitive.task_initiation_delay"": 0.08214557192031025, ""base_cognitive.vision_r"": 4, ""base_emotional.anger"": 0.038690219350765394, ""base_emotional.anxiety"": 0.06652292197762497, ""base_emotional.excitement"": 0.20333352165587182, ""base_emotional.frustration"": 0.19121324174152293, ""base_emotional.loneliness"": 0.07868446925260766, ""base_emotional.self_esteem"": 0.6565228062536637, ""base_emotional.shame"": 0.05990168745817103, ""base_emotional.trust_in_teacher"": 0.6855831729823689}"		
1778047290.719	4	31	0.907132	0.807244	0.806965	0.000000	"{""adhd_hyperactive_impulsive.cognitive.conflict_tendency"": 0.24851480567966133, ""adhd_hyperactive_impulsive.cognitive.impulse_override"": 0.3472443490853512, ""adhd_hyperactive_impulsive.cognitive.plan_consistency"": -0.3982344532604031, ""adhd_hyperactive_impulsive.emotional.anger"": 0.20209239557110228, ""adhd_hyperactive_impulsive.emotional.excitement"": 0.12185980048593523, ""adhd_inattentive.cognitive.att_bandwidth"": -3, ""adhd_inattentive.cognitive.plan_consistency"": -0.35966902986438637, ""adhd_inattentive.cognitive.retention"": -3, ""adhd_inattentive.cognitive.task_initiation_delay"": 0.4404414723318725, ""adhd_inattentive.emotional.frustration"": 0.2300301857588708, ""adhd_inattentive.emotional.self_esteem"": -0.25239501358210253, ""adhd_inattentive.emotional.shame"": 0.12364927731700417, ""base_cognitive.att_bandwidth"": 2, ""base_cognitive.conflict_tendency"": 0.1120953192086121, ""base_cognitive.importance_trigger"": 159.57243350998232, ""base_cognitive.impulse_override"": 0.09565424673471239, ""base_cognitive.plan_consistency"": 0.8395522910454144, ""base_cognitive.recency_decay"": 0.9899761457602411, ""base_cognitive.retention"": 5, ""base_cognitive.social_sensitivity"": 0.3217473890267947, ""base_cognitive.task_initiation_delay"": 0.07588038049563323, ""base_cognitive.vision_r"": 5, ""base_emotional.anger"": 0.052432052122349845, ""base_emotional.anxiety"": 0.17916983008100873, ""base_emotional.excitement"": 0.2165554897532624, ""base_emotional.frustration"": 0.09117227389850874, ""base_emotional.loneliness"": 0.09813284906605473, ""base_emotional.self_esteem"": 0.6855229997201953, ""base_emotional.shame"": 0.08714826108545026, ""base_emotional.trust_in_teacher"": 0.67470011348937}"		
1778047291.272	4	32	0.917265	0.810129	0.827968	0.000000	"{""adhd_hyperactive_impulsive.cognitive.conflict_tendency"": 0.1086927279290058, ""adhd_hyperactive_impulsive.cognitive.impulse_override"": 0.39163116671091436, ""adhd_hyperactive_impulsive.cognitive.plan_consistency"": -0.49076659550953156, ""adhd_hyperactive_impulsive.emotional.anger"": 0.15648229921475412, ""adhd_hyperactive_impulsive.emotional.excitement"": 0.12872968255895978, ""adhd_inattentive.cognitive.att_bandwidth"": -1, ""adhd_inattentive.cognitive.plan_consistency"": -0.3363400208261468, ""adhd_inattentive.cognitive.retention"": -2, ""adhd_inattentive.cognitive.task_initiation_delay"": 0.34325450244280586, ""adhd_inattentive.emotional.frustration"": 0.1582058594696908, ""adhd_inattentive.emotional.self_esteem"": -0.23807220386448422, ""adhd_inattentive.emotional.shame"": 0.19373880595454288, ""base_cognitive.att_bandwidth"": 4, ""base_cognitive.conflict_tendency"": 0.03599603743876514, ""base_cognitive.importance_trigger"": 132.5135604884905, ""base_cognitive.impulse_override"": 0.06722989018930237, ""base_cognitive.plan_consistency"": 0.7712524198062641, ""base_cognitive.recency_decay"": 0.9903565798636206, ""base_cognitive.retention"": 4, ""base_cognitive.social_sensitivity"": 0.3849061959022839, ""base_cognitive.task_initiation_delay"": 0.05556833537421401, ""base_cognitive.vision_r"": 3, ""base_emotional.anger"": 0.12272942889185544, ""base_emotional.anxiety"": 0.11366147331159934, ""base_emotional.excitement"": 0.25313925820832506, ""base_emotional.frustration"": 0.09546016699467338, ""base_emotional.loneliness"": 0.09576044178080056, ""base_emotional.self_esteem"": 0.7995450104633001, ""base_emotional.shame"": 0.0833246287237, ""base_emotional.trust_in_teacher"": 0.6694144951546623}"		
1778047291.800	4	33	0.897680	0.807049	0.783626	0.000000	"{""adhd_hyperactive_impulsive.cognitive.conflict_tendency"": 0.15441247802133143, ""adhd_hyperactive_impulsive.cognitive.impulse_override"": 0.31564408558589174, ""adhd_hyperactive_impulsive.cognitive.plan_consistency"": -0.5023700610920037, ""adhd_hyperactive_impulsive.emotional.anger"": 0.2248303706789725, ""adhd_hyperactive_impulsive.emotional.excitement"": 0.23620469073400108, ""adhd_inattentive.cognitive.att_bandwidth"": -2, ""adhd_inattentive.cognitive.plan_consistency"": -0.3270613325406679, ""adhd_inattentive.cognitive.retention"": -2, ""adhd_inattentive.cognitive.task_initiation_delay"": 0.44899402008204925, ""adhd_inattentive.emotional.frustration"": 0.13430319145997838, ""adhd_inattentive.emotional.self_esteem"": -0.23195462599663863, ""adhd_inattentive.emotional.shame"": 0.22947541073844974, ""base_cognitive.att_bandwidth"": 4, ""base_cognitive.conflict_tendency"": 0.03847910306721617, ""base_cognitive.importance_trigger"": 137.2283278049906, ""base_cognitive.impulse_override"": 0.03942625031421554, ""base_cognitive.plan_consistency"": 0.945225365341446, ""base_cognitive.recency_decay"": 0.9801172273454444, ""base_cognitive.retention"": 4, ""base_cognitive.social_sensitivity"": 0.5029263998173729, ""base_cognitive.task_initiation_delay"": 0.056428398929122194, ""base_cognitive.vision_r"": 5, ""base_emotional.anger"": 0.14834086890971032, ""base_emotional.anxiety"": 0.16472931524039391, ""base_emotional.excitement"": 0.27238101366794176, ""base_emotional.frustration"": 0.06812379451419782, ""base_emotional.loneliness"": 0.1430895639144769, ""base_emotional.self_esteem"": 0.7801841932516601, ""base_emotional.shame"": 0.10611199012858002, ""base_emotional.trust_in_teacher"": 0.6109693330538452}"		
1778047292.387	4	34	0.850509	0.696941	0.830859	0.000000	"{""adhd_hyperactive_impulsive.cognitive.conflict_tendency"": 0.13625059762841876, ""adhd_hyperactive_impulsive.cognitive.impulse_override"": 0.3637018419903117, ""adhd_hyperactive_impulsive.cognitive.plan_consistency"": -0.42814028521954595, ""adhd_hyperactive_impulsive.emotional.anger"": 0.1412157529481362, ""adhd_hyperactive_impulsive.emotional.excitement"": 0.2355963382813977, ""adhd_inattentive.cognitive.att_bandwidth"": -1, ""adhd_inattentive.cognitive.plan_consistency"": -0.43051422019810803, ""adhd_inattentive.cognitive.retention"": -2, ""adhd_inattentive.cognitive.task_initiation_delay"": 0.3236842592520959, ""adhd_inattentive.emotional.frustration"": 0.19397031966436046, ""adhd_inattentive.emotional.self_esteem"": -0.2555175890412938, ""adhd_inattentive.emotional.shame"": 0.1925921528403075, ""base_cognitive.att_bandwidth"": 4, ""base_cognitive.conflict_tendency"": 0.06382111797415133, ""base_cognitive.importance_trigger"": 154.51350085059156, ""base_cognitive.impulse_override"": 0.07583444955517328, ""base_cognitive.plan_consistency"": 0.8878140894170277, ""base_cognitive.recency_decay"": 0.9929704924083496, ""base_cognitive.retention"": 5, ""base_cognitive.social_sensitivity"": 0.35773731406363873, ""base_cognitive.task_initiation_delay"": 0.010953881180557502, ""base_cognitive.vision_r"": 5, ""base_emotional.anger"": 0.07342265894077016, ""base_emotional.anxiety"": 0.13311482219036455, ""base_emotional.excitement"": 0.22469966535311442, ""base_emotional.frustration"": 0.17104462073814225, ""base_emotional.loneliness"": 0.0801548435926712, ""base_emotional.self_esteem"": 0.7804066329504098, ""base_emotional.shame"": 0.09663195618304245, ""base_emotional.trust_in_teacher"": 0.7108495393432152}"		
1778047292.960	4	35	0.880968	0.776968	0.786968	0.000000	"{""adhd_hyperactive_impulsive.cognitive.conflict_tendency"": 0.23568690175857368, ""adhd_hyperactive_impulsive.cognitive.impulse_override"": 0.37735772780299304, ""adhd_hyperactive_impulsive.cognitive.plan_consistency"": -0.40413850032560616, ""adhd_hyperactive_impulsive.emotional.anger"": 0.14755418656963962, ""adhd_hyperactive_impulsive.emotional.excitement"": 0.15624779461508567, ""adhd_inattentive.cognitive.att_bandwidth"": -3, ""adhd_inattentive.cognitive.plan_consistency"": -0.2555314783931855, ""adhd_inattentive.cognitive.retention"": -4, ""adhd_inattentive.cognitive.task_initiation_delay"": 0.4756128181222935, ""adhd_inattentive.emotional.frustration"": 0.18915912008776442, ""adhd_inattentive.emotional.self_esteem"": -0.1867582093876127, ""adhd_inattentive.emotional.shame"": 0.24921266641023637, ""base_cognitive.att_bandwidth"": 2, ""base_cognitive.conflict_tendency"": 0.07401268371005437, ""base_cognitive.importance_trigger"": 144.9233214373866, ""base_cognitive.impulse_override"": 0.04864576260513394, ""base_cognitive.plan_consistency"": 0.8201450737879269, ""base_cognitive.recency_decay"": 0.9947246472786543, ""base_cognitive.retention"": 6, ""base_cognitive.social_sensitivity"": 0.34334457060844076, ""base_cognitive.task_initiation_delay"": 0.04055189794125397, ""base_cognitive.vision_r"": 4, ""base_emotional.anger"": 0.1168941801789419, ""base_emotional.anxiety"": 0.059028973761121456, ""base_emotional.excitement"": 0.21731244032353383, ""base_emotional.frustration"": 0.15444613372980176, ""base_emotional.loneliness"": 0.0899684674814853, ""base_emotional.self_esteem"": 0.7543903601007719, ""base_emotional.shame"": 0.12411709642701298, ""base_emotional.trust_in_teacher"": 0.623898014442581}"		
1778047293.488	4	36	0.909714	0.812868	0.804983	0.000000	"{""adhd_hyperactive_impulsive.cognitive.conflict_tendency"": 0.19322673141245145, ""adhd_hyperactive_impulsive.cognitive.impulse_override"": 0.3171790874932208, ""adhd_hyperactive_impulsive.cognitive.plan_consistency"": -0.3666315051017224, ""adhd_hyperactive_impulsive.emotional.anger"": 0.1346870424054238, ""adhd_hyperactive_impulsive.emotional.excitement"": 0.10510377878420822, ""adhd_inattentive.cognitive.att_bandwidth"": -1, ""adhd_inattentive.cognitive.plan_consistency"": -0.2946453853064685, ""adhd_inattentive.cognitive.retention"": -3, ""adhd_inattentive.cognitive.task_initiation_delay"": 0.4145615714813656, ""adhd_inattentive.emotional.frustration"": 0.20798963082513636, ""adhd_inattentive.emotional.self_esteem"": -0.28238019502683503, ""adhd_inattentive.emotional.shame"": 0.23323686832484328, ""base_cognitive.att_bandwidth"": 4, ""base_cognitive.conflict_tendency"": 0.10564859305424233, ""base_cognitive.importance_trigger"": 127.4405032066771, ""base_cognitive.impulse_override"": 0.04735493844206415, ""base_cognitive.plan_consistency"": 0.8764803765580151, ""base_cognitive.recency_decay"": 0.992255423603461, ""base_cognitive.retention"": 4, ""base_cognitive.social_sensitivity"": 0.3410661460917159, ""base_cognitive.task_initiation_delay"": 0.09921361520222027, ""base_cognitive.vision_r"": 4, ""base_emotional.anger"": 0.0343672035261689, ""base_emotional.anxiety"": 0.17904674112217933, ""base_emotional.excitement"": 0.17738199724935066, ""base_emotional.frustration"": 0.0747237317657663, ""base_emotional.loneliness"": 0.14373530807098656, ""base_emotional.self_esteem"": 0.6070019414485269, ""base_emotional.shame"": 0.11473736873613469, ""base_emotional.trust_in_teacher"": 0.7853918619127944}"		
1778047294.157	4	37	0.915257	0.779277	0.869227	0.000000	"{""adhd_hyperactive_impulsive.cognitive.conflict_tendency"": 0.17994692338511192, ""adhd_hyperactive_impulsive.cognitive.impulse_override"": 0.2740996613392534, ""adhd_hyperactive_impulsive.cognitive.plan_consistency"": -0.5481550024999459, ""adhd_hyperactive_impulsive.emotional.anger"": 0.1521184935126896, ""adhd_hyperactive_impulsive.emotional.excitement"": 0.23426056486167704, ""adhd_inattentive.cognitive.att_bandwidth"": -1, ""adhd_inattentive.cognitive.plan_consistency"": -0.31360689592078606, ""adhd_inattentive.cognitive.retention"": -2, ""adhd_inattentive.cognitive.task_initiation_delay"": 0.48811589409601064, ""adhd_inattentive.emotional.frustration"": 0.2083334465129615, ""adhd_inattentive.emotional.self_esteem"": -0.29065892193690024, ""adhd_inattentive.emotional.shame"": 0.18308153752358847, ""base_cognitive.att_bandwidth"": 4, ""base_cognitive.conflict_tendency"": 0.0744683540897619, ""base_cognitive.importance_trigger"": 114.60682184125008, ""base_cognitive.impulse_override"": 0.0992008858736629, ""base_cognitive.plan_consistency"": 0.7569772417619066, ""base_cognitive.recency_decay"": 0.9820987821414862, ""base_cognitive.retention"": 6, ""base_cognitive.social_sensitivity"": 0.5626541467318069, ""base_cognitive.task_initiation_delay"": 0.03880198145908952, ""base_cognitive.vision_r"": 5, ""base_emotional.anger"": 0.0558666890184318, ""base_emotional.anxiety"": 0.11948028582023437, ""base_emotional.excitement"": 0.24120812200899877, ""base_emotional.frustration"": 0.09747874580148719, ""base_emotional.loneliness"": 0.05643786370844639, ""base_emotional.self_esteem"": 0.7562640981521243, ""base_emotional.shame"": 0.087710831691137, ""base_emotional.trust_in_teacher"": 0.5612449181175347}"		
1778047294.671	4	38	0.917178	0.811751	0.825320	0.000000	"{""adhd_hyperactive_impulsive.cognitive.conflict_tendency"": 0.22643771708301755, ""adhd_hyperactive_impulsive.cognitive.impulse_override"": 0.39898880698683675, ""adhd_hyperactive_impulsive.cognitive.plan_consistency"": -0.3703999123509163, ""adhd_hyperactive_impulsive.emotional.anger"": 0.20454711972689527, ""adhd_hyperactive_impulsive.emotional.excitement"": 0.1768304847550142, ""adhd_inattentive.cognitive.att_bandwidth"": -2, ""adhd_inattentive.cognitive.plan_consistency"": -0.2575694265134967, ""adhd_inattentive.cognitive.retention"": -4, ""adhd_inattentive.cognitive.task_initiation_delay"": 0.4631516401881489, ""adhd_inattentive.emotional.frustration"": 0.2068127281895749, ""adhd_inattentive.emotional.self_esteem"": -0.2317107825709382, ""adhd_inattentive.emotional.shame"": 0.10395663621795359, ""base_cognitive.att_bandwidth"": 3, ""base_cognitive.conflict_tendency"": 0.06346956913214769, ""base_cognitive.importance_trigger"": 161.8195987206696, ""base_cognitive.impulse_override"": 0.08378599850548829, ""base_cognitive.plan_consistency"": 0.7621618759095222, ""base_cognitive.recency_decay"": 0.9870723461911857, ""base_cognitive.retention"": 4, ""base_cognitive.social_sensitivity"": 0.4795036160429012, ""base_cognitive.task_initiation_delay"": 0.05476521692867053, ""base_cognitive.vision_r"": 4, ""base_emotional.anger"": 0.05885454075200111, ""base_emotional.anxiety"": 0.12338866948705272, ""base_emotional.excitement"": 0.2678266318255327, ""base_emotional.frustration"": 0.09059674281891544, ""base_emotional.loneliness"": 0.05298487570443289, ""base_emotional.self_esteem"": 0.7085348198754491, ""base_emotional.shame"": 0.11158187840225951, ""base_emotional.trust_in_teacher"": 0.6656411177938404}"		
1778047295.150	4	39	0.761445	0.542382	0.840041	0.000000	"{""adhd_hyperactive_impulsive.cognitive.conflict_tendency"": 0.17012372821961474, ""adhd_hyperactive_impulsive.cognitive.impulse_override"": 0.38721119634356665, ""adhd_hyperactive_impulsive.cognitive.plan_consistency"": -0.3739400497926355, ""adhd_hyperactive_impulsive.emotional.anger"": 0.20343249265598665, ""adhd_hyperactive_impulsive.emotional.excitement"": 0.1557838464491014, ""adhd_inattentive.cognitive.att_bandwidth"": -3, ""adhd_inattentive.cognitive.plan_consistency"": -0.41782524317576164, ""adhd_inattentive.cognitive.retention"": -3, ""adhd_inattentive.cognitive.task_initiation_delay"": 0.3755152673070207, ""adhd_inattentive.emotional.frustration"": 0.190206647409288, ""adhd_inattentive.emotional.self_esteem"": -0.30336318677801466, ""adhd_inattentive.emotional.shame"": 0.13866463600241796, ""base_cognitive.att_bandwidth"": 2, ""base_cognitive.conflict_tendency"": 0.03725640864882122, ""base_cognitive.importance_trigger"": 133.82778212518878, ""base_cognitive.impulse_override"": 0.1025545000237008, ""base_cognitive.plan_consistency"": 0.8653263400796909, ""base_cognitive.recency_decay"": 0.9943410213547302, ""base_cognitive.retention"": 4, ""base_cognitive.social_sensitivity"": 0.46328161719153743, ""base_cognitive.task_initiation_delay"": 0.06919690669650744, ""base_cognitive.vision_r"": 4, ""base_emotional.anger"": 0.10134208385541045, ""base_emotional.anxiety"": 0.11451430388754684, ""base_emotional.excitement"": 0.19203858426917236, ""base_emotional.frustration"": 0.19967159393254452, ""base_emotional.loneliness"": 0.14527766448945256, ""base_emotional.self_esteem"": 0.6371906546724944, ""base_emotional.shame"": 0.14805366584440716, ""base_emotional.trust_in_teacher"": 0.7727630898780832}"		
1778047295.799	4	40	0.921920	0.814091	0.833665	0.000000	"{""adhd_hyperactive_impulsive.cognitive.conflict_tendency"": 0.1572221017071635, ""adhd_hyperactive_impulsive.cognitive.impulse_override"": 0.3611246224889759, ""adhd_hyperactive_impulsive.cognitive.plan_consistency"": -0.37723124943966047, ""adhd_hyperactive_impulsive.emotional.anger"": 0.1251095801432974, ""adhd_hyperactive_impulsive.emotional.excitement"": 0.11737056784691739, ""adhd_inattentive.cognitive.att_bandwidth"": -3, ""adhd_inattentive.cognitive.plan_consistency"": -0.42004491741909217, ""adhd_inattentive.cognitive.retention"": -3, ""adhd_inattentive.cognitive.task_initiation_delay"": 0.41492518555171704, ""adhd_inattentive.emotional.frustration"": 0.17233659600648227, ""adhd_inattentive.emotional.self_esteem"": -0.2245246990810678, ""adhd_inattentive.emotional.shame"": 0.220743672904065, ""base_cognitive.att_bandwidth"": 4, ""base_cognitive.conflict_tendency"": 0.09882228978986649, ""base_cognitive.importance_trigger"": 113.65759122417117, ""base_cognitive.impulse_override"": 0.07917444452000286, ""base_cognitive.plan_consistency"": 0.8522964476622754, ""base_cognitive.recency_decay"": 0.9939563009785015, ""base_cognitive.retention"": 6, ""base_cognitive.social_sensitivity"": 0.36447010247155487, ""base_cognitive.task_initiation_delay"": 0.08597230271442458, ""base_cognitive.vision_r"": 5, ""base_emotional.anger"": 0.13561331075080668, ""base_emotional.anxiety"": 0.07609433529282005, ""base_emotional.excitement"": 0.2320653906512417, ""base_emotional.frustration"": 0.13457692763078755, ""base_emotional.loneliness"": 0.14112058850234718, ""base_emotional.self_esteem"": 0.7815561962719108, ""base_emotional.shame"": 0.08535934509584814, ""base_emotional.trust_in_teacher"": 0.593449598174788}"		
1778047296.409	4	41	0.901217	0.812944	0.783626	0.000000	"{""adhd_hyperactive_impulsive.cognitive.conflict_tendency"": 0.19173275446793162, ""adhd_hyperactive_impulsive.cognitive.impulse_override"": 0.37056584224990763, ""adhd_hyperactive_impulsive.cognitive.plan_consistency"": -0.4494203946764713, ""adhd_hyperactive_impulsive.emotional.anger"": 0.24729289668404295, ""adhd_hyperactive_impulsive.emotional.excitement"": 0.12505532706152186, ""adhd_inattentive.cognitive.att_bandwidth"": -2, ""adhd_inattentive.cognitive.plan_consistency"": -0.29864357574103995, ""adhd_inattentive.cognitive.retention"": -2, ""adhd_inattentive.cognitive.task_initiation_delay"": 0.46753995537489074, ""adhd_inattentive.emotional.frustration"": 0.2308297952426784, ""adhd_inattentive.emotional.self_esteem"": -0.23765627693276797, ""adhd_inattentive.emotional.shame"": 0.17296173227709694, ""base_cognitive.att_bandwidth"": 4, ""base_cognitive.conflict_tendency"": 0.06088701614811996, ""base_cognitive.importance_trigger"": 157.2256016063566, ""base_cognitive.impulse_override"": 0.05765675858718511, ""base_cognitive.plan_consistency"": 0.866849046354674, ""base_cognitive.recency_decay"": 0.9824025208349636, ""base_cognitive.retention"": 5, ""base_cognitive.social_sensitivity"": 0.3954025130959504, ""base_cognitive.task_initiation_delay"": 0.04015027874881169, ""base_cognitive.vision_r"": 4, ""base_emotional.anger"": 0.13200256927843212, ""base_emotional.anxiety"": 0.1016505214881186, ""base_emotional.excitement"": 0.15303242906867603, ""base_emotional.frustration"": 0.071562357610572, ""base_emotional.loneliness"": 0.06312359559236413, ""base_emotional.self_esteem"": 0.7084923740689895, ""base_emotional.shame"": 0.11960674217219629, ""base_emotional.trust_in_teacher"": 0.5567907443028469}"		
1778047296.894	4	42	0.859068	0.721277	0.815754	0.000000	"{""adhd_hyperactive_impulsive.cognitive.conflict_tendency"": 0.24951925145683543, ""adhd_hyperactive_impulsive.cognitive.impulse_override"": 0.3662817261946367, ""adhd_hyperactive_impulsive.cognitive.plan_consistency"": -0.4587207366760093, ""adhd_hyperactive_impulsive.emotional.anger"": 0.23147312419921204, ""adhd_hyperactive_impulsive.emotional.excitement"": 0.12520308569884278, ""adhd_inattentive.cognitive.att_bandwidth"": -3, ""adhd_inattentive.cognitive.plan_consistency"": -0.3130890571276671, ""adhd_inattentive.cognitive.retention"": -4, ""adhd_inattentive.cognitive.task_initiation_delay"": 0.42615782003172276, ""adhd_inattentive.emotional.frustration"": 0.19313135085736785, ""adhd_inattentive.emotional.self_esteem"": -0.32309256732335473, ""adhd_inattentive.emotional.shame"": 0.18713592899856732, ""base_cognitive.att_bandwidth"": 2, ""base_cognitive.conflict_tendency"": 0.11852266795451055, ""base_cognitive.importance_trigger"": 149.4023356129453, ""base_cognitive.impulse_override"": 0.05970872410806563, ""base_cognitive.plan_consistency"": 0.8274855190424326, ""base_cognitive.recency_decay"": 0.9906238582107793, ""base_cognitive.retention"": 4, ""base_cognitive.social_sensitivity"": 0.40840413159997696, ""base_cognitive.task_initiation_delay"": 0.03136373496001609, ""base_cognitive.vision_r"": 3, ""base_emotional.anger"": 0.08270046565132882, ""base_emotional.anxiety"": 0.09164506826878079, ""base_emotional.excitement"": 0.20998663490375302, ""base_emotional.frustration"": 0.1724576650246945, ""base_emotional.loneliness"": 0.08888207424723571, ""base_emotional.self_esteem"": 0.686701205062364, ""base_emotional.shame"": 0.12265058508631775, ""base_emotional.trust_in_teacher"": 0.7936485328069238}"		
1778047297.518	4	43	0.734270	0.502975	0.831213	0.000000	"{""adhd_hyperactive_impulsive.cognitive.conflict_tendency"": 0.12503478608547186, ""adhd_hyperactive_impulsive.cognitive.impulse_override"": 0.3788753094138001, ""adhd_hyperactive_impulsive.cognitive.plan_consistency"": -0.531336139518677, ""adhd_hyperactive_impulsive.emotional.anger"": 0.23618440562876108, ""adhd_hyperactive_impulsive.emotional.excitement"": 0.24328099854927865, ""adhd_inattentive.cognitive.att_bandwidth"": -2, ""adhd_inattentive.cognitive.plan_consistency"": -0.43211393648714, ""adhd_inattentive.cognitive.retention"": -4, ""adhd_inattentive.cognitive.task_initiation_delay"": 0.42849676845266116, ""adhd_inattentive.emotional.frustration"": 0.24095338420590368, ""adhd_inattentive.emotional.self_esteem"": -0.18520698497740412, ""adhd_inattentive.emotional.shame"": 0.13429412223254245, ""base_cognitive.att_bandwidth"": 3, ""base_cognitive.conflict_tendency"": 0.11456411583891964, ""base_cognitive.importance_trigger"": 162.65695575753452, ""base_cognitive.impulse_override"": 0.10604279333984523, ""base_cognitive.plan_consistency"": 0.9380983703609451, ""base_cognitive.recency_decay"": 0.9841309389640484, ""base_cognitive.retention"": 6, ""base_cognitive.social_sensitivity"": 0.3474580813433694, ""base_cognitive.task_initiation_delay"": 0.06007693947963869, ""base_cognitive.vision_r"": 3, ""base_emotional.anger"": 0.07928508558982501, ""base_emotional.anxiety"": 0.05879768432422765, ""base_emotional.excitement"": 0.18665013135333688, ""base_emotional.frustration"": 0.1982569066238727, ""base_emotional.loneliness"": 0.11995334929364233, ""base_emotional.self_esteem"": 0.7099305121196697, ""base_emotional.shame"": 0.09769660258079148, ""base_emotional.trust_in_teacher"": 0.7381427445652983}"		
1778047298.047	4	44	0.900523	0.811789	0.783626	0.000000	"{""adhd_hyperactive_impulsive.cognitive.conflict_tendency"": 0.22878756472078118, ""adhd_hyperactive_impulsive.cognitive.impulse_override"": 0.2614283444962083, ""adhd_hyperactive_impulsive.cognitive.plan_consistency"": -0.4076383566023787, ""adhd_hyperactive_impulsive.emotional.anger"": 0.12615973647392886, ""adhd_hyperactive_impulsive.emotional.excitement"": 0.167268199621799, ""adhd_inattentive.cognitive.att_bandwidth"": -2, ""adhd_inattentive.cognitive.plan_consistency"": -0.2562849731959672, ""adhd_inattentive.cognitive.retention"": -4, ""adhd_inattentive.cognitive.task_initiation_delay"": 0.3558216446812447, ""adhd_inattentive.emotional.frustration"": 0.17990310011831767, ""adhd_inattentive.emotional.self_esteem"": -0.19376359219181333, ""adhd_inattentive.emotional.shame"": 0.19680948242280716, ""base_cognitive.att_bandwidth"": 4, ""base_cognitive.conflict_tendency"": 0.0954425462348917, ""base_cognitive.importance_trigger"": 118.4986994870874, ""base_cognitive.impulse_override"": 0.0745227899002987, ""base_cognitive.plan_consistency"": 0.8592290574224881, ""base_cognitive.recency_decay"": 0.9829292685895761, ""base_cognitive.retention"": 4, ""base_cognitive.social_sensitivity"": 0.5485789240058638, ""base_cognitive.task_initiation_delay"": 0.018544205851965114, ""base_cognitive.vision_r"": 3, ""base_emotional.anger"": 0.12307756162025178, ""base_emotional.anxiety"": 0.09689859349109245, ""base_emotional.excitement"": 0.2168655392284593, ""base_emotional.frustration"": 0.07828698792064584, ""base_emotional.loneliness"": 0.0803465532641983, ""base_emotional.self_esteem"": 0.6193553549100352, ""base_emotional.shame"": 0.08313993789021121, ""base_emotional.trust_in_teacher"": 0.7073871793661608}"		
1778047298.642	4	45	0.901838	0.813980	0.783626	0.000000	"{""adhd_hyperactive_impulsive.cognitive.conflict_tendency"": 0.13272263083118657, ""adhd_hyperactive_impulsive.cognitive.impulse_override"": 0.3262151279647827, ""adhd_hyperactive_impulsive.cognitive.plan_consistency"": -0.521659089962466, ""adhd_hyperactive_impulsive.emotional.anger"": 0.1297225698537807, ""adhd_hyperactive_impulsive.emotional.excitement"": 0.1406649372037434, ""adhd_inattentive.cognitive.att_bandwidth"": -2, ""adhd_inattentive.cognitive.plan_consistency"": -0.2799232737205876, ""adhd_inattentive.cognitive.retention"": -2, ""adhd_inattentive.cognitive.task_initiation_delay"": 0.4739786979437659, ""adhd_inattentive.emotional.frustration"": 0.20443424378529695, ""adhd_inattentive.emotional.self_esteem"": -0.275119957750398, ""adhd_inattentive.emotional.shame"": 0.24693044492589022, ""base_cognitive.att_bandwidth"": 3, ""base_cognitive.conflict_tendency"": 0.09395774324319218, ""base_cognitive.importance_trigger"": 151.36599044293598, ""base_cognitive.impulse_override"": 0.07766123983751536, ""base_cognitive.plan_consistency"": 0.8166735556488401, ""base_cognitive.recency_decay"": 0.9915948230839958, ""base_cognitive.retention"": 5, ""base_cognitive.social_sensitivity"": 0.3673992148441897, ""base_cognitive.task_initiation_delay"": 0.011467241083564629, ""base_cognitive.vision_r"": 3, ""base_emotional.anger"": 0.10441302364127897, ""base_emotional.anxiety"": 0.12033019640095269, ""base_emotional.excitement"": 0.18582391084901384, ""base_emotional.frustration"": 0.133998054273761, ""base_emotional.loneliness"": 0.0668385869610515, ""base_emotional.self_esteem"": 0.7671764062566598, ""base_emotional.shame"": 0.09638004587716362, ""base_emotional.trust_in_teacher"": 0.7223450363305125}"		
1778047299.170	4	46	0.904193	0.806672	0.800475	0.000000	"{""adhd_hyperactive_impulsive.cognitive.conflict_tendency"": 0.14862913217315152, ""adhd_hyperactive_impulsive.cognitive.impulse_override"": 0.34103319012142214, ""adhd_hyperactive_impulsive.cognitive.plan_consistency"": -0.3734505946046558, ""adhd_hyperactive_impulsive.emotional.anger"": 0.16708781102237605, ""adhd_hyperactive_impulsive.emotional.excitement"": 0.1995917614325286, ""adhd_inattentive.cognitive.att_bandwidth"": -3, ""adhd_inattentive.cognitive.plan_consistency"": -0.2808913154307679, ""adhd_inattentive.cognitive.retention"": -3, ""adhd_inattentive.cognitive.task_initiation_delay"": 0.40279276378017026, ""adhd_inattentive.emotional.frustration"": 0.1860128347608593, ""adhd_inattentive.emotional.self_esteem"": -0.3284906722189053, ""adhd_inattentive.emotional.shame"": 0.22176224276991174, ""base_cognitive.att_bandwidth"": 2, ""base_cognitive.conflict_tendency"": 0.046459168904590224, ""base_cognitive.importance_trigger"": 121.2247932902118, ""base_cognitive.impulse_override"": 0.09877594266335336, ""base_cognitive.plan_consistency"": 0.8241332735424862, ""base_cognitive.recency_decay"": 0.9880718273272537, ""base_cognitive.retention"": 5, ""base_cognitive.social_sensitivity"": 0.37175271588835845, ""base_cognitive.task_initiation_delay"": 0.020017435329975287, ""base_cognitive.vision_r"": 5, ""base_emotional.anger"": 0.10289189401342312, ""base_emotional.anxiety"": 0.1435403849363847, ""base_emotional.excitement"": 0.18089965662641275, ""base_emotional.frustration"": 0.05543331174028982, ""base_emotional.loneliness"": 0.14219831029980157, ""base_emotional.self_esteem"": 0.6722292587484175, ""base_emotional.shame"": 0.14458572475356096, ""base_emotional.trust_in_teacher"": 0.587630483946003}"		
1778047299.759	4	47	0.902520	0.815117	0.783626	0.000000	"{""adhd_hyperactive_impulsive.cognitive.conflict_tendency"": 0.19507743623831875, ""adhd_hyperactive_impulsive.cognitive.impulse_override"": 0.29637379323062857, ""adhd_hyperactive_impulsive.cognitive.plan_consistency"": -0.4322926204363982, ""adhd_hyperactive_impulsive.emotional.anger"": 0.22699491825579615, ""adhd_hyperactive_impulsive.emotional.excitement"": 0.22247092345658886, ""adhd_inattentive.cognitive.att_bandwidth"": -2, ""adhd_inattentive.cognitive.plan_consistency"": -0.2992198532053163, ""adhd_inattentive.cognitive.retention"": -3, ""adhd_inattentive.cognitive.task_initiation_delay"": 0.33860613535680995, ""adhd_inattentive.emotional.frustration"": 0.16814863445393174, ""adhd_inattentive.emotional.self_esteem"": -0.3101142421813352, ""adhd_inattentive.emotional.shame"": 0.16505189126604725, ""base_cognitive.att_bandwidth"": 4, ""base_cognitive.conflict_tendency"": 0.07902795311678737, ""base_cognitive.importance_trigger"": 148.7953173403012, ""base_cognitive.impulse_override"": 0.060195436831718956, ""base_cognitive.plan_consistency"": 0.8645520993459891, ""base_cognitive.recency_decay"": 0.9932732470140249, ""base_cognitive.retention"": 5, ""base_cognitive.social_sensitivity"": 0.4014377103898094, ""base_cognitive.task_initiation_delay"": 0.029324172018888206, ""base_cognitive.vision_r"": 3, ""base_emotional.anger"": 0.13200635373132374, ""base_emotional.anxiety"": 0.09637989635111188, ""base_emotional.excitement"": 0.24938799397691402, ""base_emotional.frustration"": 0.18395334195087187, ""base_emotional.loneliness"": 0.129777193819266, ""base_emotional.self_esteem"": 0.6686498559815401, ""base_emotional.shame"": 0.03190406017614672, ""base_emotional.trust_in_teacher"": 0.554396572693335}"		
1778047300.331	4	48	0.728346	0.495400	0.827766	0.000000	"{""adhd_hyperactive_impulsive.cognitive.conflict_tendency"": 0.2113859989736076, ""adhd_hyperactive_impulsive.cognitive.impulse_override"": 0.2977846825443608, ""adhd_hyperactive_impulsive.cognitive.plan_consistency"": -0.45725709769835243, ""adhd_hyperactive_impulsive.emotional.anger"": 0.21031330248030766, ""adhd_hyperactive_impulsive.emotional.excitement"": 0.19297839149861357, ""adhd_inattentive.cognitive.att_bandwidth"": -3, ""adhd_inattentive.cognitive.plan_consistency"": -0.31101542579614516, ""adhd_inattentive.cognitive.retention"": -4, ""adhd_inattentive.cognitive.task_initiation_delay"": 0.4290442901140419, ""adhd_inattentive.emotional.frustration"": 0.23617007140124366, ""adhd_inattentive.emotional.self_esteem"": -0.24473821996627465, ""adhd_inattentive.emotional.shame"": 0.12121301711695961, ""base_cognitive.att_bandwidth"": 2, ""base_cognitive.conflict_tendency"": 0.11081868598922145, ""base_cognitive.importance_trigger"": 156.72768674362436, ""base_cognitive.impulse_override"": 0.11428187329840549, ""base_cognitive.plan_consistency"": 0.7629632806841943, ""base_cognitive.recency_decay"": 0.9884882375664441, ""base_cognitive.retention"": 6, ""base_cognitive.social_sensitivity"": 0.5979511583135133, ""base_cognitive.task_initiation_delay"": 0.08511635432599758, ""base_cognitive.vision_r"": 4, ""base_emotional.anger"": 0.12332542726141489, ""base_emotional.anxiety"": 0.10499064776152184, ""base_emotional.excitement"": 0.26550245822651747, ""base_emotional.frustration"": 0.16523431747291167, ""base_emotional.loneliness"": 0.06501735110160958, ""base_emotional.self_esteem"": 0.6973649680130913, ""base_emotional.shame"": 0.11508490741609197, ""base_emotional.trust_in_teacher"": 0.792179559653829}"		
1778047300.947	4	49	0.914200	0.805571	0.827144	0.000000	"{""adhd_hyperactive_impulsive.cognitive.conflict_tendency"": 0.24440975391357733, ""adhd_hyperactive_impulsive.cognitive.impulse_override"": 0.3181452710445768, ""adhd_hyperactive_impulsive.cognitive.plan_consistency"": -0.5477009629239593, ""adhd_hyperactive_impulsive.emotional.anger"": 0.1851028273928237, ""adhd_hyperactive_impulsive.emotional.excitement"": 0.13497327699216705, ""adhd_inattentive.cognitive.att_bandwidth"": -2, ""adhd_inattentive.cognitive.plan_consistency"": -0.35840799197068607, ""adhd_inattentive.cognitive.retention"": -2, ""adhd_inattentive.cognitive.task_initiation_delay"": 0.3190506960125403, ""adhd_inattentive.emotional.frustration"": 0.14820812972103434, ""adhd_inattentive.emotional.self_esteem"": -0.22533853968105585, ""adhd_inattentive.emotional.shame"": 0.20249263271019824, ""base_cognitive.att_bandwidth"": 4, ""base_cognitive.conflict_tendency"": 0.09927966219196674, ""base_cognitive.importance_trigger"": 131.19415108954195, ""base_cognitive.impulse_override"": 0.09485998847011329, ""base_cognitive.plan_consistency"": 0.8862729184207505, ""base_cognitive.recency_decay"": 0.9832610465719124, ""base_cognitive.retention"": 5, ""base_cognitive.social_sensitivity"": 0.4720386183031576, ""base_cognitive.task_initiation_delay"": 0.012326301497320759, ""base_cognitive.vision_r"": 3, ""base_emotional.anger"": 0.1131884547272151, ""base_emotional.anxiety"": 0.11276902717276992, ""base_emotional.excitement"": 0.2743952471896588, ""base_emotional.frustration"": 0.088140685759465, ""base_emotional.loneliness"": 0.03546663166830104, ""base_emotional.self_esteem"": 0.7164931628057495, ""base_emotional.shame"": 0.11387818571831783, ""base_emotional.trust_in_teacher"": 0.6501138697113762}"		
1778047301.473	4	50	0.913829	0.756030	0.900528	0.000000	"{""adhd_hyperactive_impulsive.cognitive.conflict_tendency"": 0.10413865506479705, ""adhd_hyperactive_impulsive.cognitive.impulse_override"": 0.3954533069997648, ""adhd_hyperactive_impulsive.cognitive.plan_consistency"": -0.38616812448149884, ""adhd_hyperactive_impulsive.emotional.anger"": 0.122239246405652, ""adhd_hyperactive_impulsive.emotional.excitement"": 0.20993929216092883, ""adhd_inattentive.cognitive.att_bandwidth"": -1, ""adhd_inattentive.cognitive.plan_consistency"": -0.4282424537459234, ""adhd_inattentive.cognitive.retention"": -2, ""adhd_inattentive.cognitive.task_initiation_delay"": 0.37266876603191, ""adhd_inattentive.emotional.frustration"": 0.2015950126598956, ""adhd_inattentive.emotional.self_esteem"": -0.21007410899195542, ""adhd_inattentive.emotional.shame"": 0.1396364104682228, ""base_cognitive.att_bandwidth"": 3, ""base_cognitive.conflict_tendency"": 0.08150819052291415, ""base_cognitive.importance_trigger"": 145.44091380404737, ""base_cognitive.impulse_override"": 0.041989504679584115, ""base_cognitive.plan_consistency"": 0.7518587028717205, ""base_cognitive.recency_decay"": 0.9829760749813011, ""base_cognitive.retention"": 4, ""base_cognitive.social_sensitivity"": 0.541080758096714, ""base_cognitive.task_initiation_delay"": 0.04100917373569544, ""base_cognitive.vision_r"": 5, ""base_emotional.anger"": 0.14941198081636625, ""base_emotional.anxiety"": 0.1587451321644211, ""base_emotional.excitement"": 0.22252774114966478, ""base_emotional.frustration"": 0.11465608222317435, ""base_emotional.loneliness"": 0.1217694531509454, ""base_emotional.self_esteem"": 0.638195031165725, ""base_emotional.shame"": 0.05464023969848088, ""base_emotional.trust_in_teacher"": 0.648915573902553}"		
1778047302.061	4	51	0.837433	0.679601	0.824182	0.000000	"{""adhd_hyperactive_impulsive.cognitive.conflict_tendency"": 0.14628692209610047, ""adhd_hyperactive_impulsive.cognitive.impulse_override"": 0.3184058956759196, ""adhd_hyperactive_impulsive.cognitive.plan_consistency"": -0.4701080272876059, ""adhd_hyperactive_impulsive.emotional.anger"": 0.2107651243738633, ""adhd_hyperactive_impulsive.emotional.excitement"": 0.2458740599067589, ""adhd_inattentive.cognitive.att_bandwidth"": -1, ""adhd_inattentive.cognitive.plan_consistency"": -0.4321703666240006, ""adhd_inattentive.cognitive.retention"": -2, ""adhd_inattentive.cognitive.task_initiation_delay"": 0.46153281325971696, ""adhd_inattentive.emotional.frustration"": 0.2387694399277794, ""adhd_inattentive.emotional.self_esteem"": -0.18557713573163592, ""adhd_inattentive.emotional.shame"": 0.23469675193022743, ""base_cognitive.att_bandwidth"": 4, ""base_cognitive.conflict_tendency"": 0.04008275294846077, ""base_cognitive.importance_trigger"": 106.33594558172987, ""base_cognitive.impulse_override"": 0.10634724071254166, ""base_cognitive.plan_consistency"": 0.9358624533168777, ""base_cognitive.recency_decay"": 0.9827240456403241, ""base_cognitive.retention"": 5, ""base_cognitive.social_sensitivity"": 0.5513927444018939, ""base_cognitive.task_initiation_delay"": 0.03483704412807994, ""base_cognitive.vision_r"": 4, ""base_emotional.anger"": 0.13664140534044578, ""base_emotional.anxiety"": 0.11132926898959246, ""base_emotional.excitement"": 0.15536078268938536, ""base_emotional.frustration"": 0.11294686345229911, ""base_emotional.loneliness"": 0.04495501709504194, ""base_emotional.self_esteem"": 0.7825917289374063, ""base_emotional.shame"": 0.10950384085159265, ""base_emotional.trust_in_teacher"": 0.6509687535933246}"		
1778047302.639	4	52	0.850918	0.674991	0.864809	0.000000	"{""adhd_hyperactive_impulsive.cognitive.conflict_tendency"": 0.22467100594998374, ""adhd_hyperactive_impulsive.cognitive.impulse_override"": 0.35824316574016385, ""adhd_hyperactive_impulsive.cognitive.plan_consistency"": -0.422883175455322, ""adhd_hyperactive_impulsive.emotional.anger"": 0.2378761024999742, ""adhd_hyperactive_impulsive.emotional.excitement"": 0.19796582428535128, ""adhd_inattentive.cognitive.att_bandwidth"": -2, ""adhd_inattentive.cognitive.plan_consistency"": -0.4355516896716098, ""adhd_inattentive.cognitive.retention"": -3, ""adhd_inattentive.cognitive.task_initiation_delay"": 0.4823682327419294, ""adhd_inattentive.emotional.frustration"": 0.19479392296580134, ""adhd_inattentive.emotional.self_esteem"": -0.3258596393180469, ""adhd_inattentive.emotional.shame"": 0.1884647019150365, ""base_cognitive.att_bandwidth"": 2, ""base_cognitive.conflict_tendency"": 0.08343620734786895, ""base_cognitive.importance_trigger"": 161.82222071586466, ""base_cognitive.impulse_override"": 0.1086706548208067, ""base_cognitive.plan_consistency"": 0.8426506753893451, ""base_cognitive.recency_decay"": 0.9834091725372689, ""base_cognitive.retention"": 6, ""base_cognitive.social_sensitivity"": 0.4702935714740314, ""base_cognitive.task_initiation_delay"": 0.06699056205652804, ""base_cognitive.vision_r"": 5, ""base_emotional.anger"": 0.13965258377699577, ""base_emotional.anxiety"": 0.1384681505978148, ""base_emotional.excitement"": 0.24940543594944303, ""base_emotional.frustration"": 0.14482270337910003, ""base_emotional.loneliness"": 0.1303608154593161, ""base_emotional.self_esteem"": 0.6354134720594753, ""base_emotional.shame"": 0.09554261535601738, ""base_emotional.trust_in_teacher"": 0.7816499617237251}"		
1778047303.286	4	53	0.912109	0.811695	0.812730	0.000000	"{""adhd_hyperactive_impulsive.cognitive.conflict_tendency"": 0.13390611743601846, ""adhd_hyperactive_impulsive.cognitive.impulse_override"": 0.38430182570811244, ""adhd_hyperactive_impulsive.cognitive.plan_consistency"": -0.43896990867749364, ""adhd_hyperactive_impulsive.emotional.anger"": 0.20446256770722637, ""adhd_hyperactive_impulsive.emotional.excitement"": 0.19816950981978482, ""adhd_inattentive.cognitive.att_bandwidth"": -1, ""adhd_inattentive.cognitive.plan_consistency"": -0.36432391764585625, ""adhd_inattentive.cognitive.retention"": -4, ""adhd_inattentive.cognitive.task_initiation_delay"": 0.32240758727331703, ""adhd_inattentive.emotional.frustration"": 0.1808314473008071, ""adhd_inattentive.emotional.self_esteem"": -0.20722086273830673, ""adhd_inattentive.emotional.shame"": 0.19382395307582423, ""base_cognitive.att_bandwidth"": 4, ""base_cognitive.conflict_tendency"": 0.06098405974509098, ""base_cognitive.importance_trigger"": 167.48006298038703, ""base_cognitive.impulse_override"": 0.039791114150550116, ""base_cognitive.plan_consistency"": 0.9128053993332202, ""base_cognitive.recency_decay"": 0.9810155178157807, ""base_cognitive.retention"": 6, ""base_cognitive.social_sensitivity"": 0.5114822712279816, ""base_cognitive.task_initiation_delay"": 0.012639293110463135, ""base_cognitive.vision_r"": 4, ""base_emotional.anger"": 0.054023976770104995, ""base_emotional.anxiety"": 0.09420610865069948, ""base_emotional.excitement"": 0.1740893639690112, ""base_emotional.frustration"": 0.14457636620546183, ""base_emotional.loneliness"": 0.12268972487681522, ""base_emotional.self_esteem"": 0.6513210606133222, ""base_emotional.shame"": 0.10747583781623325, ""base_emotional.trust_in_teacher"": 0.7286388332720432}"		
1778047303.813	4	54	0.918689	0.813548	0.826401	0.000000	"{""adhd_hyperactive_impulsive.cognitive.conflict_tendency"": 0.16696651980714078, ""adhd_hyperactive_impulsive.cognitive.impulse_override"": 0.3725393909147061, ""adhd_hyperactive_impulsive.cognitive.plan_consistency"": -0.5474956226659959, ""adhd_hyperactive_impulsive.emotional.anger"": 0.13163981715374326, ""adhd_hyperactive_impulsive.emotional.excitement"": 0.12745675360670422, ""adhd_inattentive.cognitive.att_bandwidth"": -3, ""adhd_inattentive.cognitive.plan_consistency"": -0.385206066395987, ""adhd_inattentive.cognitive.retention"": -4, ""adhd_inattentive.cognitive.task_initiation_delay"": 0.37896596634125346, ""adhd_inattentive.emotional.frustration"": 0.15996057294974958, ""adhd_inattentive.emotional.self_esteem"": -0.1953127502646648, ""adhd_inattentive.emotional.shame"": 0.2173432922133754, ""base_cognitive.att_bandwidth"": 4, ""base_cognitive.conflict_tendency"": 0.050952060349048395, ""base_cognitive.importance_trigger"": 133.2891826562086, ""base_cognitive.impulse_override"": 0.04682300384896496, ""base_cognitive.plan_consistency"": 0.8484457749646808, ""base_cognitive.recency_decay"": 0.9816529001572325, ""base_cognitive.retention"": 4, ""base_cognitive.social_sensitivity"": 0.3796029896048448, ""base_cognitive.task_initiation_delay"": 0.046137649638288994, ""base_cognitive.vision_r"": 3, ""base_emotional.anger"": 0.09956473100161879, ""base_emotional.anxiety"": 0.07501961784855879, ""base_emotional.excitement"": 0.20384288975119144, ""base_emotional.frustration"": 0.08188011002735168, ""base_emotional.loneliness"": 0.03388464843529049, ""base_emotional.self_esteem"": 0.6609759783581275, ""base_emotional.shame"": 0.0849462193255062, ""base_emotional.trust_in_teacher"": 0.5785498070116014}"		
1778047304.435	4	55	0.885680	0.743902	0.848346	0.000000	"{""adhd_hyperactive_impulsive.cognitive.conflict_tendency"": 0.191892101942704, ""adhd_hyperactive_impulsive.cognitive.impulse_override"": 0.3023383859159507, ""adhd_hyperactive_impulsive.cognitive.plan_consistency"": -0.354547994371687, ""adhd_hyperactive_impulsive.emotional.anger"": 0.12663515914262422, ""adhd_hyperactive_impulsive.emotional.excitement"": 0.23392767484931384, ""adhd_inattentive.cognitive.att_bandwidth"": -1, ""adhd_inattentive.cognitive.plan_consistency"": -0.414504926370794, ""adhd_inattentive.cognitive.retention"": -4, ""adhd_inattentive.cognitive.task_initiation_delay"": 0.3730127666337733, ""adhd_inattentive.emotional.frustration"": 0.23560340887854694, ""adhd_inattentive.emotional.self_esteem"": -0.34087198617102976, ""adhd_inattentive.emotional.shame"": 0.16126591115750405, ""base_cognitive.att_bandwidth"": 3, ""base_cognitive.conflict_tendency"": 0.039211723647838134, ""base_cognitive.importance_trigger"": 114.9261003727181, ""base_cognitive.impulse_override"": 0.09198574583861532, ""base_cognitive.plan_consistency"": 0.8039554518728809, ""base_cognitive.recency_decay"": 0.9949710058625856, ""base_cognitive.retention"": 6, ""base_cognitive.social_sensitivity"": 0.3743262376653167, ""base_cognitive.task_initiation_delay"": 0.01589690933180581, ""base_cognitive.vision_r"": 5, ""base_emotional.anger"": 0.13259215699798965, ""base_emotional.anxiety"": 0.10680116748546112, ""base_emotional.excitement"": 0.23546323475210917, ""base_emotional.frustration"": 0.09312128030620967, ""base_emotional.loneliness"": 0.06951887263402387, ""base_emotional.self_esteem"": 0.7309141412727385, ""base_emotional.shame"": 0.0374514698823271, ""base_emotional.trust_in_teacher"": 0.6399998408072045}"		
1778047305.005	4	56	0.917681	0.809195	0.830410	0.000000	"{""adhd_hyperactive_impulsive.cognitive.conflict_tendency"": 0.13440028942238735, ""adhd_hyperactive_impulsive.cognitive.impulse_override"": 0.33740086752337695, ""adhd_hyperactive_impulsive.cognitive.plan_consistency"": -0.38418143137583366, ""adhd_hyperactive_impulsive.emotional.anger"": 0.13804854769140984, ""adhd_hyperactive_impulsive.emotional.excitement"": 0.18444992055737686, ""adhd_inattentive.cognitive.att_bandwidth"": -2, ""adhd_inattentive.cognitive.plan_consistency"": -0.3598188288116094, ""adhd_inattentive.cognitive.retention"": -4, ""adhd_inattentive.cognitive.task_initiation_delay"": 0.4645217899467171, ""adhd_inattentive.emotional.frustration"": 0.2057442821209258, ""adhd_inattentive.emotional.self_esteem"": -0.18951550258359645, ""adhd_inattentive.emotional.shame"": 0.15370113127897284, ""base_cognitive.att_bandwidth"": 2, ""base_cognitive.conflict_tendency"": 0.05772085739972929, ""base_cognitive.importance_trigger"": 115.41010514753226, ""base_cognitive.impulse_override"": 0.09116166466128883, ""base_cognitive.plan_consistency"": 0.8077135633893544, ""base_cognitive.recency_decay"": 0.9803768028313711, ""base_cognitive.retention"": 6, ""base_cognitive.social_sensitivity"": 0.31061375703169475, ""base_cognitive.task_initiation_delay"": 0.013855532285930517, ""base_cognitive.vision_r"": 4, ""base_emotional.anger"": 0.04482418693673974, ""base_emotional.anxiety"": 0.10506483913869587, ""base_emotional.excitement"": 0.16379055357506314, ""base_emotional.frustration"": 0.10643538765551636, ""base_emotional.loneliness"": 0.11449008432433747, ""base_emotional.self_esteem"": 0.6666496391316332, ""base_emotional.shame"": 0.14991117131273207, ""base_emotional.trust_in_teacher"": 0.5933767787471961}"		
1778047305.585	4	57	0.821470	0.657923	0.816791	0.000000	"{""adhd_hyperactive_impulsive.cognitive.conflict_tendency"": 0.24777982100351736, ""adhd_hyperactive_impulsive.cognitive.impulse_override"": 0.2995158695371884, ""adhd_hyperactive_impulsive.cognitive.plan_consistency"": -0.5313272360580605, ""adhd_hyperactive_impulsive.emotional.anger"": 0.1619573256853348, ""adhd_hyperactive_impulsive.emotional.excitement"": 0.18640811488388626, ""adhd_inattentive.cognitive.att_bandwidth"": -1, ""adhd_inattentive.cognitive.plan_consistency"": -0.27865784431155677, ""adhd_inattentive.cognitive.retention"": -3, ""adhd_inattentive.cognitive.task_initiation_delay"": 0.41986271137961717, ""adhd_inattentive.emotional.frustration"": 0.20839357355223967, ""adhd_inattentive.emotional.self_esteem"": -0.3236235669356672, ""adhd_inattentive.emotional.shame"": 0.10683134464046576, ""base_cognitive.att_bandwidth"": 3, ""base_cognitive.conflict_tendency"": 0.07375892145151033, ""base_cognitive.importance_trigger"": 152.82266866243046, ""base_cognitive.impulse_override"": 0.11035810427344483, ""base_cognitive.plan_consistency"": 0.7647193660345781, ""base_cognitive.recency_decay"": 0.9896895201518267, ""base_cognitive.retention"": 5, ""base_cognitive.social_sensitivity"": 0.3969617404900539, ""base_cognitive.task_initiation_delay"": 0.035038965181175545, ""base_cognitive.vision_r"": 4, ""base_emotional.anger"": 0.07366989733575727, ""base_emotional.anxiety"": 0.1471406555284267, ""base_emotional.excitement"": 0.2947289957040887, ""base_emotional.frustration"": 0.15395917807754034, ""base_emotional.loneliness"": 0.05842194704306142, ""base_emotional.self_esteem"": 0.6637266572476683, ""base_emotional.shame"": 0.0794764671665098, ""base_emotional.trust_in_teacher"": 0.7220526685666673}"		
1778047306.213	4	58	0.746086	0.520231	0.834870	0.000000	"{""adhd_hyperactive_impulsive.cognitive.conflict_tendency"": 0.16296383789633437, ""adhd_hyperactive_impulsive.cognitive.impulse_override"": 0.3394918792416701, ""adhd_hyperactive_impulsive.cognitive.plan_consistency"": -0.5174709856471331, ""adhd_hyperactive_impulsive.emotional.anger"": 0.16668061729733796, ""adhd_hyperactive_impulsive.emotional.excitement"": 0.1072259577795942, ""adhd_inattentive.cognitive.att_bandwidth"": -3, ""adhd_inattentive.cognitive.plan_consistency"": -0.3915480152316463, ""adhd_inattentive.cognitive.retention"": -4, ""adhd_inattentive.cognitive.task_initiation_delay"": 0.3078274856544763, ""adhd_inattentive.emotional.frustration"": 0.17170139264132683, ""adhd_inattentive.emotional.self_esteem"": -0.34746463787960685, ""adhd_inattentive.emotional.shame"": 0.18147999726369984, ""base_cognitive.att_bandwidth"": 3, ""base_cognitive.conflict_tendency"": 0.08097383545708794, ""base_cognitive.importance_trigger"": 146.42551876340755, ""base_cognitive.impulse_override"": 0.08565879815410604, ""base_cognitive.plan_consistency"": 0.8559371959927005, ""base_cognitive.recency_decay"": 0.9846226438966095, ""base_cognitive.retention"": 6, ""base_cognitive.social_sensitivity"": 0.5612433101029994, ""base_cognitive.task_initiation_delay"": 0.03319123065208629, ""base_cognitive.vision_r"": 4, ""base_emotional.anger"": 0.08280508682981055, ""base_emotional.anxiety"": 0.0683164712010719, ""base_emotional.excitement"": 0.17881162037519457, ""base_emotional.frustration"": 0.1883499199074199, ""base_emotional.loneliness"": 0.06779961050442884, ""base_emotional.self_esteem"": 0.7839516525724988, ""base_emotional.shame"": 0.10939978316599178, ""base_emotional.trust_in_teacher"": 0.7583891225478301}"		
1778047306.873	4	59	0.918729	0.813021	0.827292	0.000000	"{""adhd_hyperactive_impulsive.cognitive.conflict_tendency"": 0.19802752212382183, ""adhd_hyperactive_impulsive.cognitive.impulse_override"": 0.3224816408192976, ""adhd_hyperactive_impulsive.cognitive.plan_consistency"": -0.4703307893993091, ""adhd_hyperactive_impulsive.emotional.anger"": 0.15056349288688592, ""adhd_hyperactive_impulsive.emotional.excitement"": 0.23820813253094308, ""adhd_inattentive.cognitive.att_bandwidth"": -1, ""adhd_inattentive.cognitive.plan_consistency"": -0.4131750634970774, ""adhd_inattentive.cognitive.retention"": -2, ""adhd_inattentive.cognitive.task_initiation_delay"": 0.37640988871269654, ""adhd_inattentive.emotional.frustration"": 0.1675869646556059, ""adhd_inattentive.emotional.self_esteem"": -0.1918167625202867, ""adhd_inattentive.emotional.shame"": 0.16182767587067146, ""base_cognitive.att_bandwidth"": 4, ""base_cognitive.conflict_tendency"": 0.0836774104447901, ""base_cognitive.importance_trigger"": 106.59200904305617, ""base_cognitive.impulse_override"": 0.06999270012485265, ""base_cognitive.plan_consistency"": 0.8965755779164719, ""base_cognitive.recency_decay"": 0.9931715069601718, ""base_cognitive.retention"": 6, ""base_cognitive.social_sensitivity"": 0.4969610430266449, ""base_cognitive.task_initiation_delay"": 0.021286169528493583, ""base_cognitive.vision_r"": 3, ""base_emotional.anger"": 0.055910677445441884, ""base_emotional.anxiety"": 0.10321147608376104, ""base_emotional.excitement"": 0.29687635397900397, ""base_emotional.frustration"": 0.1723377561737633, ""base_emotional.loneliness"": 0.0799510592543993, ""base_emotional.self_esteem"": 0.72881400793176, ""base_emotional.shame"": 0.08241300018719128, ""base_emotional.trust_in_teacher"": 0.6233390817174231}"		
1778047307.440	4	60	0.903802	0.811196	0.792710	0.000000	"{""adhd_hyperactive_impulsive.cognitive.conflict_tendency"": 0.17429216448193746, ""adhd_hyperactive_impulsive.cognitive.impulse_override"": 0.2910865844154557, ""adhd_hyperactive_impulsive.cognitive.plan_consistency"": -0.4522138100159848, ""adhd_hyperactive_impulsive.emotional.anger"": 0.1261096506914705, ""adhd_hyperactive_impulsive.emotional.excitement"": 0.10472037252532798, ""adhd_inattentive.cognitive.att_bandwidth"": -1, ""adhd_inattentive.cognitive.plan_consistency"": -0.3578612829014455, ""adhd_inattentive.cognitive.retention"": -4, ""adhd_inattentive.cognitive.task_initiation_delay"": 0.452356460737922, ""adhd_inattentive.emotional.frustration"": 0.22132628588643716, ""adhd_inattentive.emotional.self_esteem"": -0.2558836845344696, ""adhd_inattentive.emotional.shame"": 0.2449040551775703, ""base_cognitive.att_bandwidth"": 3, ""base_cognitive.conflict_tendency"": 0.08517125373376105, ""base_cognitive.importance_trigger"": 166.81940499245917, ""base_cognitive.impulse_override"": 0.04773254487236386, ""base_cognitive.plan_consistency"": 0.940589234235741, ""base_cognitive.recency_decay"": 0.9886310807238667, ""base_cognitive.retention"": 5, ""base_cognitive.social_sensitivity"": 0.5051033904082021, ""base_cognitive.task_initiation_delay"": 0.056751227098939365, ""base_cognitive.vision_r"": 4, ""base_emotional.anger"": 0.13193724562127435, ""base_emotional.anxiety"": 0.10756128863189642, ""base_emotional.excitement"": 0.25002142298808966, ""base_emotional.frustration"": 0.13061355222443327, ""base_emotional.loneliness"": 0.04760932926848558, ""base_emotional.self_esteem"": 0.788995338953774, ""base_emotional.shame"": 0.056196934818610836, ""base_emotional.trust_in_teacher"": 0.7411699004681259}"		
1778047308.074	4	61	0.900645	0.811991	0.783626	0.000000	"{""adhd_hyperactive_impulsive.cognitive.conflict_tendency"": 0.13303119508396688, ""adhd_hyperactive_impulsive.cognitive.impulse_override"": 0.2764922006163208, ""adhd_hyperactive_impulsive.cognitive.plan_consistency"": -0.40096532707460686, ""adhd_hyperactive_impulsive.emotional.anger"": 0.2289297216682818, ""adhd_hyperactive_impulsive.emotional.excitement"": 0.24483219006943902, ""adhd_inattentive.cognitive.att_bandwidth"": -2, ""adhd_inattentive.cognitive.plan_consistency"": -0.2503371227136177, ""adhd_inattentive.cognitive.retention"": -4, ""adhd_inattentive.cognitive.task_initiation_delay"": 0.39499843243774924, ""adhd_inattentive.emotional.frustration"": 0.1407968744460932, ""adhd_inattentive.emotional.self_esteem"": -0.2852014042391992, ""adhd_inattentive.emotional.shame"": 0.15674180874687477, ""base_cognitive.att_bandwidth"": 4, ""base_cognitive.conflict_tendency"": 0.03447707302434207, ""base_cognitive.importance_trigger"": 119.49985230137425, ""base_cognitive.impulse_override"": 0.05040550846988387, ""base_cognitive.plan_consistency"": 0.8912474737900964, ""base_cognitive.recency_decay"": 0.9838472947295225, ""base_cognitive.retention"": 6, ""base_cognitive.social_sensitivity"": 0.4100574686038142, ""base_cognitive.task_initiation_delay"": 0.04871853870079134, ""base_cognitive.vision_r"": 5, ""base_emotional.anger"": 0.05283952012872191, ""base_emotional.anxiety"": 0.05085056356313461, ""base_emotional.excitement"": 0.15797940543505015, ""base_emotional.frustration"": 0.19645118786157756, ""base_emotional.loneliness"": 0.08853127076524694, ""base_emotional.self_esteem"": 0.6209808343237662, ""base_emotional.shame"": 0.0633204343464574, ""base_emotional.trust_in_teacher"": 0.5847888963863405}"		
1778047308.626	4	62	0.896749	0.770265	0.836475	0.000000	"{""adhd_hyperactive_impulsive.cognitive.conflict_tendency"": 0.10565472845966985, ""adhd_hyperactive_impulsive.cognitive.impulse_override"": 0.2996919811106931, ""adhd_hyperactive_impulsive.cognitive.plan_consistency"": -0.5132587533299804, ""adhd_hyperactive_impulsive.emotional.anger"": 0.12077775932493984, ""adhd_hyperactive_impulsive.emotional.excitement"": 0.24838678337267553, ""adhd_inattentive.cognitive.att_bandwidth"": -1, ""adhd_inattentive.cognitive.plan_consistency"": -0.2904374335460429, ""adhd_inattentive.cognitive.retention"": -3, ""adhd_inattentive.cognitive.task_initiation_delay"": 0.3422736238735977, ""adhd_inattentive.emotional.frustration"": 0.157536913323364, ""adhd_inattentive.emotional.self_esteem"": -0.2961987306588247, ""adhd_inattentive.emotional.shame"": 0.13728490772415108, ""base_cognitive.att_bandwidth"": 2, ""base_cognitive.conflict_tendency"": 0.038424767475832955, ""base_cognitive.importance_trigger"": 164.11384840679273, ""base_cognitive.impulse_override"": 0.07204386529174922, ""base_cognitive.plan_consistency"": 0.7693163993018636, ""base_cognitive.recency_decay"": 0.9887358829925619, ""base_cognitive.retention"": 5, ""base_cognitive.social_sensitivity"": 0.3393421271277937, ""base_cognitive.task_initiation_delay"": 0.04036793296033532, ""base_cognitive.vision_r"": 4, ""base_emotional.anger"": 0.08465215824638644, ""base_emotional.anxiety"": 0.12175857496373292, ""base_emotional.excitement"": 0.24525223006203303, ""base_emotional.frustration"": 0.1450368518431921, ""base_emotional.loneliness"": 0.09420791703570562, ""base_emotional.self_esteem"": 0.6554854811094749, ""base_emotional.shame"": 0.09440296713043293, ""base_emotional.trust_in_teacher"": 0.7067525399234077}"		
1778047309.266	4	63	0.928674	0.810865	0.855388	0.000000	"{""adhd_hyperactive_impulsive.cognitive.conflict_tendency"": 0.18270816715496085, ""adhd_hyperactive_impulsive.cognitive.impulse_override"": 0.3654414189562558, ""adhd_hyperactive_impulsive.cognitive.plan_consistency"": -0.49365055835860727, ""adhd_hyperactive_impulsive.emotional.anger"": 0.2136396581886634, ""adhd_hyperactive_impulsive.emotional.excitement"": 0.19918837006081225, ""adhd_inattentive.cognitive.att_bandwidth"": -3, ""adhd_inattentive.cognitive.plan_consistency"": -0.4140879981716092, ""adhd_inattentive.cognitive.retention"": -3, ""adhd_inattentive.cognitive.task_initiation_delay"": 0.3327471448449583, ""adhd_inattentive.emotional.frustration"": 0.15023077151985026, ""adhd_inattentive.emotional.self_esteem"": -0.2002444309874108, ""adhd_inattentive.emotional.shame"": 0.17708613404257711, ""base_cognitive.att_bandwidth"": 4, ""base_cognitive.conflict_tendency"": 0.10873065751736534, ""base_cognitive.importance_trigger"": 168.19112057489008, ""base_cognitive.impulse_override"": 0.06907971817394162, ""base_cognitive.plan_consistency"": 0.8192932808257471, ""base_cognitive.recency_decay"": 0.9849932644156978, ""base_cognitive.retention"": 6, ""base_cognitive.social_sensitivity"": 0.5449409205172456, ""base_cognitive.task_initiation_delay"": 0.035286695041675975, ""base_cognitive.vision_r"": 5, ""base_emotional.anger"": 0.052980277699756974, ""base_emotional.anxiety"": 0.11526256775348184, ""base_emotional.excitement"": 0.21219531361454033, ""base_emotional.frustration"": 0.15415011674382953, ""base_emotional.loneliness"": 0.08247819851429453, ""base_emotional.self_esteem"": 0.6949179561876787, ""base_emotional.shame"": 0.14213187924797588, ""base_emotional.trust_in_teacher"": 0.7935463614912948}"		
1778047309.791	4	64	0.910597	0.815019	0.803965	0.000000	"{""adhd_hyperactive_impulsive.cognitive.conflict_tendency"": 0.15345796591468724, ""adhd_hyperactive_impulsive.cognitive.impulse_override"": 0.2992619211090277, ""adhd_hyperactive_impulsive.cognitive.plan_consistency"": -0.3642719014774621, ""adhd_hyperactive_impulsive.emotional.anger"": 0.23917604677242552, ""adhd_hyperactive_impulsive.emotional.excitement"": 0.11367121911401946, ""adhd_inattentive.cognitive.att_bandwidth"": -2, ""adhd_inattentive.cognitive.plan_consistency"": -0.30147640582707624, ""adhd_inattentive.cognitive.retention"": -3, ""adhd_inattentive.cognitive.task_initiation_delay"": 0.35807771908186603, ""adhd_inattentive.emotional.frustration"": 0.13433096016797147, ""adhd_inattentive.emotional.self_esteem"": -0.3136242561850468, ""adhd_inattentive.emotional.shame"": 0.2229687762849923, ""base_cognitive.att_bandwidth"": 4, ""base_cognitive.conflict_tendency"": 0.10680573652868192, ""base_cognitive.importance_trigger"": 144.68403265933682, ""base_cognitive.impulse_override"": 0.049538619424975644, ""base_cognitive.plan_consistency"": 0.8345619516914615, ""base_cognitive.recency_decay"": 0.986434386913808, ""base_cognitive.retention"": 4, ""base_cognitive.social_sensitivity"": 0.4908210256589517, ""base_cognitive.task_initiation_delay"": 0.046702546230854715, ""base_cognitive.vision_r"": 3, ""base_emotional.anger"": 0.1291191681820606, ""base_emotional.anxiety"": 0.12698687811753606, ""base_emotional.excitement"": 0.29203243983195815, ""base_emotional.frustration"": 0.0867514853197425, ""base_emotional.loneliness"": 0.08948057707910087, ""base_emotional.self_esteem"": 0.6435043898696924, ""base_emotional.shame"": 0.11262052554868714, ""base_emotional.trust_in_teacher"": 0.6953670786976033}"		
1778047310.318	4	65	0.866845	0.735541	0.813801	0.000000	"{""adhd_hyperactive_impulsive.cognitive.conflict_tendency"": 0.2235981293704012, ""adhd_hyperactive_impulsive.cognitive.impulse_override"": 0.31627632766606806, ""adhd_hyperactive_impulsive.cognitive.plan_consistency"": -0.4433733672700908, ""adhd_hyperactive_impulsive.emotional.anger"": 0.19013323425112233, ""adhd_hyperactive_impulsive.emotional.excitement"": 0.17429087696248038, ""adhd_inattentive.cognitive.att_bandwidth"": -1, ""adhd_inattentive.cognitive.plan_consistency"": -0.37410360159176764, ""adhd_inattentive.cognitive.retention"": -2, ""adhd_inattentive.cognitive.task_initiation_delay"": 0.3472376175580637, ""adhd_inattentive.emotional.frustration"": 0.24256737065986267, ""adhd_inattentive.emotional.self_esteem"": -0.25358288887564795, ""adhd_inattentive.emotional.shame"": 0.13808942283953363, ""base_cognitive.att_bandwidth"": 4, ""base_cognitive.conflict_tendency"": 0.03321903442422913, ""base_cognitive.importance_trigger"": 155.4631506581826, ""base_cognitive.impulse_override"": 0.03138625350086166, ""base_cognitive.plan_consistency"": 0.868573096096039, ""base_cognitive.recency_decay"": 0.9880677808891086, ""base_cognitive.retention"": 4, ""base_cognitive.social_sensitivity"": 0.371750038419985, ""base_cognitive.task_initiation_delay"": 0.08065001572474098, ""base_cognitive.vision_r"": 5, ""base_emotional.anger"": 0.11487429634818144, ""base_emotional.anxiety"": 0.14124400329112724, ""base_emotional.excitement"": 0.17465192602702093, ""base_emotional.frustration"": 0.1987873346414054, ""base_emotional.loneliness"": 0.1293918893122908, ""base_emotional.self_esteem"": 0.7684987255336502, ""base_emotional.shame"": 0.0841276093616315, ""base_emotional.trust_in_teacher"": 0.6841871530305053}"		
1778047310.922	4	66	0.899808	0.810596	0.783626	0.000000	"{""adhd_hyperactive_impulsive.cognitive.conflict_tendency"": 0.1355261602131678, ""adhd_hyperactive_impulsive.cognitive.impulse_override"": 0.36222743735190804, ""adhd_hyperactive_impulsive.cognitive.plan_consistency"": -0.5031469998451386, ""adhd_hyperactive_impulsive.emotional.anger"": 0.16706077519039508, ""adhd_hyperactive_impulsive.emotional.excitement"": 0.22965670149299197, ""adhd_inattentive.cognitive.att_bandwidth"": -1, ""adhd_inattentive.cognitive.plan_consistency"": -0.25593126313956205, ""adhd_inattentive.cognitive.retention"": -4, ""adhd_inattentive.cognitive.task_initiation_delay"": 0.32173675905294125, ""adhd_inattentive.emotional.frustration"": 0.2343795754365002, ""adhd_inattentive.emotional.self_esteem"": -0.3042562080075148, ""adhd_inattentive.emotional.shame"": 0.22272366547049005, ""base_cognitive.att_bandwidth"": 4, ""base_cognitive.conflict_tendency"": 0.08337264946604175, ""base_cognitive.importance_trigger"": 149.6909930905761, ""base_cognitive.impulse_override"": 0.10329383409411148, ""base_cognitive.plan_consistency"": 0.8962023578458054, ""base_cognitive.recency_decay"": 0.9854410595976745, ""base_cognitive.retention"": 5, ""base_cognitive.social_sensitivity"": 0.5384191203128639, ""base_cognitive.task_initiation_delay"": 0.011516238214166974, ""base_cognitive.vision_r"": 3, ""base_emotional.anger"": 0.0510469009945705, ""base_emotional.anxiety"": 0.15287906208488705, ""base_emotional.excitement"": 0.15137105502014914, ""base_emotional.frustration"": 0.06566793288875256, ""base_emotional.loneliness"": 0.08615281289316129, ""base_emotional.self_esteem"": 0.6465056519998484, ""base_emotional.shame"": 0.13853114799130462, ""base_emotional.trust_in_teacher"": 0.7606818913838822}"		
1778047311.404	4	67	0.766754	0.540153	0.856654	0.000000	"{""adhd_hyperactive_impulsive.cognitive.conflict_tendency"": 0.17481858806385175, ""adhd_hyperactive_impulsive.cognitive.impulse_override"": 0.30109168520874807, ""adhd_hyperactive_impulsive.cognitive.plan_consistency"": -0.5108823123171463, ""adhd_hyperactive_impulsive.emotional.anger"": 0.2400074889436652, ""adhd_hyperactive_impulsive.emotional.excitement"": 0.228189418387184, ""adhd_inattentive.cognitive.att_bandwidth"": -3, ""adhd_inattentive.cognitive.plan_consistency"": -0.40873839616190427, ""adhd_inattentive.cognitive.retention"": -3, ""adhd_inattentive.cognitive.task_initiation_delay"": 0.34418021633361756, ""adhd_inattentive.emotional.frustration"": 0.21917318051744822, ""adhd_inattentive.emotional.self_esteem"": -0.30977920654339763, ""adhd_inattentive.emotional.shame"": 0.13195134189869284, ""base_cognitive.att_bandwidth"": 2, ""base_cognitive.conflict_tendency"": 0.05915343133532351, ""base_cognitive.importance_trigger"": 115.84355088810192, ""base_cognitive.impulse_override"": 0.0674245731028932, ""base_cognitive.plan_consistency"": 0.7560183931833174, ""base_cognitive.recency_decay"": 0.988059266169417, ""base_cognitive.retention"": 4, ""base_cognitive.social_sensitivity"": 0.5496812906552205, ""base_cognitive.task_initiation_delay"": 0.05184494527565889, ""base_cognitive.vision_r"": 5, ""base_emotional.anger"": 0.07719107075829262, ""base_emotional.anxiety"": 0.1178648330413446, ""base_emotional.excitement"": 0.2358491404568805, ""base_emotional.frustration"": 0.15105119345865484, ""base_emotional.loneliness"": 0.07624731193296078, ""base_emotional.self_esteem"": 0.7341946131592926, ""base_emotional.shame"": 0.11459966089446659, ""base_emotional.trust_in_teacher"": 0.733933792690356}"		
1778047311.931	4	68	0.902298	0.814746	0.783626	0.000000	"{""adhd_hyperactive_impulsive.cognitive.conflict_tendency"": 0.18620649285230806, ""adhd_hyperactive_impulsive.cognitive.impulse_override"": 0.27407212850478674, ""adhd_hyperactive_impulsive.cognitive.plan_consistency"": -0.5113999785281863, ""adhd_hyperactive_impulsive.emotional.anger"": 0.20871684793240475, ""adhd_hyperactive_impulsive.emotional.excitement"": 0.13282189001981792, ""adhd_inattentive.cognitive.att_bandwidth"": -1, ""adhd_inattentive.cognitive.plan_consistency"": -0.33607555055311805, ""adhd_inattentive.cognitive.retention"": -3, ""adhd_inattentive.cognitive.task_initiation_delay"": 0.3589075749006785, ""adhd_inattentive.emotional.frustration"": 0.16783803346572532, ""adhd_inattentive.emotional.self_esteem"": -0.2646016553419544, ""adhd_inattentive.emotional.shame"": 0.15482654853366531, ""base_cognitive.att_bandwidth"": 4, ""base_cognitive.conflict_tendency"": 0.09888294794892516, ""base_cognitive.importance_trigger"": 107.51100455821717, ""base_cognitive.impulse_override"": 0.033146105596001216, ""base_cognitive.plan_consistency"": 0.9027431827855016, ""base_cognitive.recency_decay"": 0.9861294621415222, ""base_cognitive.retention"": 4, ""base_cognitive.social_sensitivity"": 0.49445099070599896, ""base_cognitive.task_initiation_delay"": 0.01030577668038043, ""base_cognitive.vision_r"": 3, ""base_emotional.anger"": 0.057226318945867806, ""base_emotional.anxiety"": 0.17785502275274145, ""base_emotional.excitement"": 0.2550580842488833, ""base_emotional.frustration"": 0.11699240874578574, ""base_emotional.loneliness"": 0.07551820376855939, ""base_emotional.self_esteem"": 0.7872896213346551, ""base_emotional.shame"": 0.0751388696244737, ""base_emotional.trust_in_teacher"": 0.7902221281147385}"		
1778047312.498	4	69	0.898922	0.780816	0.826080	0.000000	"{""adhd_hyperactive_impulsive.cognitive.conflict_tendency"": 0.2317617718714412, ""adhd_hyperactive_impulsive.cognitive.impulse_override"": 0.3157323642168572, ""adhd_hyperactive_impulsive.cognitive.plan_consistency"": -0.3859778197188038, ""adhd_hyperactive_impulsive.emotional.anger"": 0.18683386305583174, ""adhd_hyperactive_impulsive.emotional.excitement"": 0.12618382261108746, ""adhd_inattentive.cognitive.att_bandwidth"": -3, ""adhd_inattentive.cognitive.plan_consistency"": -0.4133025652970869, ""adhd_inattentive.cognitive.retention"": -3, ""adhd_inattentive.cognitive.task_initiation_delay"": 0.35387891018507067, ""adhd_inattentive.emotional.frustration"": 0.22369390625633628, ""adhd_inattentive.emotional.self_esteem"": -0.2999870111105075, ""adhd_inattentive.emotional.shame"": 0.23033483827190954, ""base_cognitive.att_bandwidth"": 3, ""base_cognitive.conflict_tendency"": 0.08688807538258048, ""base_cognitive.importance_trigger"": 166.68211474845276, ""base_cognitive.impulse_override"": 0.09256459256906173, ""base_cognitive.plan_consistency"": 0.8514200715858258, ""base_cognitive.recency_decay"": 0.9809680114661835, ""base_cognitive.retention"": 5, ""base_cognitive.social_sensitivity"": 0.48838058011781094, ""base_cognitive.task_initiation_delay"": 0.06590573923986975, ""base_cognitive.vision_r"": 3, ""base_emotional.anger"": 0.11312580402011298, ""base_emotional.anxiety"": 0.13133547455660644, ""base_emotional.excitement"": 0.29005914331744875, ""base_emotional.frustration"": 0.19012600344976, ""base_emotional.loneliness"": 0.055524484522215076, ""base_emotional.self_esteem"": 0.710213871827917, ""base_emotional.shame"": 0.08589027297058072, ""base_emotional.trust_in_teacher"": 0.595152007583573}"		
1778047313.034	4	70	0.752593	0.513447	0.861312	0.000000	"{""adhd_hyperactive_impulsive.cognitive.conflict_tendency"": 0.17734294629851902, ""adhd_hyperactive_impulsive.cognitive.impulse_override"": 0.3473974532195269, ""adhd_hyperactive_impulsive.cognitive.plan_consistency"": -0.5369282160986251, ""adhd_hyperactive_impulsive.emotional.anger"": 0.20878945828609707, ""adhd_hyperactive_impulsive.emotional.excitement"": 0.17905172677019038, ""adhd_inattentive.cognitive.att_bandwidth"": -3, ""adhd_inattentive.cognitive.plan_consistency"": -0.3778048074084045, ""adhd_inattentive.cognitive.retention"": -2, ""adhd_inattentive.cognitive.task_initiation_delay"": 0.3794130629174384, ""adhd_inattentive.emotional.frustration"": 0.22120743518168712, ""adhd_inattentive.emotional.self_esteem"": -0.18758962315714486, ""adhd_inattentive.emotional.shame"": 0.17283632953397854, ""base_cognitive.att_bandwidth"": 3, ""base_cognitive.conflict_tendency"": 0.11734531489202006, ""base_cognitive.importance_trigger"": 149.5337030319423, ""base_cognitive.impulse_override"": 0.09536967177021226, ""base_cognitive.plan_consistency"": 0.780978384303196, ""base_cognitive.recency_decay"": 0.9916516834397333, ""base_cognitive.retention"": 4, ""base_cognitive.social_sensitivity"": 0.357468848664676, ""base_cognitive.task_initiation_delay"": 0.010558841312699907, ""base_cognitive.vision_r"": 4, ""base_emotional.anger"": 0.0508786531296045, ""base_emotional.anxiety"": 0.17554624858579077, ""base_emotional.excitement"": 0.19650626759857792, ""base_emotional.frustration"": 0.16059690201901433, ""base_emotional.loneliness"": 0.11840410188019682, ""base_emotional.self_esteem"": 0.7325294261547193, ""base_emotional.shame"": 0.10887675281081038, ""base_emotional.trust_in_teacher"": 0.556722502745477}"		
1778047313.675	4	71	0.924748	0.812415	0.843246	0.000000	"{""adhd_hyperactive_impulsive.cognitive.conflict_tendency"": 0.22426090954946987, ""adhd_hyperactive_impulsive.cognitive.impulse_override"": 0.31254757054054794, ""adhd_hyperactive_impulsive.cognitive.plan_consistency"": -0.4467501113845277, ""adhd_hyperactive_impulsive.emotional.anger"": 0.1544424948000257, ""adhd_hyperactive_impulsive.emotional.excitement"": 0.18991391808493285, ""adhd_inattentive.cognitive.att_bandwidth"": -3, ""adhd_inattentive.cognitive.plan_consistency"": -0.44905285034017856, ""adhd_inattentive.cognitive.retention"": -3, ""adhd_inattentive.cognitive.task_initiation_delay"": 0.36650321631239813, ""adhd_inattentive.emotional.frustration"": 0.13649472027369647, ""adhd_inattentive.emotional.self_esteem"": -0.2546762397754184, ""adhd_inattentive.emotional.shame"": 0.12600827918380622, ""base_cognitive.att_bandwidth"": 4, ""base_cognitive.conflict_tendency"": 0.08516778269514293, ""base_cognitive.importance_trigger"": 118.83358000913796, ""base_cognitive.impulse_override"": 0.08252261714445278, ""base_cognitive.plan_consistency"": 0.9388188003901913, ""base_cognitive.recency_decay"": 0.9915559845008101, ""base_cognitive.retention"": 6, ""base_cognitive.social_sensitivity"": 0.5379961909962903, ""base_cognitive.task_initiation_delay"": 0.03820300017073113, ""base_cognitive.vision_r"": 4, ""base_emotional.anger"": 0.1166220335275039, ""base_emotional.anxiety"": 0.12161841922843819, ""base_emotional.excitement"": 0.18227906623635384, ""base_emotional.frustration"": 0.16401173443137756, ""base_emotional.loneliness"": 0.07990800433175123, ""base_emotional.self_esteem"": 0.7697015229150205, ""base_emotional.shame"": 0.07393867624861838, ""base_emotional.trust_in_teacher"": 0.5608708179347999}"		
1778047314.186	4	72	0.907445	0.810729	0.802519	0.000000	"{""adhd_hyperactive_impulsive.cognitive.conflict_tendency"": 0.23366664850556723, ""adhd_hyperactive_impulsive.cognitive.impulse_override"": 0.2889804925429418, ""adhd_hyperactive_impulsive.cognitive.plan_consistency"": -0.3808251238348205, ""adhd_hyperactive_impulsive.emotional.anger"": 0.22638266129584583, ""adhd_hyperactive_impulsive.emotional.excitement"": 0.2388291639921638, ""adhd_inattentive.cognitive.att_bandwidth"": -3, ""adhd_inattentive.cognitive.plan_consistency"": -0.31199917943280087, ""adhd_inattentive.cognitive.retention"": -3, ""adhd_inattentive.cognitive.task_initiation_delay"": 0.4550660167643975, ""adhd_inattentive.emotional.frustration"": 0.20477487084000406, ""adhd_inattentive.emotional.self_esteem"": -0.24456164786871287, ""adhd_inattentive.emotional.shame"": 0.129404448268744, ""base_cognitive.att_bandwidth"": 3, ""base_cognitive.conflict_tendency"": 0.07266340615174609, ""base_cognitive.importance_trigger"": 126.62485927213754, ""base_cognitive.impulse_override"": 0.05142459459040334, ""base_cognitive.plan_consistency"": 0.8298773562279971, ""base_cognitive.recency_decay"": 0.9916654552283934, ""base_cognitive.retention"": 4, ""base_cognitive.social_sensitivity"": 0.43707847419672285, ""base_cognitive.task_initiation_delay"": 0.07308892894809878, ""base_cognitive.vision_r"": 4, ""base_emotional.anger"": 0.10175153523802982, ""base_emotional.anxiety"": 0.11792777392890601, ""base_emotional.excitement"": 0.23003074997591352, ""base_emotional.frustration"": 0.07269249259279623, ""base_emotional.loneliness"": 0.047967585811669065, ""base_emotional.self_esteem"": 0.6928317487895927, ""base_emotional.shame"": 0.1232547640032455, ""base_emotional.trust_in_teacher"": 0.6411757230746702}"		
1778047314.801	4	73	0.762201	0.530346	0.859984	0.000000	"{""adhd_hyperactive_impulsive.cognitive.conflict_tendency"": 0.22600824913993967, ""adhd_hyperactive_impulsive.cognitive.impulse_override"": 0.36048257884998786, ""adhd_hyperactive_impulsive.cognitive.plan_consistency"": -0.3640697814981914, ""adhd_hyperactive_impulsive.emotional.anger"": 0.14360168338084336, ""adhd_hyperactive_impulsive.emotional.excitement"": 0.1612535160220191, ""adhd_inattentive.cognitive.att_bandwidth"": -1, ""adhd_inattentive.cognitive.plan_consistency"": -0.4358370562206653, ""adhd_inattentive.cognitive.retention"": -4, ""adhd_inattentive.cognitive.task_initiation_delay"": 0.39832823363448194, ""adhd_inattentive.emotional.frustration"": 0.2376604153585573, ""adhd_inattentive.emotional.self_esteem"": -0.31619573891024794, ""adhd_inattentive.emotional.shame"": 0.22042835358819265, ""base_cognitive.att_bandwidth"": 3, ""base_cognitive.conflict_tendency"": 0.05726245383348022, ""base_cognitive.importance_trigger"": 156.85773444649794, ""base_cognitive.impulse_override"": 0.10098749568176185, ""base_cognitive.plan_consistency"": 0.8038733686687176, ""base_cognitive.recency_decay"": 0.9886616220191967, ""base_cognitive.retention"": 6, ""base_cognitive.social_sensitivity"": 0.5870699585225885, ""base_cognitive.task_initiation_delay"": 0.003539971491759986, ""base_cognitive.vision_r"": 3, ""base_emotional.anger"": 0.03835819997188573, ""base_emotional.anxiety"": 0.10916154547502513, ""base_emotional.excitement"": 0.2097909003285039, ""base_emotional.frustration"": 0.10531432602582676, ""base_emotional.loneliness"": 0.056836425553961095, ""base_emotional.self_esteem"": 0.7342195958212117, ""base_emotional.shame"": 0.07093447863246108, ""base_emotional.trust_in_teacher"": 0.5888797239584171}"		
1778047315.283	4	74	0.739718	0.537969	0.792341	0.000000	"{""adhd_hyperactive_impulsive.cognitive.conflict_tendency"": 0.20108372814574885, ""adhd_hyperactive_impulsive.cognitive.impulse_override"": 0.399635190564147, ""adhd_hyperactive_impulsive.cognitive.plan_consistency"": -0.4506093852036433, ""adhd_hyperactive_impulsive.emotional.anger"": 0.18559041382140656, ""adhd_hyperactive_impulsive.emotional.excitement"": 0.10568685138314372, ""adhd_inattentive.cognitive.att_bandwidth"": -3, ""adhd_inattentive.cognitive.plan_consistency"": -0.3723878467655274, ""adhd_inattentive.cognitive.retention"": -2, ""adhd_inattentive.cognitive.task_initiation_delay"": 0.3367173390101292, ""adhd_inattentive.emotional.frustration"": 0.19030557761387595, ""adhd_inattentive.emotional.self_esteem"": -0.22425125432222728, ""adhd_inattentive.emotional.shame"": 0.1956363497393825, ""base_cognitive.att_bandwidth"": 2, ""base_cognitive.conflict_tendency"": 0.06754125499939582, ""base_cognitive.importance_trigger"": 111.10381037309311, ""base_cognitive.impulse_override"": 0.05817238645700137, ""base_cognitive.plan_consistency"": 0.9257088468137675, ""base_cognitive.recency_decay"": 0.9910891661205947, ""base_cognitive.retention"": 4, ""base_cognitive.social_sensitivity"": 0.5046833412709119, ""base_cognitive.task_initiation_delay"": 0.01380664695297308, ""base_cognitive.vision_r"": 4, ""base_emotional.anger"": 0.14424550304953532, ""base_emotional.anxiety"": 0.0803546893601178, ""base_emotional.excitement"": 0.2074408160726584, ""base_emotional.frustration"": 0.19881117865229087, ""base_emotional.loneliness"": 0.07640877284984049, ""base_emotional.self_esteem"": 0.7093846596071361, ""base_emotional.shame"": 0.06570790291807631, ""base_emotional.trust_in_teacher"": 0.6144160482191241}"		
1778047315.888	4	75	0.911753	0.812700	0.810332	0.000000	"{""adhd_hyperactive_impulsive.cognitive.conflict_tendency"": 0.19428465605289624, ""adhd_hyperactive_impulsive.cognitive.impulse_override"": 0.2782036762166961, ""adhd_hyperactive_impulsive.cognitive.plan_consistency"": -0.5273723569189842, ""adhd_hyperactive_impulsive.emotional.anger"": 0.22374889096355105, ""adhd_hyperactive_impulsive.emotional.excitement"": 0.2074710237904997, ""adhd_inattentive.cognitive.att_bandwidth"": -1, ""adhd_inattentive.cognitive.plan_consistency"": -0.29169884525652245, ""adhd_inattentive.cognitive.retention"": -3, ""adhd_inattentive.cognitive.task_initiation_delay"": 0.33141167458376025, ""adhd_inattentive.emotional.frustration"": 0.1911291231210401, ""adhd_inattentive.emotional.self_esteem"": -0.27209317934016214, ""adhd_inattentive.emotional.shame"": 0.10399130893913319, ""base_cognitive.att_bandwidth"": 4, ""base_cognitive.conflict_tendency"": 0.04348001923109044, ""base_cognitive.importance_trigger"": 115.27743792838373, ""base_cognitive.impulse_override"": 0.057999687558867453, ""base_cognitive.plan_consistency"": 0.8067486413766645, ""base_cognitive.recency_decay"": 0.9824911140335109, ""base_cognitive.retention"": 5, ""base_cognitive.social_sensitivity"": 0.5992455689486333, ""base_cognitive.task_initiation_delay"": 0.006280670426797675, ""base_cognitive.vision_r"": 5, ""base_emotional.anger"": 0.09128865414716009, ""base_emotional.anxiety"": 0.135463783808206, ""base_emotional.excitement"": 0.1832283851998756, ""base_emotional.frustration"": 0.12745720243538322, ""base_emotional.loneliness"": 0.03866653367451617, ""base_emotional.self_esteem"": 0.6721243080942766, ""base_emotional.shame"": 0.07792282787565066, ""base_emotional.trust_in_teacher"": 0.7564125412305835}"		
1778047316.419	4	76	0.911187	0.809984	0.812992	0.000000	"{""adhd_hyperactive_impulsive.cognitive.conflict_tendency"": 0.13731822914963243, ""adhd_hyperactive_impulsive.cognitive.impulse_override"": 0.2810518932121532, ""adhd_hyperactive_impulsive.cognitive.plan_consistency"": -0.4981800884045409, ""adhd_hyperactive_impulsive.emotional.anger"": 0.21643311899749035, ""adhd_hyperactive_impulsive.emotional.excitement"": 0.11190890160222326, ""adhd_inattentive.cognitive.att_bandwidth"": -2, ""adhd_inattentive.cognitive.plan_consistency"": -0.3583629290347159, ""adhd_inattentive.cognitive.retention"": -2, ""adhd_inattentive.cognitive.task_initiation_delay"": 0.4414912777315574, ""adhd_inattentive.emotional.frustration"": 0.20302592441765088, ""adhd_inattentive.emotional.self_esteem"": -0.2379300189227106, ""adhd_inattentive.emotional.shame"": 0.15224331330611446, ""base_cognitive.att_bandwidth"": 4, ""base_cognitive.conflict_tendency"": 0.03217697322295769, ""base_cognitive.importance_trigger"": 137.2941479607849, ""base_cognitive.impulse_override"": 0.058898887705175235, ""base_cognitive.plan_consistency"": 0.8629788443200096, ""base_cognitive.recency_decay"": 0.9844362999936955, ""base_cognitive.retention"": 4, ""base_cognitive.social_sensitivity"": 0.3004923083849651, ""base_cognitive.task_initiation_delay"": 0.020562647696919224, ""base_cognitive.vision_r"": 5, ""base_emotional.anger"": 0.0729065982709873, ""base_emotional.anxiety"": 0.1492852522338946, ""base_emotional.excitement"": 0.2278207663968157, ""base_emotional.frustration"": 0.11220012834165469, ""base_emotional.loneliness"": 0.08209891533226989, ""base_emotional.self_esteem"": 0.6357776423812662, ""base_emotional.shame"": 0.1460086380224978, ""base_emotional.trust_in_teacher"": 0.5776987370636549}"		
1778047316.954	4	77	0.918012	0.816648	0.820058	0.000000	"{""adhd_hyperactive_impulsive.cognitive.conflict_tendency"": 0.13952846607375702, ""adhd_hyperactive_impulsive.cognitive.impulse_override"": 0.2527645562190783, ""adhd_hyperactive_impulsive.cognitive.plan_consistency"": -0.37225310900721675, ""adhd_hyperactive_impulsive.emotional.anger"": 0.16576556742939827, ""adhd_hyperactive_impulsive.emotional.excitement"": 0.24285707812001026, ""adhd_inattentive.cognitive.att_bandwidth"": -2, ""adhd_inattentive.cognitive.plan_consistency"": -0.3070716343892361, ""adhd_inattentive.cognitive.retention"": -3, ""adhd_inattentive.cognitive.task_initiation_delay"": 0.34545316812056037, ""adhd_inattentive.emotional.frustration"": 0.17465897596975236, ""adhd_inattentive.emotional.self_esteem"": -0.3006473877970366, ""adhd_inattentive.emotional.shame"": 0.24605096513569857, ""base_cognitive.att_bandwidth"": 2, ""base_cognitive.conflict_tendency"": 0.0761850226628434, ""base_cognitive.importance_trigger"": 153.70458472573713, ""base_cognitive.impulse_override"": 0.0389681466902769, ""base_cognitive.plan_consistency"": 0.7544823702870918, ""base_cognitive.recency_decay"": 0.9838285262453236, ""base_cognitive.retention"": 5, ""base_cognitive.social_sensitivity"": 0.453325982859801, ""base_cognitive.task_initiation_delay"": 0.05270725310044849, ""base_cognitive.vision_r"": 4, ""base_emotional.anger"": 0.039552596349952965, ""base_emotional.anxiety"": 0.14174731153199882, ""base_emotional.excitement"": 0.2715593189457596, ""base_emotional.frustration"": 0.11844841402029675, ""base_emotional.loneliness"": 0.1345154207028622, ""base_emotional.self_esteem"": 0.6669564606808323, ""base_emotional.shame"": 0.11176519539565967, ""base_emotional.trust_in_teacher"": 0.7014525595556463}"		
1778047317.478	4	78	0.863827	0.733267	0.809667	0.000000	"{""adhd_hyperactive_impulsive.cognitive.conflict_tendency"": 0.11309672902560239, ""adhd_hyperactive_impulsive.cognitive.impulse_override"": 0.3559431601245686, ""adhd_hyperactive_impulsive.cognitive.plan_consistency"": -0.417584852300258, ""adhd_hyperactive_impulsive.emotional.anger"": 0.18800892971521943, ""adhd_hyperactive_impulsive.emotional.excitement"": 0.23042153578584948, ""adhd_inattentive.cognitive.att_bandwidth"": -3, ""adhd_inattentive.cognitive.plan_consistency"": -0.25178261668915314, ""adhd_inattentive.cognitive.retention"": -3, ""adhd_inattentive.cognitive.task_initiation_delay"": 0.3685248206994203, ""adhd_inattentive.emotional.frustration"": 0.24201940010502246, ""adhd_inattentive.emotional.self_esteem"": -0.24458900294485686, ""adhd_inattentive.emotional.shame"": 0.18244322954930725, ""base_cognitive.att_bandwidth"": 4, ""base_cognitive.conflict_tendency"": 0.07188934208007679, ""base_cognitive.importance_trigger"": 119.1240162655266, ""base_cognitive.impulse_override"": 0.1158378984017006, ""base_cognitive.plan_consistency"": 0.7744554491283403, ""base_cognitive.recency_decay"": 0.9890769386057875, ""base_cognitive.retention"": 4, ""base_cognitive.social_sensitivity"": 0.46328061143793253, ""base_cognitive.task_initiation_delay"": 0.014295045198719249, ""base_cognitive.vision_r"": 3, ""base_emotional.anger"": 0.05634003650280191, ""base_emotional.anxiety"": 0.16900845869918718, ""base_emotional.excitement"": 0.23233354497372072, ""base_emotional.frustration"": 0.1387996850037661, ""base_emotional.loneliness"": 0.03719984537155849, ""base_emotional.self_esteem"": 0.7838138546681488, ""base_emotional.shame"": 0.07096408129402433, ""base_emotional.trust_in_teacher"": 0.6274468745398794}"		
1778047318.084	4	79	0.920001	0.809108	0.836341	0.000000	"{""adhd_hyperactive_impulsive.cognitive.conflict_tendency"": 0.13386788629725396, ""adhd_hyperactive_impulsive.cognitive.impulse_override"": 0.34709860404859866, ""adhd_hyperactive_impulsive.cognitive.plan_consistency"": -0.40337922867431963, ""adhd_hyperactive_impulsive.emotional.anger"": 0.16071835147657806, ""adhd_hyperactive_impulsive.emotional.excitement"": 0.17081814923415167, ""adhd_inattentive.cognitive.att_bandwidth"": -3, ""adhd_inattentive.cognitive.plan_consistency"": -0.40088012093615105, ""adhd_inattentive.cognitive.retention"": -2, ""adhd_inattentive.cognitive.task_initiation_delay"": 0.36154832649888813, ""adhd_inattentive.emotional.frustration"": 0.15467583852027184, ""adhd_inattentive.emotional.self_esteem"": -0.3168208453751895, ""adhd_inattentive.emotional.shame"": 0.1378056580938081, ""base_cognitive.att_bandwidth"": 4, ""base_cognitive.conflict_tendency"": 0.10486735216997585, ""base_cognitive.importance_trigger"": 157.20135612868233, ""base_cognitive.impulse_override"": 0.07229875633020713, ""base_cognitive.plan_consistency"": 0.8528894907677805, ""base_cognitive.recency_decay"": 0.9853098955608878, ""base_cognitive.retention"": 5, ""base_cognitive.social_sensitivity"": 0.49659411254885855, ""base_cognitive.task_initiation_delay"": 0.09187922577795408, ""base_cognitive.vision_r"": 5, ""base_emotional.anger"": 0.060081251920128864, ""base_emotional.anxiety"": 0.10224553762379279, ""base_emotional.excitement"": 0.15150066273194449, ""base_emotional.frustration"": 0.05610531941780037, ""base_emotional.loneliness"": 0.1466583551353362, ""base_emotional.self_esteem"": 0.7735136755239396, ""base_emotional.shame"": 0.062245582616961885, ""base_emotional.trust_in_teacher"": 0.5840859426896674}"		
1778047318.664	4	80	0.744406	0.516202	0.836712	0.000000	"{""adhd_hyperactive_impulsive.cognitive.conflict_tendency"": 0.15921144050972152, ""adhd_hyperactive_impulsive.cognitive.impulse_override"": 0.25674467962233516, ""adhd_hyperactive_impulsive.cognitive.plan_consistency"": -0.4457462193720695, ""adhd_hyperactive_impulsive.emotional.anger"": 0.2311492128075559, ""adhd_hyperactive_impulsive.emotional.excitement"": 0.1103248933968303, ""adhd_inattentive.cognitive.att_bandwidth"": -3, ""adhd_inattentive.cognitive.plan_consistency"": -0.3783024578777247, ""adhd_inattentive.cognitive.retention"": -3, ""adhd_inattentive.cognitive.task_initiation_delay"": 0.4754016922661564, ""adhd_inattentive.emotional.frustration"": 0.19708972699840693, ""adhd_inattentive.emotional.self_esteem"": -0.22021967241228643, ""adhd_inattentive.emotional.shame"": 0.1795322330846593, ""base_cognitive.att_bandwidth"": 2, ""base_cognitive.conflict_tendency"": 0.10158427449401893, ""base_cognitive.importance_trigger"": 150.39049843135837, ""base_cognitive.impulse_override"": 0.053847811082848196, ""base_cognitive.plan_consistency"": 0.8391348533063444, ""base_cognitive.recency_decay"": 0.9813719882193251, ""base_cognitive.retention"": 6, ""base_cognitive.social_sensitivity"": 0.4768578812040322, ""base_cognitive.task_initiation_delay"": 0.09937784214298051, ""base_cognitive.vision_r"": 5, ""base_emotional.anger"": 0.13410592337808763, ""base_emotional.anxiety"": 0.09373994997287262, ""base_emotional.excitement"": 0.17103891651660771, ""base_emotional.frustration"": 0.18537747204540173, ""base_emotional.loneliness"": 0.05218404359891575, ""base_emotional.self_esteem"": 0.7312126240440637, ""base_emotional.shame"": 0.14366314322211154, ""base_emotional.trust_in_teacher"": 0.7400204038329325}"		
