timestamp	start_id	iteration	loss_total	loss_naturalness	loss_epidemiology	loss_sparsity	config_json	error_type	error_details_json
1778045862.996	0	1	0.681496	0.604751	0.796614	0.000000	"{""adhd_hyperactive_impulsive.cognitive.conflict_tendency"": 0.21249888757995716, ""adhd_hyperactive_impulsive.cognitive.impulse_override"": 0.39892012923232817, ""adhd_hyperactive_impulsive.cognitive.plan_consistency"": -0.49552208184128893, ""adhd_hyperactive_impulsive.emotional.anger"": 0.16617422292629125, ""adhd_hyperactive_impulsive.emotional.excitement"": 0.23180610172873395, ""adhd_inattentive.cognitive.att_bandwidth"": -1, ""adhd_inattentive.cognitive.plan_consistency"": -0.36878580421684193, ""adhd_inattentive.cognitive.retention"": -2, ""adhd_inattentive.cognitive.task_initiation_delay"": 0.31495159817021906, ""adhd_inattentive.emotional.frustration"": 0.21995683136642857, ""adhd_inattentive.emotional.self_esteem"": -0.3490228752474431, ""adhd_inattentive.emotional.shame"": 0.2353425660941306, ""base_cognitive.att_bandwidth"": 3, ""base_cognitive.conflict_tendency"": 0.03178800327639667, ""base_cognitive.importance_trigger"": 165.47018276416975, ""base_cognitive.impulse_override"": 0.07701173034491371, ""base_cognitive.plan_consistency"": 0.794990958235874, ""base_cognitive.recency_decay"": 0.9822821899448335, ""base_cognitive.retention"": 5, ""base_cognitive.social_sensitivity"": 0.5412848328974154, ""base_cognitive.task_initiation_delay"": 0.0330482929345042, ""base_cognitive.vision_r"": 4, ""base_emotional.anger"": 0.0638692839199649, ""base_emotional.anxiety"": 0.13648620976704037, ""base_emotional.excitement"": 0.2848055686222982, ""base_emotional.frustration"": 0.10280155744743326, ""base_emotional.loneliness"": 0.13756854298498183, ""base_emotional.self_esteem"": 0.6523943055943522, ""base_emotional.shame"": 0.1251873284031279, ""base_emotional.trust_in_teacher"": 0.6968599675555563}"		
1778045863.521	0	2	0.823765	0.805468	0.851210	0.000000	"{""adhd_hyperactive_impulsive.cognitive.conflict_tendency"": 0.2151949458614449, ""adhd_hyperactive_impulsive.cognitive.impulse_override"": 0.363339704116817, ""adhd_hyperactive_impulsive.cognitive.plan_consistency"": -0.3605222973369886, ""adhd_hyperactive_impulsive.emotional.anger"": 0.24961053571226186, ""adhd_hyperactive_impulsive.emotional.excitement"": 0.1879572293960905, ""adhd_inattentive.cognitive.att_bandwidth"": -2, ""adhd_inattentive.cognitive.plan_consistency"": -0.37662321536072263, ""adhd_inattentive.cognitive.retention"": -4, ""adhd_inattentive.cognitive.task_initiation_delay"": 0.4737144991812091, ""adhd_inattentive.emotional.frustration"": 0.133082827939114, ""adhd_inattentive.emotional.self_esteem"": -0.2760516546948053, ""adhd_inattentive.emotional.shame"": 0.23962537050190766, ""base_cognitive.att_bandwidth"": 3, ""base_cognitive.conflict_tendency"": 0.04014542999321241, ""base_cognitive.importance_trigger"": 164.1815656399175, ""base_cognitive.impulse_override"": 0.09487378449018334, ""base_cognitive.plan_consistency"": 0.7657917363934138, ""base_cognitive.recency_decay"": 0.9850100740418316, ""base_cognitive.retention"": 4, ""base_cognitive.social_sensitivity"": 0.4723502542499457, ""base_cognitive.task_initiation_delay"": 0.09769217059882107, ""base_cognitive.vision_r"": 4, ""base_emotional.anger"": 0.07248845404357196, ""base_emotional.anxiety"": 0.11470752402880927, ""base_emotional.excitement"": 0.2594975122087516, ""base_emotional.frustration"": 0.13956695711902262, ""base_emotional.loneliness"": 0.06069477914631471, ""base_emotional.self_esteem"": 0.7943597996926381, ""base_emotional.shame"": 0.05694228334046157, ""base_emotional.trust_in_teacher"": 0.6394111614274429}"		
1778045864.096	0	3	0.634115	0.491477	0.848071	0.000000	"{""adhd_hyperactive_impulsive.cognitive.conflict_tendency"": 0.23647785549340716, ""adhd_hyperactive_impulsive.cognitive.impulse_override"": 0.27431478638113876, ""adhd_hyperactive_impulsive.cognitive.plan_consistency"": -0.4903394146377976, ""adhd_hyperactive_impulsive.emotional.anger"": 0.19705271914497025, ""adhd_hyperactive_impulsive.emotional.excitement"": 0.10246300719256651, ""adhd_inattentive.cognitive.att_bandwidth"": -2, ""adhd_inattentive.cognitive.plan_consistency"": -0.3182513880499903, ""adhd_inattentive.cognitive.retention"": -3, ""adhd_inattentive.cognitive.task_initiation_delay"": 0.4392946088632847, ""adhd_inattentive.emotional.frustration"": 0.20669357728972773, ""adhd_inattentive.emotional.self_esteem"": -0.32099641689881225, ""adhd_inattentive.emotional.shame"": 0.1347761763003058, ""base_cognitive.att_bandwidth"": 4, ""base_cognitive.conflict_tendency"": 0.07417575547814732, ""base_cognitive.importance_trigger"": 153.9241188066489, ""base_cognitive.impulse_override"": 0.10081628743041672, ""base_cognitive.plan_consistency"": 0.7523021733636923, ""base_cognitive.recency_decay"": 0.9861430440313026, ""base_cognitive.retention"": 5, ""base_cognitive.social_sensitivity"": 0.30990916055207235, ""base_cognitive.task_initiation_delay"": 0.013901726540188461, ""base_cognitive.vision_r"": 3, ""base_emotional.anger"": 0.07985312616169712, ""base_emotional.anxiety"": 0.17527717990494057, ""base_emotional.excitement"": 0.2000686337321353, ""base_emotional.frustration"": 0.1680870114603435, ""base_emotional.loneliness"": 0.03705842275476909, ""base_emotional.self_esteem"": 0.7827970647244984, ""base_emotional.shame"": 0.11093807157407919, ""base_emotional.trust_in_teacher"": 0.6308047034912355}"		
1778045864.676	0	4	0.803731	0.813800	0.788628	0.000000	"{""adhd_hyperactive_impulsive.cognitive.conflict_tendency"": 0.10050498630744711, ""adhd_hyperactive_impulsive.cognitive.impulse_override"": 0.32582171265679877, ""adhd_hyperactive_impulsive.cognitive.plan_consistency"": -0.5062044403882155, ""adhd_hyperactive_impulsive.emotional.anger"": 0.14729986672939369, ""adhd_hyperactive_impulsive.emotional.excitement"": 0.20759398637022927, ""adhd_inattentive.cognitive.att_bandwidth"": -3, ""adhd_inattentive.cognitive.plan_consistency"": -0.38320182530433533, ""adhd_inattentive.cognitive.retention"": -2, ""adhd_inattentive.cognitive.task_initiation_delay"": 0.4032045035248804, ""adhd_inattentive.emotional.frustration"": 0.14007722416273202, ""adhd_inattentive.emotional.self_esteem"": -0.33613847766822147, ""adhd_inattentive.emotional.shame"": 0.10857879730645112, ""base_cognitive.att_bandwidth"": 3, ""base_cognitive.conflict_tendency"": 0.0676995364384734, ""base_cognitive.importance_trigger"": 143.37458680351997, ""base_cognitive.impulse_override"": 0.05310715652089932, ""base_cognitive.plan_consistency"": 0.853900377149062, ""base_cognitive.recency_decay"": 0.9912234320589965, ""base_cognitive.retention"": 5, ""base_cognitive.social_sensitivity"": 0.4902008205172532, ""base_cognitive.task_initiation_delay"": 0.08882813308886477, ""base_cognitive.vision_r"": 4, ""base_emotional.anger"": 0.045670132575385165, ""base_emotional.anxiety"": 0.05345554523444327, ""base_emotional.excitement"": 0.2705549840931472, ""base_emotional.frustration"": 0.12697950721862114, ""base_emotional.loneliness"": 0.10706796693967147, ""base_emotional.self_esteem"": 0.7171466485382515, ""base_emotional.shame"": 0.0746470106152253, ""base_emotional.trust_in_teacher"": 0.7740184926204885}"		
1778045865.244	0	5	0.802057	0.812214	0.786823	0.000000	"{""adhd_hyperactive_impulsive.cognitive.conflict_tendency"": 0.20788213904528213, ""adhd_hyperactive_impulsive.cognitive.impulse_override"": 0.2652125714053791, ""adhd_hyperactive_impulsive.cognitive.plan_consistency"": -0.5042370038632242, ""adhd_hyperactive_impulsive.emotional.anger"": 0.20078996894891843, ""adhd_hyperactive_impulsive.emotional.excitement"": 0.20276933835203867, ""adhd_inattentive.cognitive.att_bandwidth"": -2, ""adhd_inattentive.cognitive.plan_consistency"": -0.3618319968444589, ""adhd_inattentive.cognitive.retention"": -4, ""adhd_inattentive.cognitive.task_initiation_delay"": 0.4218341851181381, ""adhd_inattentive.emotional.frustration"": 0.12932660931687356, ""adhd_inattentive.emotional.self_esteem"": -0.20444571990014165, ""adhd_inattentive.emotional.shame"": 0.1871023706510273, ""base_cognitive.att_bandwidth"": 3, ""base_cognitive.conflict_tendency"": 0.08371926344643789, ""base_cognitive.importance_trigger"": 130.30478552733325, ""base_cognitive.impulse_override"": 0.03297399774641897, ""base_cognitive.plan_consistency"": 0.8315241207597608, ""base_cognitive.recency_decay"": 0.9919963459834216, ""base_cognitive.retention"": 5, ""base_cognitive.social_sensitivity"": 0.4658021591740904, ""base_cognitive.task_initiation_delay"": 0.07412398229608719, ""base_cognitive.vision_r"": 4, ""base_emotional.anger"": 0.08787933934445766, ""base_emotional.anxiety"": 0.05611812100984269, ""base_emotional.excitement"": 0.19086170138733263, ""base_emotional.frustration"": 0.09595773646353556, ""base_emotional.loneliness"": 0.050609339556110265, ""base_emotional.self_esteem"": 0.6265675767719003, ""base_emotional.shame"": 0.1291106756995919, ""base_emotional.trust_in_teacher"": 0.5929760449158962}"		
1778045865.796	0	6	0.601973	0.498539	0.757126	0.000000	"{""adhd_hyperactive_impulsive.cognitive.conflict_tendency"": 0.11103186594302245, ""adhd_hyperactive_impulsive.cognitive.impulse_override"": 0.3850834011440823, ""adhd_hyperactive_impulsive.cognitive.plan_consistency"": -0.544366988901862, ""adhd_hyperactive_impulsive.emotional.anger"": 0.21185626619973924, ""adhd_hyperactive_impulsive.emotional.excitement"": 0.20903563499052286, ""adhd_inattentive.cognitive.att_bandwidth"": -2, ""adhd_inattentive.cognitive.plan_consistency"": -0.34371090666465953, ""adhd_inattentive.cognitive.retention"": -2, ""adhd_inattentive.cognitive.task_initiation_delay"": 0.3435243195635106, ""adhd_inattentive.emotional.frustration"": 0.24245998380987585, ""adhd_inattentive.emotional.self_esteem"": -0.24723015796193037, ""adhd_inattentive.emotional.shame"": 0.1121389231237817, ""base_cognitive.att_bandwidth"": 2, ""base_cognitive.conflict_tendency"": 0.03773100392815172, ""base_cognitive.importance_trigger"": 104.24217657423897, ""base_cognitive.impulse_override"": 0.07458850870456026, ""base_cognitive.plan_consistency"": 0.9241577211084805, ""base_cognitive.recency_decay"": 0.9945309764645778, ""base_cognitive.retention"": 5, ""base_cognitive.social_sensitivity"": 0.37712628402700454, ""base_cognitive.task_initiation_delay"": 0.08039953639111483, ""base_cognitive.vision_r"": 4, ""base_emotional.anger"": 0.03869837289622234, ""base_emotional.anxiety"": 0.08182808604878077, ""base_emotional.excitement"": 0.20147126262566833, ""base_emotional.frustration"": 0.17249610377133906, ""base_emotional.loneliness"": 0.048113670167645464, ""base_emotional.self_esteem"": 0.7481958108713809, ""base_emotional.shame"": 0.038792625696192976, ""base_emotional.trust_in_teacher"": 0.5984366235232655}"		
1778045866.364	0	7	0.639290	0.519404	0.819119	0.000000	"{""adhd_hyperactive_impulsive.cognitive.conflict_tendency"": 0.10326912125437675, ""adhd_hyperactive_impulsive.cognitive.impulse_override"": 0.3104700490967367, ""adhd_hyperactive_impulsive.cognitive.plan_consistency"": -0.3577612916607211, ""adhd_hyperactive_impulsive.emotional.anger"": 0.20803481481690028, ""adhd_hyperactive_impulsive.emotional.excitement"": 0.24644416199346467, ""adhd_inattentive.cognitive.att_bandwidth"": -3, ""adhd_inattentive.cognitive.plan_consistency"": -0.38089634159784236, ""adhd_inattentive.cognitive.retention"": -3, ""adhd_inattentive.cognitive.task_initiation_delay"": 0.39724298925857643, ""adhd_inattentive.emotional.frustration"": 0.1239018257656662, ""adhd_inattentive.emotional.self_esteem"": -0.2734631174114501, ""adhd_inattentive.emotional.shame"": 0.14675224436496204, ""base_cognitive.att_bandwidth"": 3, ""base_cognitive.conflict_tendency"": 0.11687985297265847, ""base_cognitive.importance_trigger"": 149.49317761881005, ""base_cognitive.impulse_override"": 0.09980666704701326, ""base_cognitive.plan_consistency"": 0.8128285066093303, ""base_cognitive.recency_decay"": 0.9825046483953424, ""base_cognitive.retention"": 5, ""base_cognitive.social_sensitivity"": 0.5667746128883256, ""base_cognitive.task_initiation_delay"": 0.0702443233865772, ""base_cognitive.vision_r"": 3, ""base_emotional.anger"": 0.08145565134760807, ""base_emotional.anxiety"": 0.09813860716645698, ""base_emotional.excitement"": 0.16493529202727228, ""base_emotional.frustration"": 0.18805116843921937, ""base_emotional.loneliness"": 0.14510595120301886, ""base_emotional.self_esteem"": 0.7709629206246075, ""base_emotional.shame"": 0.07191347520868242, ""base_emotional.trust_in_teacher"": 0.6427735931896701}"		
1778045866.997	0	8	0.785854	0.812824	0.745399	0.000000	"{""adhd_hyperactive_impulsive.cognitive.conflict_tendency"": 0.2042539799319224, ""adhd_hyperactive_impulsive.cognitive.impulse_override"": 0.2520274449464012, ""adhd_hyperactive_impulsive.cognitive.plan_consistency"": -0.3646181295663671, ""adhd_hyperactive_impulsive.emotional.anger"": 0.2367796356260201, ""adhd_hyperactive_impulsive.emotional.excitement"": 0.19360819891865513, ""adhd_inattentive.cognitive.att_bandwidth"": -2, ""adhd_inattentive.cognitive.plan_consistency"": -0.3256884836983954, ""adhd_inattentive.cognitive.retention"": -3, ""adhd_inattentive.cognitive.task_initiation_delay"": 0.3586709293315913, ""adhd_inattentive.emotional.frustration"": 0.17738389961156478, ""adhd_inattentive.emotional.self_esteem"": -0.3073322210021332, ""adhd_inattentive.emotional.shame"": 0.19532550591827053, ""base_cognitive.att_bandwidth"": 3, ""base_cognitive.conflict_tendency"": 0.036816474505533804, ""base_cognitive.importance_trigger"": 114.69981349323578, ""base_cognitive.impulse_override"": 0.04126207031521857, ""base_cognitive.plan_consistency"": 0.9368617259853709, ""base_cognitive.recency_decay"": 0.9939041100507902, ""base_cognitive.retention"": 6, ""base_cognitive.social_sensitivity"": 0.4006624732718383, ""base_cognitive.task_initiation_delay"": 0.05841088416465258, ""base_cognitive.vision_r"": 5, ""base_emotional.anger"": 0.0528976611552793, ""base_emotional.anxiety"": 0.07209582784872859, ""base_emotional.excitement"": 0.22236204484470573, ""base_emotional.frustration"": 0.06661940856655943, ""base_emotional.loneliness"": 0.08161166817295509, ""base_emotional.self_esteem"": 0.6016845682957406, ""base_emotional.shame"": 0.13519266037455943, ""base_emotional.trust_in_teacher"": 0.7933895956245084}"		
1778045867.567	0	9	0.650606	0.579525	0.757228	0.000000	"{""adhd_hyperactive_impulsive.cognitive.conflict_tendency"": 0.23137254128188112, ""adhd_hyperactive_impulsive.cognitive.impulse_override"": 0.3580833319349632, ""adhd_hyperactive_impulsive.cognitive.plan_consistency"": -0.39806043599390606, ""adhd_hyperactive_impulsive.emotional.anger"": 0.1529529490807342, ""adhd_hyperactive_impulsive.emotional.excitement"": 0.19659524658250632, ""adhd_inattentive.cognitive.att_bandwidth"": -3, ""adhd_inattentive.cognitive.plan_consistency"": -0.2698032702897028, ""adhd_inattentive.cognitive.retention"": -3, ""adhd_inattentive.cognitive.task_initiation_delay"": 0.3391983057645599, ""adhd_inattentive.emotional.frustration"": 0.2340168428056394, ""adhd_inattentive.emotional.self_esteem"": -0.21368881031440853, ""adhd_inattentive.emotional.shame"": 0.20959814330030288, ""base_cognitive.att_bandwidth"": 3, ""base_cognitive.conflict_tendency"": 0.07757983024607401, ""base_cognitive.importance_trigger"": 102.99133952043515, ""base_cognitive.impulse_override"": 0.10751510911279695, ""base_cognitive.plan_consistency"": 0.9000329023863097, ""base_cognitive.recency_decay"": 0.9902471455569646, ""base_cognitive.retention"": 5, ""base_cognitive.social_sensitivity"": 0.33898169159154207, ""base_cognitive.task_initiation_delay"": 0.017468517110012526, ""base_cognitive.vision_r"": 4, ""base_emotional.anger"": 0.10059326453933969, ""base_emotional.anxiety"": 0.12605350714252453, ""base_emotional.excitement"": 0.277060653686645, ""base_emotional.frustration"": 0.15574098484556206, ""base_emotional.loneliness"": 0.09604582280785967, ""base_emotional.self_esteem"": 0.6290554737975828, ""base_emotional.shame"": 0.08559221815449827, ""base_emotional.trust_in_teacher"": 0.7525403134279038}"		
1778045868.157	0	10	0.725628	0.698797	0.765875	0.000000	"{""adhd_hyperactive_impulsive.cognitive.conflict_tendency"": 0.23853392857674882, ""adhd_hyperactive_impulsive.cognitive.impulse_override"": 0.33479873128489124, ""adhd_hyperactive_impulsive.cognitive.plan_consistency"": -0.3796798287839571, ""adhd_hyperactive_impulsive.emotional.anger"": 0.17275637485391346, ""adhd_hyperactive_impulsive.emotional.excitement"": 0.19254730885957938, ""adhd_inattentive.cognitive.att_bandwidth"": -1, ""adhd_inattentive.cognitive.plan_consistency"": -0.3314320009669348, ""adhd_inattentive.cognitive.retention"": -3, ""adhd_inattentive.cognitive.task_initiation_delay"": 0.46837444142892354, ""adhd_inattentive.emotional.frustration"": 0.1534815453499972, ""adhd_inattentive.emotional.self_esteem"": -0.3315741382426732, ""adhd_inattentive.emotional.shame"": 0.1673122544723058, ""base_cognitive.att_bandwidth"": 3, ""base_cognitive.conflict_tendency"": 0.10492189852121696, ""base_cognitive.importance_trigger"": 119.58005733127325, ""base_cognitive.impulse_override"": 0.10455644002101915, ""base_cognitive.plan_consistency"": 0.8879890047645947, ""base_cognitive.recency_decay"": 0.9855343021406705, ""base_cognitive.retention"": 5, ""base_cognitive.social_sensitivity"": 0.41857404250223773, ""base_cognitive.task_initiation_delay"": 0.05455655241873732, ""base_cognitive.vision_r"": 3, ""base_emotional.anger"": 0.13680727316321745, ""base_emotional.anxiety"": 0.15436170112221473, ""base_emotional.excitement"": 0.17216982466729325, ""base_emotional.frustration"": 0.19938244498079827, ""base_emotional.loneliness"": 0.1464669635519934, ""base_emotional.self_esteem"": 0.7567821333224243, ""base_emotional.shame"": 0.049486472863113404, ""base_emotional.trust_in_teacher"": 0.776679435987504}"		
1778045868.684	0	11	0.791494	0.806059	0.769645	0.000000	"{""adhd_hyperactive_impulsive.cognitive.conflict_tendency"": 0.22888368589197283, ""adhd_hyperactive_impulsive.cognitive.impulse_override"": 0.36954094124661657, ""adhd_hyperactive_impulsive.cognitive.plan_consistency"": -0.4637407496327887, ""adhd_hyperactive_impulsive.emotional.anger"": 0.18175001619294212, ""adhd_hyperactive_impulsive.emotional.excitement"": 0.24959610518065964, ""adhd_inattentive.cognitive.att_bandwidth"": -2, ""adhd_inattentive.cognitive.plan_consistency"": -0.25262428267335313, ""adhd_inattentive.cognitive.retention"": -3, ""adhd_inattentive.cognitive.task_initiation_delay"": 0.37674431679419945, ""adhd_inattentive.emotional.frustration"": 0.14431774706514092, ""adhd_inattentive.emotional.self_esteem"": -0.21706054075387796, ""adhd_inattentive.emotional.shame"": 0.19243030803467254, ""base_cognitive.att_bandwidth"": 2, ""base_cognitive.conflict_tendency"": 0.044004647206492754, ""base_cognitive.importance_trigger"": 165.944583667506, ""base_cognitive.impulse_override"": 0.09383208869212481, ""base_cognitive.plan_consistency"": 0.7803029877023033, ""base_cognitive.recency_decay"": 0.9924836500697055, ""base_cognitive.retention"": 5, ""base_cognitive.social_sensitivity"": 0.49982981802932247, ""base_cognitive.task_initiation_delay"": 0.03465129499725482, ""base_cognitive.vision_r"": 4, ""base_emotional.anger"": 0.126351698034638, ""base_emotional.anxiety"": 0.1352308469227348, ""base_emotional.excitement"": 0.2641187397324961, ""base_emotional.frustration"": 0.08536064014595353, ""base_emotional.loneliness"": 0.08803545409023977, ""base_emotional.self_esteem"": 0.7352859773811287, ""base_emotional.shame"": 0.13150305314781952, ""base_emotional.trust_in_teacher"": 0.7682013324667356}"		
1778045869.207	0	12	0.803631	0.810008	0.794065	0.000000	"{""adhd_hyperactive_impulsive.cognitive.conflict_tendency"": 0.14533905869724864, ""adhd_hyperactive_impulsive.cognitive.impulse_override"": 0.2909219278828389, ""adhd_hyperactive_impulsive.cognitive.plan_consistency"": -0.43147301250375275, ""adhd_hyperactive_impulsive.emotional.anger"": 0.20504431397508757, ""adhd_hyperactive_impulsive.emotional.excitement"": 0.1847876700970916, ""adhd_inattentive.cognitive.att_bandwidth"": -2, ""adhd_inattentive.cognitive.plan_consistency"": -0.3354472491843652, ""adhd_inattentive.cognitive.retention"": -4, ""adhd_inattentive.cognitive.task_initiation_delay"": 0.49765510782522127, ""adhd_inattentive.emotional.frustration"": 0.1601979457052317, ""adhd_inattentive.emotional.self_esteem"": -0.22058186387148274, ""adhd_inattentive.emotional.shame"": 0.15930614136264298, ""base_cognitive.att_bandwidth"": 3, ""base_cognitive.conflict_tendency"": 0.054300948507737076, ""base_cognitive.importance_trigger"": 106.419537405706, ""base_cognitive.impulse_override"": 0.05089722110785916, ""base_cognitive.plan_consistency"": 0.7988541977041451, ""base_cognitive.recency_decay"": 0.9909817851041177, ""base_cognitive.retention"": 4, ""base_cognitive.social_sensitivity"": 0.5588015479060322, ""base_cognitive.task_initiation_delay"": 0.0720319028645676, ""base_cognitive.vision_r"": 5, ""base_emotional.anger"": 0.08507093194043518, ""base_emotional.anxiety"": 0.05934199008884775, ""base_emotional.excitement"": 0.2179581340804253, ""base_emotional.frustration"": 0.14430009154846257, ""base_emotional.loneliness"": 0.04009893974854362, ""base_emotional.self_esteem"": 0.6985630428267385, ""base_emotional.shame"": 0.10200053137252432, ""base_emotional.trust_in_teacher"": 0.72667358411232}"		
1778045869.779	0	13	0.700729	0.661067	0.760223	0.000000	"{""adhd_hyperactive_impulsive.cognitive.conflict_tendency"": 0.187683050612918, ""adhd_hyperactive_impulsive.cognitive.impulse_override"": 0.26217663914293665, ""adhd_hyperactive_impulsive.cognitive.plan_consistency"": -0.48162163396061264, ""adhd_hyperactive_impulsive.emotional.anger"": 0.12072225517445921, ""adhd_hyperactive_impulsive.emotional.excitement"": 0.20195422644465472, ""adhd_inattentive.cognitive.att_bandwidth"": -2, ""adhd_inattentive.cognitive.plan_consistency"": -0.30851229573178257, ""adhd_inattentive.cognitive.retention"": -3, ""adhd_inattentive.cognitive.task_initiation_delay"": 0.3888375192935406, ""adhd_inattentive.emotional.frustration"": 0.1510424298355975, ""adhd_inattentive.emotional.self_esteem"": -0.3052947354112252, ""adhd_inattentive.emotional.shame"": 0.1219375115034789, ""base_cognitive.att_bandwidth"": 2, ""base_cognitive.conflict_tendency"": 0.033513227724044574, ""base_cognitive.importance_trigger"": 141.3505483584184, ""base_cognitive.impulse_override"": 0.036570684627454594, ""base_cognitive.plan_consistency"": 0.8086114481057726, ""base_cognitive.recency_decay"": 0.9883161124693032, ""base_cognitive.retention"": 6, ""base_cognitive.social_sensitivity"": 0.32920415761750205, ""base_cognitive.task_initiation_delay"": 0.03936533533136785, ""base_cognitive.vision_r"": 3, ""base_emotional.anger"": 0.030891762847875932, ""base_emotional.anxiety"": 0.10726647920104013, ""base_emotional.excitement"": 0.16039125331175338, ""base_emotional.frustration"": 0.14299331513842378, ""base_emotional.loneliness"": 0.09010536632573227, ""base_emotional.self_esteem"": 0.6080502826216119, ""base_emotional.shame"": 0.04560572179043629, ""base_emotional.trust_in_teacher"": 0.5875362322219437}"		
1778045870.437	0	14	0.615169	0.501779	0.785254	0.000000	"{""adhd_hyperactive_impulsive.cognitive.conflict_tendency"": 0.17885043857191593, ""adhd_hyperactive_impulsive.cognitive.impulse_override"": 0.3297066932522219, ""adhd_hyperactive_impulsive.cognitive.plan_consistency"": -0.47428357342487304, ""adhd_hyperactive_impulsive.emotional.anger"": 0.18651174117505587, ""adhd_hyperactive_impulsive.emotional.excitement"": 0.22423148289748662, ""adhd_inattentive.cognitive.att_bandwidth"": -1, ""adhd_inattentive.cognitive.plan_consistency"": -0.28410444207737207, ""adhd_inattentive.cognitive.retention"": -2, ""adhd_inattentive.cognitive.task_initiation_delay"": 0.44609264386591163, ""adhd_inattentive.emotional.frustration"": 0.24815543151268313, ""adhd_inattentive.emotional.self_esteem"": -0.26788284343621843, ""adhd_inattentive.emotional.shame"": 0.2031951947528016, ""base_cognitive.att_bandwidth"": 3, ""base_cognitive.conflict_tendency"": 0.10704227628469706, ""base_cognitive.importance_trigger"": 162.77997451051226, ""base_cognitive.impulse_override"": 0.11224452650343962, ""base_cognitive.plan_consistency"": 0.8185151050154504, ""base_cognitive.recency_decay"": 0.9844700940460694, ""base_cognitive.retention"": 6, ""base_cognitive.social_sensitivity"": 0.3951110312651708, ""base_cognitive.task_initiation_delay"": 0.06097629220431744, ""base_cognitive.vision_r"": 5, ""base_emotional.anger"": 0.12497022376180354, ""base_emotional.anxiety"": 0.06386565685959353, ""base_emotional.excitement"": 0.20459019344284443, ""base_emotional.frustration"": 0.16084025978270378, ""base_emotional.loneliness"": 0.12275148393220264, ""base_emotional.self_esteem"": 0.6705702592457932, ""base_emotional.shame"": 0.07911138318314115, ""base_emotional.trust_in_teacher"": 0.6816339652830141}"		
1778045870.969	0	15	0.655633	0.520122	0.858899	0.000000	"{""adhd_hyperactive_impulsive.cognitive.conflict_tendency"": 0.12940854909719718, ""adhd_hyperactive_impulsive.cognitive.impulse_override"": 0.35766608561769697, ""adhd_hyperactive_impulsive.cognitive.plan_consistency"": -0.538562709279572, ""adhd_hyperactive_impulsive.emotional.anger"": 0.1422967773559694, ""adhd_hyperactive_impulsive.emotional.excitement"": 0.11831263519090206, ""adhd_inattentive.cognitive.att_bandwidth"": -3, ""adhd_inattentive.cognitive.plan_consistency"": -0.4490111720732406, ""adhd_inattentive.cognitive.retention"": -2, ""adhd_inattentive.cognitive.task_initiation_delay"": 0.44806817799244325, ""adhd_inattentive.emotional.frustration"": 0.22377101693286983, ""adhd_inattentive.emotional.self_esteem"": -0.2821933016786824, ""adhd_inattentive.emotional.shame"": 0.1249528199586684, ""base_cognitive.att_bandwidth"": 2, ""base_cognitive.conflict_tendency"": 0.06275412900526678, ""base_cognitive.importance_trigger"": 132.5817191476848, ""base_cognitive.impulse_override"": 0.04562317643996805, ""base_cognitive.plan_consistency"": 0.771363988499963, ""base_cognitive.recency_decay"": 0.9900750160900008, ""base_cognitive.retention"": 5, ""base_cognitive.social_sensitivity"": 0.32002356032766927, ""base_cognitive.task_initiation_delay"": 0.06447510144336184, ""base_cognitive.vision_r"": 4, ""base_emotional.anger"": 0.056236420564600265, ""base_emotional.anxiety"": 0.14897654313892889, ""base_emotional.excitement"": 0.17959299227486947, ""base_emotional.frustration"": 0.07460924498628924, ""base_emotional.loneliness"": 0.12086459939747901, ""base_emotional.self_esteem"": 0.615264950007772, ""base_emotional.shame"": 0.07697111885153138, ""base_emotional.trust_in_teacher"": 0.667853586729268}"		
1778045871.484	0	16	0.625958	0.519378	0.785828	0.000000	"{""adhd_hyperactive_impulsive.cognitive.conflict_tendency"": 0.1135139413767325, ""adhd_hyperactive_impulsive.cognitive.impulse_override"": 0.36448773611206703, ""adhd_hyperactive_impulsive.cognitive.plan_consistency"": -0.460215386948665, ""adhd_hyperactive_impulsive.emotional.anger"": 0.2247698905579668, ""adhd_hyperactive_impulsive.emotional.excitement"": 0.18102780312861483, ""adhd_inattentive.cognitive.att_bandwidth"": -3, ""adhd_inattentive.cognitive.plan_consistency"": -0.3415773154758675, ""adhd_inattentive.cognitive.retention"": -3, ""adhd_inattentive.cognitive.task_initiation_delay"": 0.4427830742132238, ""adhd_inattentive.emotional.frustration"": 0.20878689724242142, ""adhd_inattentive.emotional.self_esteem"": -0.2530515583322076, ""adhd_inattentive.emotional.shame"": 0.23356919579446717, ""base_cognitive.att_bandwidth"": 3, ""base_cognitive.conflict_tendency"": 0.06847134702521723, ""base_cognitive.importance_trigger"": 100.211248874665, ""base_cognitive.impulse_override"": 0.0719803658314366, ""base_cognitive.plan_consistency"": 0.8292124668750523, ""base_cognitive.recency_decay"": 0.9801100921475607, ""base_cognitive.retention"": 4, ""base_cognitive.social_sensitivity"": 0.5141311766913375, ""base_cognitive.task_initiation_delay"": 0.010253194856870887, ""base_cognitive.vision_r"": 4, ""base_emotional.anger"": 0.051459448880868716, ""base_emotional.anxiety"": 0.16544633828091557, ""base_emotional.excitement"": 0.155710471911309, ""base_emotional.frustration"": 0.11995096484374514, ""base_emotional.loneliness"": 0.07091937127218384, ""base_emotional.self_esteem"": 0.7780835879416403, ""base_emotional.shame"": 0.04289686753354842, ""base_emotional.trust_in_teacher"": 0.6948111707318798}"		
1778045872.052	0	17	0.653707	0.508861	0.870975	0.000000	"{""adhd_hyperactive_impulsive.cognitive.conflict_tendency"": 0.11540420286590855, ""adhd_hyperactive_impulsive.cognitive.impulse_override"": 0.39524651423176715, ""adhd_hyperactive_impulsive.cognitive.plan_consistency"": -0.5149001904972829, ""adhd_hyperactive_impulsive.emotional.anger"": 0.19375764739372178, ""adhd_hyperactive_impulsive.emotional.excitement"": 0.13698559234182006, ""adhd_inattentive.cognitive.att_bandwidth"": -1, ""adhd_inattentive.cognitive.plan_consistency"": -0.440758603696293, ""adhd_inattentive.cognitive.retention"": -4, ""adhd_inattentive.cognitive.task_initiation_delay"": 0.4822469853476955, ""adhd_inattentive.emotional.frustration"": 0.23955675008667435, ""adhd_inattentive.emotional.self_esteem"": -0.18496323080793653, ""adhd_inattentive.emotional.shame"": 0.15258405270715078, ""base_cognitive.att_bandwidth"": 3, ""base_cognitive.conflict_tendency"": 0.08119916230524887, ""base_cognitive.importance_trigger"": 139.9468223314096, ""base_cognitive.impulse_override"": 0.11380390525538821, ""base_cognitive.plan_consistency"": 0.761859358480343, ""base_cognitive.recency_decay"": 0.9863312785375998, ""base_cognitive.retention"": 5, ""base_cognitive.social_sensitivity"": 0.4923094660004282, ""base_cognitive.task_initiation_delay"": 0.06875833775024935, ""base_cognitive.vision_r"": 4, ""base_emotional.anger"": 0.0405254554909508, ""base_emotional.anxiety"": 0.06872793714647134, ""base_emotional.excitement"": 0.2912457961602426, ""base_emotional.frustration"": 0.08900295250889194, ""base_emotional.loneliness"": 0.13900687768059083, ""base_emotional.self_esteem"": 0.7669846298426964, ""base_emotional.shame"": 0.08275010295324176, ""base_emotional.trust_in_teacher"": 0.5697820667863805}"		
1778045872.640	0	18	0.782462	0.808977	0.742690	0.000000	"{""adhd_hyperactive_impulsive.cognitive.conflict_tendency"": 0.23278072705108288, ""adhd_hyperactive_impulsive.cognitive.impulse_override"": 0.3768520776912108, ""adhd_hyperactive_impulsive.cognitive.plan_consistency"": -0.5114401556231203, ""adhd_hyperactive_impulsive.emotional.anger"": 0.2184649337596901, ""adhd_hyperactive_impulsive.emotional.excitement"": 0.13260319960191025, ""adhd_inattentive.cognitive.att_bandwidth"": -1, ""adhd_inattentive.cognitive.plan_consistency"": -0.2549129908679259, ""adhd_inattentive.cognitive.retention"": -4, ""adhd_inattentive.cognitive.task_initiation_delay"": 0.36833786500752286, ""adhd_inattentive.emotional.frustration"": 0.21525032975925254, ""adhd_inattentive.emotional.self_esteem"": -0.2635303085865042, ""adhd_inattentive.emotional.shame"": 0.1805992493689525, ""base_cognitive.att_bandwidth"": 3, ""base_cognitive.conflict_tendency"": 0.05604619181022544, ""base_cognitive.importance_trigger"": 144.65563851395677, ""base_cognitive.impulse_override"": 0.06237102969163587, ""base_cognitive.plan_consistency"": 0.9282573664492864, ""base_cognitive.recency_decay"": 0.9916123600266666, ""base_cognitive.retention"": 5, ""base_cognitive.social_sensitivity"": 0.4838400338890013, ""base_cognitive.task_initiation_delay"": 0.03620589703647522, ""base_cognitive.vision_r"": 4, ""base_emotional.anger"": 0.13873993530900608, ""base_emotional.anxiety"": 0.11878208664016675, ""base_emotional.excitement"": 0.15238077991976934, ""base_emotional.frustration"": 0.10632606633388526, ""base_emotional.loneliness"": 0.06306157647901206, ""base_emotional.self_esteem"": 0.67980626023514, ""base_emotional.shame"": 0.03133630474342707, ""base_emotional.trust_in_teacher"": 0.7029063593453052}"		
1778045873.222	0	19	0.678176	0.603671	0.789933	0.000000	"{""adhd_hyperactive_impulsive.cognitive.conflict_tendency"": 0.17605436598059476, ""adhd_hyperactive_impulsive.cognitive.impulse_override"": 0.3145208258151553, ""adhd_hyperactive_impulsive.cognitive.plan_consistency"": -0.5499579645647271, ""adhd_hyperactive_impulsive.emotional.anger"": 0.17956291939917707, ""adhd_hyperactive_impulsive.emotional.excitement"": 0.15617275556354415, ""adhd_inattentive.cognitive.att_bandwidth"": -2, ""adhd_inattentive.cognitive.plan_consistency"": -0.39116299760775264, ""adhd_inattentive.cognitive.retention"": -4, ""adhd_inattentive.cognitive.task_initiation_delay"": 0.3671139181100272, ""adhd_inattentive.emotional.frustration"": 0.23522034178431578, ""adhd_inattentive.emotional.self_esteem"": -0.25736701489406616, ""adhd_inattentive.emotional.shame"": 0.17037182833166747, ""base_cognitive.att_bandwidth"": 4, ""base_cognitive.conflict_tendency"": 0.0950580100965033, ""base_cognitive.importance_trigger"": 155.8721104823803, ""base_cognitive.impulse_override"": 0.09719639821791724, ""base_cognitive.plan_consistency"": 0.8173049078671112, ""base_cognitive.recency_decay"": 0.9807559621702474, ""base_cognitive.retention"": 5, ""base_cognitive.social_sensitivity"": 0.5394198232288727, ""base_cognitive.task_initiation_delay"": 0.022581427718591878, ""base_cognitive.vision_r"": 4, ""base_emotional.anger"": 0.05893820237518551, ""base_emotional.anxiety"": 0.08039578078836339, ""base_emotional.excitement"": 0.19314742229893317, ""base_emotional.frustration"": 0.09433578811502327, ""base_emotional.loneliness"": 0.11343296648537055, ""base_emotional.self_esteem"": 0.6463814164519751, ""base_emotional.shame"": 0.1360901533741854, ""base_emotional.trust_in_teacher"": 0.7097823235154666}"		
1778045873.739	0	20	0.694692	0.644479	0.770013	0.000000	"{""adhd_hyperactive_impulsive.cognitive.conflict_tendency"": 0.19883927799717077, ""adhd_hyperactive_impulsive.cognitive.impulse_override"": 0.30690400961029585, ""adhd_hyperactive_impulsive.cognitive.plan_consistency"": -0.3884911963900827, ""adhd_hyperactive_impulsive.emotional.anger"": 0.13326710300343877, ""adhd_hyperactive_impulsive.emotional.excitement"": 0.13510382955984934, ""adhd_inattentive.cognitive.att_bandwidth"": -2, ""adhd_inattentive.cognitive.plan_consistency"": -0.402634680434264, ""adhd_inattentive.cognitive.retention"": -4, ""adhd_inattentive.cognitive.task_initiation_delay"": 0.48949445957621773, ""adhd_inattentive.emotional.frustration"": 0.15573464169637585, ""adhd_inattentive.emotional.self_esteem"": -0.3373419401290462, ""adhd_inattentive.emotional.shame"": 0.15576190699941103, ""base_cognitive.att_bandwidth"": 3, ""base_cognitive.conflict_tendency"": 0.0657356489344082, ""base_cognitive.importance_trigger"": 121.53874365496276, ""base_cognitive.impulse_override"": 0.08435170753268903, ""base_cognitive.plan_consistency"": 0.9423538714696739, ""base_cognitive.recency_decay"": 0.9885630164901976, ""base_cognitive.retention"": 4, ""base_cognitive.social_sensitivity"": 0.43086469346710965, ""base_cognitive.task_initiation_delay"": 0.0013594265160228355, ""base_cognitive.vision_r"": 3, ""base_emotional.anger"": 0.06851034358338756, ""base_emotional.anxiety"": 0.15320015005661902, ""base_emotional.excitement"": 0.23008113208039355, ""base_emotional.frustration"": 0.17584651407711765, ""base_emotional.loneliness"": 0.1318483552034133, ""base_emotional.self_esteem"": 0.6169814692327422, ""base_emotional.shame"": 0.14912829459286153, ""base_emotional.trust_in_teacher"": 0.7124167267546927}"		
1778045874.313	0	21	0.781265	0.806982	0.742690	0.000000	"{""adhd_hyperactive_impulsive.cognitive.conflict_tendency"": 0.20806974784782545, ""adhd_hyperactive_impulsive.cognitive.impulse_override"": 0.3182123725598841, ""adhd_hyperactive_impulsive.cognitive.plan_consistency"": -0.42686565217879074, ""adhd_hyperactive_impulsive.emotional.anger"": 0.15968022527738326, ""adhd_hyperactive_impulsive.emotional.excitement"": 0.21631392400982724, ""adhd_inattentive.cognitive.att_bandwidth"": -3, ""adhd_inattentive.cognitive.plan_consistency"": -0.281807500795618, ""adhd_inattentive.cognitive.retention"": -2, ""adhd_inattentive.cognitive.task_initiation_delay"": 0.4261221358656399, ""adhd_inattentive.emotional.frustration"": 0.1743097541342724, ""adhd_inattentive.emotional.self_esteem"": -0.2943528868094814, ""adhd_inattentive.emotional.shame"": 0.13176025908414532, ""base_cognitive.att_bandwidth"": 3, ""base_cognitive.conflict_tendency"": 0.09332089644716517, ""base_cognitive.importance_trigger"": 145.6274076645186, ""base_cognitive.impulse_override"": 0.05815540841797302, ""base_cognitive.plan_consistency"": 0.877804111379598, ""base_cognitive.recency_decay"": 0.989187681458534, ""base_cognitive.retention"": 5, ""base_cognitive.social_sensitivity"": 0.5466515953446875, ""base_cognitive.task_initiation_delay"": 0.014090798538641475, ""base_cognitive.vision_r"": 4, ""base_emotional.anger"": 0.10627068563713327, ""base_emotional.anxiety"": 0.05144462439313363, ""base_emotional.excitement"": 0.29864493855396046, ""base_emotional.frustration"": 0.06266005513035226, ""base_emotional.loneliness"": 0.12858238011950565, ""base_emotional.self_esteem"": 0.7140072131790423, ""base_emotional.shame"": 0.14606849298790098, ""base_emotional.trust_in_teacher"": 0.6045806550359033}"		
1778045874.935	0	22	0.797341	0.802516	0.789578	0.000000	"{""adhd_hyperactive_impulsive.cognitive.conflict_tendency"": 0.2421492182106553, ""adhd_hyperactive_impulsive.cognitive.impulse_override"": 0.26193758309840615, ""adhd_hyperactive_impulsive.cognitive.plan_consistency"": -0.5334603783477063, ""adhd_hyperactive_impulsive.emotional.anger"": 0.1835152193241752, ""adhd_hyperactive_impulsive.emotional.excitement"": 0.14274785925717032, ""adhd_inattentive.cognitive.att_bandwidth"": -2, ""adhd_inattentive.cognitive.plan_consistency"": -0.3651404113277556, ""adhd_inattentive.cognitive.retention"": -2, ""adhd_inattentive.cognitive.task_initiation_delay"": 0.461235532463799, ""adhd_inattentive.emotional.frustration"": 0.12135458674825698, ""adhd_inattentive.emotional.self_esteem"": -0.3018784676219127, ""adhd_inattentive.emotional.shame"": 0.2242438384407302, ""base_cognitive.att_bandwidth"": 3, ""base_cognitive.conflict_tendency"": 0.060804301565073667, ""base_cognitive.importance_trigger"": 120.37237706466306, ""base_cognitive.impulse_override"": 0.09204895342025399, ""base_cognitive.plan_consistency"": 0.8603568752905961, ""base_cognitive.recency_decay"": 0.9817334052234195, ""base_cognitive.retention"": 6, ""base_cognitive.social_sensitivity"": 0.47755950624002197, ""base_cognitive.task_initiation_delay"": 0.08203164981451135, ""base_cognitive.vision_r"": 3, ""base_emotional.anger"": 0.10895881303695251, ""base_emotional.anxiety"": 0.1328655301260538, ""base_emotional.excitement"": 0.2449063897574801, ""base_emotional.frustration"": 0.07327611972311529, ""base_emotional.loneliness"": 0.08585236799526591, ""base_emotional.self_esteem"": 0.7907846137049719, ""base_emotional.shame"": 0.09458640200372401, ""base_emotional.trust_in_teacher"": 0.653176423911045}"		
1778045875.474	0	23	0.789760	0.811321	0.757418	0.000000	"{""adhd_hyperactive_impulsive.cognitive.conflict_tendency"": 0.17433219665417787, ""adhd_hyperactive_impulsive.cognitive.impulse_override"": 0.2933380652826695, ""adhd_hyperactive_impulsive.cognitive.plan_consistency"": -0.44223263455428113, ""adhd_hyperactive_impulsive.emotional.anger"": 0.1898636430077948, ""adhd_hyperactive_impulsive.emotional.excitement"": 0.16282744927700338, ""adhd_inattentive.cognitive.att_bandwidth"": -2, ""adhd_inattentive.cognitive.plan_consistency"": -0.39796293420395884, ""adhd_inattentive.cognitive.retention"": -4, ""adhd_inattentive.cognitive.task_initiation_delay"": 0.3540769651262548, ""adhd_inattentive.emotional.frustration"": 0.14296583687941267, ""adhd_inattentive.emotional.self_esteem"": -0.31373550145324475, ""adhd_inattentive.emotional.shame"": 0.2292413720115937, ""base_cognitive.att_bandwidth"": 3, ""base_cognitive.conflict_tendency"": 0.07996543823238675, ""base_cognitive.importance_trigger"": 115.58539077046262, ""base_cognitive.impulse_override"": 0.04306537486850351, ""base_cognitive.plan_consistency"": 0.9068427887499071, ""base_cognitive.recency_decay"": 0.990761229011933, ""base_cognitive.retention"": 4, ""base_cognitive.social_sensitivity"": 0.5923672047717599, ""base_cognitive.task_initiation_delay"": 0.04327636250994687, ""base_cognitive.vision_r"": 4, ""base_emotional.anger"": 0.12934839966957135, ""base_emotional.anxiety"": 0.10145429227797398, ""base_emotional.excitement"": 0.19794957297438517, ""base_emotional.frustration"": 0.1281446549698007, ""base_emotional.loneliness"": 0.05223339548616156, ""base_emotional.self_esteem"": 0.7011909511943625, ""base_emotional.shame"": 0.10097796351199549, ""base_emotional.trust_in_teacher"": 0.6063378705337255}"		
1778045876.010	0	24	0.750278	0.755336	0.742690	0.000000	"{""adhd_hyperactive_impulsive.cognitive.conflict_tendency"": 0.22326890007837114, ""adhd_hyperactive_impulsive.cognitive.impulse_override"": 0.3443301495899248, ""adhd_hyperactive_impulsive.cognitive.plan_consistency"": -0.3951837480216167, ""adhd_hyperactive_impulsive.emotional.anger"": 0.15491437791909063, ""adhd_hyperactive_impulsive.emotional.excitement"": 0.23927806397190088, ""adhd_inattentive.cognitive.att_bandwidth"": -3, ""adhd_inattentive.cognitive.plan_consistency"": -0.31129879430181434, ""adhd_inattentive.cognitive.retention"": -3, ""adhd_inattentive.cognitive.task_initiation_delay"": 0.3015125486270858, ""adhd_inattentive.emotional.frustration"": 0.1856284586393681, ""adhd_inattentive.emotional.self_esteem"": -0.19953212869461595, ""adhd_inattentive.emotional.shame"": 0.16110856334183618, ""base_cognitive.att_bandwidth"": 4, ""base_cognitive.conflict_tendency"": 0.05090799971693743, ""base_cognitive.importance_trigger"": 102.24541206243512, ""base_cognitive.impulse_override"": 0.082053072664291, ""base_cognitive.plan_consistency"": 0.930793978329077, ""base_cognitive.recency_decay"": 0.9804181662618315, ""base_cognitive.retention"": 4, ""base_cognitive.social_sensitivity"": 0.4493649497872251, ""base_cognitive.task_initiation_delay"": 0.03174877481637019, ""base_cognitive.vision_r"": 5, ""base_emotional.anger"": 0.056876239234192605, ""base_emotional.anxiety"": 0.10565814216400989, ""base_emotional.excitement"": 0.20712056686010574, ""base_emotional.frustration"": 0.14865649872506648, ""base_emotional.loneliness"": 0.12807188137740033, ""base_emotional.self_esteem"": 0.6391956934603152, ""base_emotional.shame"": 0.05558227389698771, ""base_emotional.trust_in_teacher"": 0.679590755223168}"		
1778045876.658	0	25	0.625263	0.518623	0.785224	0.000000	"{""adhd_hyperactive_impulsive.cognitive.conflict_tendency"": 0.1811433645165373, ""adhd_hyperactive_impulsive.cognitive.impulse_override"": 0.26803945282354585, ""adhd_hyperactive_impulsive.cognitive.plan_consistency"": -0.4546390734748799, ""adhd_hyperactive_impulsive.emotional.anger"": 0.23923030911600832, ""adhd_hyperactive_impulsive.emotional.excitement"": 0.110370516441696, ""adhd_inattentive.cognitive.att_bandwidth"": -1, ""adhd_inattentive.cognitive.plan_consistency"": -0.3704294768437343, ""adhd_inattentive.cognitive.retention"": -3, ""adhd_inattentive.cognitive.task_initiation_delay"": 0.41471410310976964, ""adhd_inattentive.emotional.frustration"": 0.23969415804331184, ""adhd_inattentive.emotional.self_esteem"": -0.29750665227321255, ""adhd_inattentive.emotional.shame"": 0.21388721894157403, ""base_cognitive.att_bandwidth"": 4, ""base_cognitive.conflict_tendency"": 0.08833471418115696, ""base_cognitive.importance_trigger"": 118.11290351857045, ""base_cognitive.impulse_override"": 0.04873395183823198, ""base_cognitive.plan_consistency"": 0.8256213282978442, ""base_cognitive.recency_decay"": 0.9943246939523602, ""base_cognitive.retention"": 6, ""base_cognitive.social_sensitivity"": 0.43509086203368796, ""base_cognitive.task_initiation_delay"": 0.08472037742029935, ""base_cognitive.vision_r"": 4, ""base_emotional.anger"": 0.08559978129168305, ""base_emotional.anxiety"": 0.11147620756519988, ""base_emotional.excitement"": 0.2213368639116719, ""base_emotional.frustration"": 0.11718282620740561, ""base_emotional.loneliness"": 0.03370672096070826, ""base_emotional.self_esteem"": 0.7208930334688043, ""base_emotional.shame"": 0.06908479083253038, ""base_emotional.trust_in_teacher"": 0.7463374884389522}"		
1778045877.179	0	26	0.784975	0.813165	0.742690	0.000000	"{""adhd_hyperactive_impulsive.cognitive.conflict_tendency"": 0.21709981329701344, ""adhd_hyperactive_impulsive.cognitive.impulse_override"": 0.39340621234165896, ""adhd_hyperactive_impulsive.cognitive.plan_consistency"": -0.4081259916264839, ""adhd_hyperactive_impulsive.emotional.anger"": 0.1672029647685849, ""adhd_hyperactive_impulsive.emotional.excitement"": 0.21937330599023494, ""adhd_inattentive.cognitive.att_bandwidth"": -1, ""adhd_inattentive.cognitive.plan_consistency"": -0.2602276241622934, ""adhd_inattentive.cognitive.retention"": -3, ""adhd_inattentive.cognitive.task_initiation_delay"": 0.48550089863340995, ""adhd_inattentive.emotional.frustration"": 0.20173601901905275, ""adhd_inattentive.emotional.self_esteem"": -0.34657456184035035, ""adhd_inattentive.emotional.shame"": 0.2003158425257906, ""base_cognitive.att_bandwidth"": 3, ""base_cognitive.conflict_tendency"": 0.10218121193101595, ""base_cognitive.importance_trigger"": 126.45162920289387, ""base_cognitive.impulse_override"": 0.06248534162673498, ""base_cognitive.plan_consistency"": 0.8563056667221057, ""base_cognitive.recency_decay"": 0.9814950961025058, ""base_cognitive.retention"": 4, ""base_cognitive.social_sensitivity"": 0.34891393511707236, ""base_cognitive.task_initiation_delay"": 0.021341089430176804, ""base_cognitive.vision_r"": 4, ""base_emotional.anger"": 0.11010540893115356, ""base_emotional.anxiety"": 0.1639568165545954, ""base_emotional.excitement"": 0.18274838551814165, ""base_emotional.frustration"": 0.13490177318875296, ""base_emotional.loneliness"": 0.08458672713609044, ""base_emotional.self_esteem"": 0.6758797334888974, ""base_emotional.shame"": 0.05346707511417311, ""base_emotional.trust_in_teacher"": 0.5634333062915305}"		
1778045877.779	0	27	0.797103	0.813239	0.772899	0.000000	"{""adhd_hyperactive_impulsive.cognitive.conflict_tendency"": 0.10741433618858917, ""adhd_hyperactive_impulsive.cognitive.impulse_override"": 0.35466047555725727, ""adhd_hyperactive_impulsive.cognitive.plan_consistency"": -0.44021907911402347, ""adhd_hyperactive_impulsive.emotional.anger"": 0.19168601351718167, ""adhd_hyperactive_impulsive.emotional.excitement"": 0.24234598375571428, ""adhd_inattentive.cognitive.att_bandwidth"": -1, ""adhd_inattentive.cognitive.plan_consistency"": -0.39824454675264626, ""adhd_inattentive.cognitive.retention"": -3, ""adhd_inattentive.cognitive.task_initiation_delay"": 0.36352441393947454, ""adhd_inattentive.emotional.frustration"": 0.13606685567034862, ""adhd_inattentive.emotional.self_esteem"": -0.22626280025304263, ""adhd_inattentive.emotional.shame"": 0.22617708879671777, ""base_cognitive.att_bandwidth"": 4, ""base_cognitive.conflict_tendency"": 0.04752399369457504, ""base_cognitive.importance_trigger"": 158.93366506183534, ""base_cognitive.impulse_override"": 0.06921653007019694, ""base_cognitive.plan_consistency"": 0.8801341073637645, ""base_cognitive.recency_decay"": 0.983094619581659, ""base_cognitive.retention"": 5, ""base_cognitive.social_sensitivity"": 0.3711715410615064, ""base_cognitive.task_initiation_delay"": 0.027131616464107507, ""base_cognitive.vision_r"": 5, ""base_emotional.anger"": 0.11516019641070657, ""base_emotional.anxiety"": 0.17050347708735197, ""base_emotional.excitement"": 0.2374693852822628, ""base_emotional.frustration"": 0.15035582108570897, ""base_emotional.loneliness"": 0.04212680622917379, ""base_emotional.self_esteem"": 0.688593743566463, ""base_emotional.shame"": 0.13814645322990698, ""base_emotional.trust_in_teacher"": 0.6244499895217619}"		
1778045878.344	0	28	0.782903	0.809711	0.742690	0.000000	"{""adhd_hyperactive_impulsive.cognitive.conflict_tendency"": 0.13663522110131088, ""adhd_hyperactive_impulsive.cognitive.impulse_override"": 0.38813925629968365, ""adhd_hyperactive_impulsive.cognitive.plan_consistency"": -0.4209748266143826, ""adhd_hyperactive_impulsive.emotional.anger"": 0.24463064477515978, ""adhd_hyperactive_impulsive.emotional.excitement"": 0.10527999265449275, ""adhd_inattentive.cognitive.att_bandwidth"": -3, ""adhd_inattentive.cognitive.plan_consistency"": -0.2771397329856845, ""adhd_inattentive.cognitive.retention"": -3, ""adhd_inattentive.cognitive.task_initiation_delay"": 0.33324334995209215, ""adhd_inattentive.emotional.frustration"": 0.18025499020596095, ""adhd_inattentive.emotional.self_esteem"": -0.23214697184410157, ""adhd_inattentive.emotional.shame"": 0.18193653052357636, ""base_cognitive.att_bandwidth"": 2, ""base_cognitive.conflict_tendency"": 0.05273862176859698, ""base_cognitive.importance_trigger"": 131.99566573752836, ""base_cognitive.impulse_override"": 0.03173010179602342, ""base_cognitive.plan_consistency"": 0.8648106896220336, ""base_cognitive.recency_decay"": 0.9928204126131474, ""base_cognitive.retention"": 6, ""base_cognitive.social_sensitivity"": 0.35963715674091773, ""base_cognitive.task_initiation_delay"": 0.018714207959716615, ""base_cognitive.vision_r"": 4, ""base_emotional.anger"": 0.14775340390094993, ""base_emotional.anxiety"": 0.14658709292938582, ""base_emotional.excitement"": 0.24128940263021192, ""base_emotional.frustration"": 0.1546098430098245, ""base_emotional.loneliness"": 0.04558678343948874, ""base_emotional.self_esteem"": 0.6636845824248241, ""base_emotional.shame"": 0.04723395011823063, ""base_emotional.trust_in_teacher"": 0.6105458796358454}"		
1778045878.909	0	29	0.819984	0.793865	0.859163	0.000000	"{""adhd_hyperactive_impulsive.cognitive.conflict_tendency"": 0.1538389464507476, ""adhd_hyperactive_impulsive.cognitive.impulse_override"": 0.3234258740222933, ""adhd_hyperactive_impulsive.cognitive.plan_consistency"": -0.3824684560644135, ""adhd_hyperactive_impulsive.emotional.anger"": 0.2104704415014909, ""adhd_hyperactive_impulsive.emotional.excitement"": 0.21224065956148752, ""adhd_inattentive.cognitive.att_bandwidth"": -2, ""adhd_inattentive.cognitive.plan_consistency"": -0.43154104595342485, ""adhd_inattentive.cognitive.retention"": -4, ""adhd_inattentive.cognitive.task_initiation_delay"": 0.35080185304886724, ""adhd_inattentive.emotional.frustration"": 0.14802764171138785, ""adhd_inattentive.emotional.self_esteem"": -0.2290070137762737, ""adhd_inattentive.emotional.shame"": 0.2487835056677315, ""base_cognitive.att_bandwidth"": 3, ""base_cognitive.conflict_tendency"": 0.049476140096682636, ""base_cognitive.importance_trigger"": 158.3105174553711, ""base_cognitive.impulse_override"": 0.11969383869096831, ""base_cognitive.plan_consistency"": 0.7882237704713146, ""base_cognitive.recency_decay"": 0.9853290520383341, ""base_cognitive.retention"": 5, ""base_cognitive.social_sensitivity"": 0.3635262209204865, ""base_cognitive.task_initiation_delay"": 0.09245506523116193, ""base_cognitive.vision_r"": 4, ""base_emotional.anger"": 0.14712757365607743, ""base_emotional.anxiety"": 0.09167123385564424, ""base_emotional.excitement"": 0.1570708489769164, ""base_emotional.frustration"": 0.07837004813164548, ""base_emotional.loneliness"": 0.11539689289908664, ""base_emotional.self_esteem"": 0.686356203397329, ""base_emotional.shame"": 0.12024231633667093, ""base_emotional.trust_in_teacher"": 0.5548955507567651}"		
1778045879.436	0	30	0.785668	0.810575	0.748308	0.000000	"{""adhd_hyperactive_impulsive.cognitive.conflict_tendency"": 0.15849312557809517, ""adhd_hyperactive_impulsive.cognitive.impulse_override"": 0.2950324661233856, ""adhd_hyperactive_impulsive.cognitive.plan_consistency"": -0.39082297016853057, ""adhd_hyperactive_impulsive.emotional.anger"": 0.14465149130109167, ""adhd_hyperactive_impulsive.emotional.excitement"": 0.12120526725192177, ""adhd_inattentive.cognitive.att_bandwidth"": -3, ""adhd_inattentive.cognitive.plan_consistency"": -0.3158612727396406, ""adhd_inattentive.cognitive.retention"": -4, ""adhd_inattentive.cognitive.task_initiation_delay"": 0.46648318629714947, ""adhd_inattentive.emotional.frustration"": 0.1953177857358155, ""adhd_inattentive.emotional.self_esteem"": -0.19408988476638261, ""adhd_inattentive.emotional.shame"": 0.18445484444202284, ""base_cognitive.att_bandwidth"": 4, ""base_cognitive.conflict_tendency"": 0.033633874223612345, ""base_cognitive.importance_trigger"": 108.90311276546747, ""base_cognitive.impulse_override"": 0.08293848403681904, ""base_cognitive.plan_consistency"": 0.8932892178166256, ""base_cognitive.recency_decay"": 0.9872948930505975, ""base_cognitive.retention"": 4, ""base_cognitive.social_sensitivity"": 0.33501345974091806, ""base_cognitive.task_initiation_delay"": 0.09192211733311784, ""base_cognitive.vision_r"": 5, ""base_emotional.anger"": 0.11307721336605639, ""base_emotional.anxiety"": 0.13947796895306416, ""base_emotional.excitement"": 0.233151700428549, ""base_emotional.frustration"": 0.05091846362612285, ""base_emotional.loneliness"": 0.14195468403152217, ""base_emotional.self_esteem"": 0.6679106105531895, ""base_emotional.shame"": 0.10809209689117247, ""base_emotional.trust_in_teacher"": 0.6709995130377385}"		
1778045880.092	0	31	0.732166	0.679320	0.811437	0.000000	"{""adhd_hyperactive_impulsive.cognitive.conflict_tendency"": 0.11939383015868, ""adhd_hyperactive_impulsive.cognitive.impulse_override"": 0.2785475166680871, ""adhd_hyperactive_impulsive.cognitive.plan_consistency"": -0.4036261322376445, ""adhd_hyperactive_impulsive.emotional.anger"": 0.21458602175278674, ""adhd_hyperactive_impulsive.emotional.excitement"": 0.17933026804964264, ""adhd_inattentive.cognitive.att_bandwidth"": -3, ""adhd_inattentive.cognitive.plan_consistency"": -0.35268655402022897, ""adhd_inattentive.cognitive.retention"": -2, ""adhd_inattentive.cognitive.task_initiation_delay"": 0.3174370305657564, ""adhd_inattentive.emotional.frustration"": 0.24613260539947737, ""adhd_inattentive.emotional.self_esteem"": -0.34043168029405846, ""adhd_inattentive.emotional.shame"": 0.11073903535687372, ""base_cognitive.att_bandwidth"": 4, ""base_cognitive.conflict_tendency"": 0.07076205920472728, ""base_cognitive.importance_trigger"": 111.83182713790893, ""base_cognitive.impulse_override"": 0.11009562695358227, ""base_cognitive.plan_consistency"": 0.8471950095102913, ""base_cognitive.recency_decay"": 0.9934139764644244, ""base_cognitive.retention"": 6, ""base_cognitive.social_sensitivity"": 0.5162259842044825, ""base_cognitive.task_initiation_delay"": 0.05096119658401831, ""base_cognitive.vision_r"": 5, ""base_emotional.anger"": 0.04218994379276404, ""base_emotional.anxiety"": 0.06807052416425954, ""base_emotional.excitement"": 0.24830013676510615, ""base_emotional.frustration"": 0.19508248899204983, ""base_emotional.loneliness"": 0.10290738290021006, ""base_emotional.self_esteem"": 0.7638538558602899, ""base_emotional.shame"": 0.0607776619234754, ""base_emotional.trust_in_teacher"": 0.7877180803469426}"		
1778045880.568	0	32	0.637606	0.534897	0.791668	0.000000	"{""adhd_hyperactive_impulsive.cognitive.conflict_tendency"": 0.1556721834542107, ""adhd_hyperactive_impulsive.cognitive.impulse_override"": 0.28161398971817647, ""adhd_hyperactive_impulsive.cognitive.plan_consistency"": -0.4702185285235251, ""adhd_hyperactive_impulsive.emotional.anger"": 0.2298405878773598, ""adhd_hyperactive_impulsive.emotional.excitement"": 0.14682607042660173, ""adhd_inattentive.cognitive.att_bandwidth"": -2, ""adhd_inattentive.cognitive.plan_consistency"": -0.42761317445011454, ""adhd_inattentive.cognitive.retention"": -3, ""adhd_inattentive.cognitive.task_initiation_delay"": 0.4940663874993135, ""adhd_inattentive.emotional.frustration"": 0.18823843694029108, ""adhd_inattentive.emotional.self_esteem"": -0.23581047898709417, ""adhd_inattentive.emotional.shame"": 0.19686118554521817, ""base_cognitive.att_bandwidth"": 2, ""base_cognitive.conflict_tendency"": 0.057860022027220334, ""base_cognitive.importance_trigger"": 134.91052910090684, ""base_cognitive.impulse_override"": 0.040056985706775405, ""base_cognitive.plan_consistency"": 0.9400079483448056, ""base_cognitive.recency_decay"": 0.9893124563641589, ""base_cognitive.retention"": 4, ""base_cognitive.social_sensitivity"": 0.5530693358415179, ""base_cognitive.task_initiation_delay"": 0.05668364235642184, ""base_cognitive.vision_r"": 4, ""base_emotional.anger"": 0.14339318586134106, ""base_emotional.anxiety"": 0.0842195047108078, ""base_emotional.excitement"": 0.1768130137789031, ""base_emotional.frustration"": 0.12375407495976162, ""base_emotional.loneliness"": 0.08000799554253765, ""base_emotional.self_esteem"": 0.6351690188835774, ""base_emotional.shame"": 0.10678507153882652, ""base_emotional.trust_in_teacher"": 0.6874567501516012}"		
1778045881.140	0	33	0.629502	0.504607	0.816843	0.000000	"{""adhd_hyperactive_impulsive.cognitive.conflict_tendency"": 0.19175113531777327, ""adhd_hyperactive_impulsive.cognitive.impulse_override"": 0.3708949881923511, ""adhd_hyperactive_impulsive.cognitive.plan_consistency"": -0.45082100847603523, ""adhd_hyperactive_impulsive.emotional.anger"": 0.1760321768360237, ""adhd_hyperactive_impulsive.emotional.excitement"": 0.10836571563379592, ""adhd_inattentive.cognitive.att_bandwidth"": -3, ""adhd_inattentive.cognitive.plan_consistency"": -0.44389826215310524, ""adhd_inattentive.cognitive.retention"": -3, ""adhd_inattentive.cognitive.task_initiation_delay"": 0.325653849442309, ""adhd_inattentive.emotional.frustration"": 0.19574754757593352, ""adhd_inattentive.emotional.self_esteem"": -0.22117916380540056, ""adhd_inattentive.emotional.shame"": 0.11756293720217759, ""base_cognitive.att_bandwidth"": 3, ""base_cognitive.conflict_tendency"": 0.059482788889244624, ""base_cognitive.importance_trigger"": 110.67378639231879, ""base_cognitive.impulse_override"": 0.1030317009166143, ""base_cognitive.plan_consistency"": 0.8346143201628631, ""base_cognitive.recency_decay"": 0.9829990832659128, ""base_cognitive.retention"": 5, ""base_cognitive.social_sensitivity"": 0.38208218294855734, ""base_cognitive.task_initiation_delay"": 0.0032199468681429924, ""base_cognitive.vision_r"": 3, ""base_emotional.anger"": 0.13212486695512232, ""base_emotional.anxiety"": 0.11573121511156291, ""base_emotional.excitement"": 0.21095178286711025, ""base_emotional.frustration"": 0.18659684994836317, ""base_emotional.loneliness"": 0.13405586632990413, ""base_emotional.self_esteem"": 0.7250752105550581, ""base_emotional.shame"": 0.08784378377771, ""base_emotional.trust_in_teacher"": 0.6636942764497291}"		
1778045881.722	0	34	0.763540	0.753221	0.779020	0.000000	"{""adhd_hyperactive_impulsive.cognitive.conflict_tendency"": 0.17029554509244443, ""adhd_hyperactive_impulsive.cognitive.impulse_override"": 0.3807014925988498, ""adhd_hyperactive_impulsive.cognitive.plan_consistency"": -0.5349723752507612, ""adhd_hyperactive_impulsive.emotional.anger"": 0.1384382518726957, ""adhd_hyperactive_impulsive.emotional.excitement"": 0.23584017039597802, ""adhd_inattentive.cognitive.att_bandwidth"": -2, ""adhd_inattentive.cognitive.plan_consistency"": -0.2921161388511447, ""adhd_inattentive.cognitive.retention"": -2, ""adhd_inattentive.cognitive.task_initiation_delay"": 0.4353523218078935, ""adhd_inattentive.emotional.frustration"": 0.12555645138743646, ""adhd_inattentive.emotional.self_esteem"": -0.1873913936944841, ""adhd_inattentive.emotional.shame"": 0.217092066369503, ""base_cognitive.att_bandwidth"": 3, ""base_cognitive.conflict_tendency"": 0.11269284207195272, ""base_cognitive.importance_trigger"": 146.48709179420098, ""base_cognitive.impulse_override"": 0.055763927176711484, ""base_cognitive.plan_consistency"": 0.7828394137777704, ""base_cognitive.recency_decay"": 0.9866587838838119, ""base_cognitive.retention"": 5, ""base_cognitive.social_sensitivity"": 0.3154439392748211, ""base_cognitive.task_initiation_delay"": 0.0060492739731434425, ""base_cognitive.vision_r"": 5, ""base_emotional.anger"": 0.1218759209078861, ""base_emotional.anxiety"": 0.14271360092222102, ""base_emotional.excitement"": 0.16798577766571376, ""base_emotional.frustration"": 0.1617924917760073, ""base_emotional.loneliness"": 0.03214456690149859, ""base_emotional.self_esteem"": 0.7419660086705115, ""base_emotional.shame"": 0.06745157465841395, ""base_emotional.trust_in_teacher"": 0.7418487360499674}"		
1778045882.331	0	35	0.804502	0.803410	0.806140	0.000000	"{""adhd_hyperactive_impulsive.cognitive.conflict_tendency"": 0.19949634991999915, ""adhd_hyperactive_impulsive.cognitive.impulse_override"": 0.2996202034003096, ""adhd_hyperactive_impulsive.cognitive.plan_consistency"": -0.4994251385048505, ""adhd_hyperactive_impulsive.emotional.anger"": 0.24484541049997613, ""adhd_hyperactive_impulsive.emotional.excitement"": 0.12533473939584933, ""adhd_inattentive.cognitive.att_bandwidth"": -2, ""adhd_inattentive.cognitive.plan_consistency"": -0.35487348929959467, ""adhd_inattentive.cognitive.retention"": -3, ""adhd_inattentive.cognitive.task_initiation_delay"": 0.4051602105094447, ""adhd_inattentive.emotional.frustration"": 0.19808527582244573, ""adhd_inattentive.emotional.self_esteem"": -0.2027354342309727, ""adhd_inattentive.emotional.shame"": 0.16307904340206236, ""base_cognitive.att_bandwidth"": 4, ""base_cognitive.conflict_tendency"": 0.09222946563710924, ""base_cognitive.importance_trigger"": 152.10499991762038, ""base_cognitive.impulse_override"": 0.08603715813727292, ""base_cognitive.plan_consistency"": 0.7690928132264079, ""base_cognitive.recency_decay"": 0.9811618919168278, ""base_cognitive.retention"": 5, ""base_cognitive.social_sensitivity"": 0.5052820749150773, ""base_cognitive.task_initiation_delay"": 0.06370601426682712, ""base_cognitive.vision_r"": 4, ""base_emotional.anger"": 0.09639950206583445, ""base_emotional.anxiety"": 0.1445055109550291, ""base_emotional.excitement"": 0.2881480502408045, ""base_emotional.frustration"": 0.10863943440412652, ""base_emotional.loneliness"": 0.11027714886513743, ""base_emotional.self_esteem"": 0.7977144762576132, ""base_emotional.shame"": 0.12357689481823228, ""base_emotional.trust_in_teacher"": 0.7398604426100394}"		
1778045882.840	0	36	0.781645	0.807615	0.742690	0.000000	"{""adhd_hyperactive_impulsive.cognitive.conflict_tendency"": 0.1492877854986587, ""adhd_hyperactive_impulsive.cognitive.impulse_override"": 0.28420896204651724, ""adhd_hyperactive_impulsive.cognitive.plan_consistency"": -0.5287827754083312, ""adhd_hyperactive_impulsive.emotional.anger"": 0.23244704085760515, ""adhd_hyperactive_impulsive.emotional.excitement"": 0.1722217546310019, ""adhd_inattentive.cognitive.att_bandwidth"": -2, ""adhd_inattentive.cognitive.plan_consistency"": -0.26480467892151593, ""adhd_inattentive.cognitive.retention"": -4, ""adhd_inattentive.cognitive.task_initiation_delay"": 0.37505838328038277, ""adhd_inattentive.emotional.frustration"": 0.19256885176586258, ""adhd_inattentive.emotional.self_esteem"": -0.2868123958409107, ""adhd_inattentive.emotional.shame"": 0.24139605668175237, ""base_cognitive.att_bandwidth"": 3, ""base_cognitive.conflict_tendency"": 0.09968651543189908, ""base_cognitive.importance_trigger"": 135.61868195763267, ""base_cognitive.impulse_override"": 0.059092698582119865, ""base_cognitive.plan_consistency"": 0.9470794081726417, ""base_cognitive.recency_decay"": 0.9857223718157677, ""base_cognitive.retention"": 4, ""base_cognitive.social_sensitivity"": 0.3424313666140617, ""base_cognitive.task_initiation_delay"": 0.048828873978704675, ""base_cognitive.vision_r"": 5, ""base_emotional.anger"": 0.037168228599368205, ""base_emotional.anxiety"": 0.0753012975657287, ""base_emotional.excitement"": 0.28540513768798104, ""base_emotional.frustration"": 0.11345073549541798, ""base_emotional.loneliness"": 0.07672556961987365, ""base_emotional.self_esteem"": 0.7877043505301349, ""base_emotional.shame"": 0.14345830775660284, ""base_emotional.trust_in_teacher"": 0.7994831355179166}"		
1778045883.485	0	37	0.608305	0.516766	0.745615	0.000000	"{""adhd_hyperactive_impulsive.cognitive.conflict_tendency"": 0.12119577824203656, ""adhd_hyperactive_impulsive.cognitive.impulse_override"": 0.308961150943616, ""adhd_hyperactive_impulsive.cognitive.plan_consistency"": -0.5195250491236327, ""adhd_hyperactive_impulsive.emotional.anger"": 0.149026603914015, ""adhd_hyperactive_impulsive.emotional.excitement"": 0.16858555508333722, ""adhd_inattentive.cognitive.att_bandwidth"": -2, ""adhd_inattentive.cognitive.plan_consistency"": -0.28757741199291936, ""adhd_inattentive.cognitive.retention"": -2, ""adhd_inattentive.cognitive.task_initiation_delay"": 0.3215277407724819, ""adhd_inattentive.emotional.frustration"": 0.21767150781090358, ""adhd_inattentive.emotional.self_esteem"": -0.2611162134466605, ""adhd_inattentive.emotional.shame"": 0.12876665643060392, ""base_cognitive.att_bandwidth"": 4, ""base_cognitive.conflict_tendency"": 0.08697556229844798, ""base_cognitive.importance_trigger"": 137.54918114565183, ""base_cognitive.impulse_override"": 0.06576800257203633, ""base_cognitive.plan_consistency"": 0.8447238421599816, ""base_cognitive.recency_decay"": 0.9922540370842398, ""base_cognitive.retention"": 6, ""base_cognitive.social_sensitivity"": 0.4065527400402722, ""base_cognitive.task_initiation_delay"": 0.06708964184274659, ""base_cognitive.vision_r"": 5, ""base_emotional.anger"": 0.06245781842148946, ""base_emotional.anxiety"": 0.16739237858894607, ""base_emotional.excitement"": 0.26876593925601217, ""base_emotional.frustration"": 0.18058086177738497, ""base_emotional.loneliness"": 0.09310337013947047, ""base_emotional.self_esteem"": 0.659641085180525, ""base_emotional.shame"": 0.040206953896755125, ""base_emotional.trust_in_teacher"": 0.5725490017898103}"		
1778045884.049	0	38	0.776870	0.772472	0.783468	0.000000	"{""adhd_hyperactive_impulsive.cognitive.conflict_tendency"": 0.1408880876503349, ""adhd_hyperactive_impulsive.cognitive.impulse_override"": 0.2711200911600762, ""adhd_hyperactive_impulsive.cognitive.plan_consistency"": -0.4480244376738505, ""adhd_hyperactive_impulsive.emotional.anger"": 0.22175402439852798, ""adhd_hyperactive_impulsive.emotional.excitement"": 0.15310474976444166, ""adhd_inattentive.cognitive.att_bandwidth"": -1, ""adhd_inattentive.cognitive.plan_consistency"": -0.41679580580623204, ""adhd_inattentive.cognitive.retention"": -2, ""adhd_inattentive.cognitive.task_initiation_delay"": 0.4108861508553204, ""adhd_inattentive.emotional.frustration"": 0.17630514199532168, ""adhd_inattentive.emotional.self_esteem"": -0.1929366306424261, ""adhd_inattentive.emotional.shame"": 0.13803700280857836, ""base_cognitive.att_bandwidth"": 2, ""base_cognitive.conflict_tendency"": 0.08576584739274903, ""base_cognitive.importance_trigger"": 169.26015071034684, ""base_cognitive.impulse_override"": 0.037866044405775935, ""base_cognitive.plan_consistency"": 0.9128715743796628, ""base_cognitive.recency_decay"": 0.9834095146829707, ""base_cognitive.retention"": 6, ""base_cognitive.social_sensitivity"": 0.5252236650103316, ""base_cognitive.task_initiation_delay"": 0.04470001455698589, ""base_cognitive.vision_r"": 4, ""base_emotional.anger"": 0.09474580981970226, ""base_emotional.anxiety"": 0.16126572966375707, ""base_emotional.excitement"": 0.18656525658383213, ""base_emotional.frustration"": 0.13291224185299166, ""base_emotional.loneliness"": 0.055388251695979156, ""base_emotional.self_esteem"": 0.744349636177932, ""base_emotional.shame"": 0.09024790425090215, ""base_emotional.trust_in_teacher"": 0.558751110551122}"		
1778045884.634	0	39	0.644937	0.511552	0.845015	0.000000	"{""adhd_hyperactive_impulsive.cognitive.conflict_tendency"": 0.14322363141297273, ""adhd_hyperactive_impulsive.cognitive.impulse_override"": 0.2877102433899538, ""adhd_hyperactive_impulsive.cognitive.plan_consistency"": -0.5220182932160234, ""adhd_hyperactive_impulsive.emotional.anger"": 0.15679481921229788, ""adhd_hyperactive_impulsive.emotional.excitement"": 0.1507751444132726, ""adhd_inattentive.cognitive.att_bandwidth"": -2, ""adhd_inattentive.cognitive.plan_consistency"": -0.4114342493358826, ""adhd_inattentive.cognitive.retention"": -4, ""adhd_inattentive.cognitive.task_initiation_delay"": 0.3302035816249391, ""adhd_inattentive.emotional.frustration"": 0.16891646833103605, ""adhd_inattentive.emotional.self_esteem"": -0.2091497509012583, ""adhd_inattentive.emotional.shame"": 0.10534355872684117, ""base_cognitive.att_bandwidth"": 3, ""base_cognitive.conflict_tendency"": 0.11015822177572969, ""base_cognitive.importance_trigger"": 123.69321580095067, ""base_cognitive.impulse_override"": 0.08907323438714043, ""base_cognitive.plan_consistency"": 0.7759482877747481, ""base_cognitive.recency_decay"": 0.9879939389699516, ""base_cognitive.retention"": 5, ""base_cognitive.social_sensitivity"": 0.42251073986777926, ""base_cognitive.task_initiation_delay"": 0.024054068779971564, ""base_cognitive.vision_r"": 4, ""base_emotional.anger"": 0.09023174384986893, ""base_emotional.anxiety"": 0.08940946107852248, ""base_emotional.excitement"": 0.2535604325743237, ""base_emotional.frustration"": 0.19273553017753442, ""base_emotional.loneliness"": 0.06918032434580998, ""base_emotional.self_esteem"": 0.6438179098967133, ""base_emotional.shame"": 0.11583824803329637, ""base_emotional.trust_in_teacher"": 0.6471667630101708}"		
1778045885.208	0	40	0.783370	0.810490	0.742690	0.000000	"{""adhd_hyperactive_impulsive.cognitive.conflict_tendency"": 0.1350227375059985, ""adhd_hyperactive_impulsive.cognitive.impulse_override"": 0.2554140289589069, ""adhd_hyperactive_impulsive.cognitive.plan_consistency"": -0.4109111071473266, ""adhd_hyperactive_impulsive.emotional.anger"": 0.16344028082208836, ""adhd_hyperactive_impulsive.emotional.excitement"": 0.11385692839515493, ""adhd_inattentive.cognitive.att_bandwidth"": -2, ""adhd_inattentive.cognitive.plan_consistency"": -0.27301219384047637, ""adhd_inattentive.cognitive.retention"": -4, ""adhd_inattentive.cognitive.task_initiation_delay"": 0.419816542109109, ""adhd_inattentive.emotional.frustration"": 0.2274446602814953, ""adhd_inattentive.emotional.self_esteem"": -0.311506375151131, ""adhd_inattentive.emotional.shame"": 0.20705204456621157, ""base_cognitive.att_bandwidth"": 3, ""base_cognitive.conflict_tendency"": 0.04448109753718445, ""base_cognitive.importance_trigger"": 107.34622550067147, ""base_cognitive.impulse_override"": 0.07861855758964884, ""base_cognitive.plan_consistency"": 0.9205192115898897, ""base_cognitive.recency_decay"": 0.9931331614197904, ""base_cognitive.retention"": 5, ""base_cognitive.social_sensitivity"": 0.30315054381743284, ""base_cognitive.task_initiation_delay"": 0.09491597075578037, ""base_cognitive.vision_r"": 5, ""base_emotional.anger"": 0.06755730937530142, ""base_emotional.anxiety"": 0.15824829868505472, ""base_emotional.excitement"": 0.2813949676131474, ""base_emotional.frustration"": 0.05961741785758966, ""base_emotional.loneliness"": 0.14943787265378877, ""base_emotional.self_esteem"": 0.7397623307719373, ""base_emotional.shame"": 0.03350452712238888, ""base_emotional.trust_in_teacher"": 0.58215684461369}"		
1778045885.690	0	41	0.836406	0.806702	0.880962	0.000000	"{""adhd_hyperactive_impulsive.cognitive.conflict_tendency"": 0.16676914325471182, ""adhd_hyperactive_impulsive.cognitive.impulse_override"": 0.33206573532666056, ""adhd_hyperactive_impulsive.cognitive.plan_consistency"": -0.36832191724200736, ""adhd_hyperactive_impulsive.emotional.anger"": 0.19938168079689467, ""adhd_hyperactive_impulsive.emotional.excitement"": 0.17188941704251023, ""adhd_inattentive.cognitive.att_bandwidth"": -2, ""adhd_inattentive.cognitive.plan_consistency"": -0.42033386430196734, ""adhd_inattentive.cognitive.retention"": -2, ""adhd_inattentive.cognitive.task_initiation_delay"": 0.3924733313687763, ""adhd_inattentive.emotional.frustration"": 0.13179737678272574, ""adhd_inattentive.emotional.self_esteem"": -0.3188703559226149, ""adhd_inattentive.emotional.shame"": 0.1734484872332332, ""base_cognitive.att_bandwidth"": 2, ""base_cognitive.conflict_tendency"": 0.09835407211274316, ""base_cognitive.importance_trigger"": 167.8276963256705, ""base_cognitive.impulse_override"": 0.07114682823872714, ""base_cognitive.plan_consistency"": 0.7571598481452354, ""base_cognitive.recency_decay"": 0.9839781149970185, ""base_cognitive.retention"": 4, ""base_cognitive.social_sensitivity"": 0.5717141780767185, ""base_cognitive.task_initiation_delay"": 0.02804572873284049, ""base_cognitive.vision_r"": 3, ""base_emotional.anger"": 0.13411331761516737, ""base_emotional.anxiety"": 0.08789419765655712, ""base_emotional.excitement"": 0.2614309120856704, ""base_emotional.frustration"": 0.057652433344874826, ""base_emotional.loneliness"": 0.0997193429863688, ""base_emotional.self_esteem"": 0.6496225462282745, ""base_emotional.shame"": 0.09740387228833944, ""base_emotional.trust_in_teacher"": 0.6287607462295635}"		
1778045886.216	0	42	0.764463	0.742415	0.797536	0.000000	"{""adhd_hyperactive_impulsive.cognitive.conflict_tendency"": 0.1654618484700907, ""adhd_hyperactive_impulsive.cognitive.impulse_override"": 0.382900651885994, ""adhd_hyperactive_impulsive.cognitive.plan_consistency"": -0.43552556061922615, ""adhd_hyperactive_impulsive.emotional.anger"": 0.13251754316006964, ""adhd_hyperactive_impulsive.emotional.excitement"": 0.17532044270491276, ""adhd_inattentive.cognitive.att_bandwidth"": -1, ""adhd_inattentive.cognitive.plan_consistency"": -0.43547231295576655, ""adhd_inattentive.cognitive.retention"": -3, ""adhd_inattentive.cognitive.task_initiation_delay"": 0.4577956294005052, ""adhd_inattentive.emotional.frustration"": 0.225588220235133, ""adhd_inattentive.emotional.self_esteem"": -0.3270799419713245, ""adhd_inattentive.emotional.shame"": 0.1764860456232827, ""base_cognitive.att_bandwidth"": 4, ""base_cognitive.conflict_tendency"": 0.07531010808863989, ""base_cognitive.importance_trigger"": 113.1252658351557, ""base_cognitive.impulse_override"": 0.09077026701803192, ""base_cognitive.plan_consistency"": 0.8738382666091882, ""base_cognitive.recency_decay"": 0.9870095191542826, ""base_cognitive.retention"": 4, ""base_cognitive.social_sensitivity"": 0.3869021177891581, ""base_cognitive.task_initiation_delay"": 0.04061492725428567, ""base_cognitive.vision_r"": 3, ""base_emotional.anger"": 0.09857699791202945, ""base_emotional.anxiety"": 0.1251417822119846, ""base_emotional.excitement"": 0.2736586636861231, ""base_emotional.frustration"": 0.06863697257441831, ""base_emotional.loneliness"": 0.09898998225485325, ""base_emotional.self_esteem"": 0.6808696182668779, ""base_emotional.shame"": 0.09551670882196814, ""base_emotional.trust_in_teacher"": 0.7155787507095922}"		
1778045886.824	0	43	0.609138	0.520104	0.742690	0.000000	"{""adhd_hyperactive_impulsive.cognitive.conflict_tendency"": 0.18540187282207188, ""adhd_hyperactive_impulsive.cognitive.impulse_override"": 0.33774175457540695, ""adhd_hyperactive_impulsive.cognitive.plan_consistency"": -0.37675728405065834, ""adhd_hyperactive_impulsive.emotional.anger"": 0.12353289354390319, ""adhd_hyperactive_impulsive.emotional.excitement"": 0.2213948692162869, ""adhd_inattentive.cognitive.att_bandwidth"": -2, ""adhd_inattentive.cognitive.plan_consistency"": -0.295909573693647, ""adhd_inattentive.cognitive.retention"": -3, ""adhd_inattentive.cognitive.task_initiation_delay"": 0.476030681199291, ""adhd_inattentive.emotional.frustration"": 0.23102565424467802, ""adhd_inattentive.emotional.self_esteem"": -0.2818263563242756, ""adhd_inattentive.emotional.shame"": 0.21571560591424951, ""base_cognitive.att_bandwidth"": 4, ""base_cognitive.conflict_tendency"": 0.09095909350052056, ""base_cognitive.importance_trigger"": 151.15195334608165, ""base_cognitive.impulse_override"": 0.0677763100928543, ""base_cognitive.plan_consistency"": 0.8692155597685872, ""base_cognitive.recency_decay"": 0.9847138692558012, ""base_cognitive.retention"": 5, ""base_cognitive.social_sensitivity"": 0.5877547982450035, ""base_cognitive.task_initiation_delay"": 0.09844037725261634, ""base_cognitive.vision_r"": 4, ""base_emotional.anger"": 0.048294576612358454, ""base_emotional.anxiety"": 0.06170710861876112, ""base_emotional.excitement"": 0.2150085881805548, ""base_emotional.frustration"": 0.16622935862403007, ""base_emotional.loneliness"": 0.06630393696655751, ""base_emotional.self_esteem"": 0.7068573544975565, ""base_emotional.shame"": 0.06199606312662834, ""base_emotional.trust_in_teacher"": 0.5778458202988053}"		
1778045887.350	0	44	0.805133	0.811351	0.795806	0.000000	"{""adhd_hyperactive_impulsive.cognitive.conflict_tendency"": 0.2490849542946496, ""adhd_hyperactive_impulsive.cognitive.impulse_override"": 0.349496417123338, ""adhd_hyperactive_impulsive.cognitive.plan_consistency"": -0.48608487827668323, ""adhd_hyperactive_impulsive.emotional.anger"": 0.13809353680912215, ""adhd_hyperactive_impulsive.emotional.excitement"": 0.16489225059144635, ""adhd_inattentive.cognitive.att_bandwidth"": -2, ""adhd_inattentive.cognitive.plan_consistency"": -0.4088239447654805, ""adhd_inattentive.cognitive.retention"": -3, ""adhd_inattentive.cognitive.task_initiation_delay"": 0.43180326500940514, ""adhd_inattentive.emotional.frustration"": 0.17020110976795716, ""adhd_inattentive.emotional.self_esteem"": -0.2506288849568864, ""adhd_inattentive.emotional.shame"": 0.24577637686701048, ""base_cognitive.att_bandwidth"": 2, ""base_cognitive.conflict_tendency"": 0.10901394682602356, ""base_cognitive.importance_trigger"": 161.4208868647698, ""base_cognitive.impulse_override"": 0.04716272447655956, ""base_cognitive.plan_consistency"": 0.8955429870606558, ""base_cognitive.recency_decay"": 0.9897982817994532, ""base_cognitive.retention"": 5, ""base_cognitive.social_sensitivity"": 0.4606358951237266, ""base_cognitive.task_initiation_delay"": 0.07829187354102614, ""base_cognitive.vision_r"": 5, ""base_emotional.anger"": 0.11825133903270046, ""base_emotional.anxiety"": 0.07693750651808463, ""base_emotional.excitement"": 0.295431963290374, ""base_emotional.frustration"": 0.11293687328917132, ""base_emotional.loneliness"": 0.0755546274326282, ""base_emotional.self_esteem"": 0.6079975787427346, ""base_emotional.shame"": 0.14136580919300196, ""base_emotional.trust_in_teacher"": 0.617491563843798}"		
1778045887.994	0	45	0.668321	0.585513	0.792533	0.000000	"{""adhd_hyperactive_impulsive.cognitive.conflict_tendency"": 0.24600898599541696, ""adhd_hyperactive_impulsive.cognitive.impulse_override"": 0.25858215620252745, ""adhd_hyperactive_impulsive.cognitive.plan_consistency"": -0.4678597351964244, ""adhd_hyperactive_impulsive.emotional.anger"": 0.12540941438400044, ""adhd_hyperactive_impulsive.emotional.excitement"": 0.15944684206574516, ""adhd_inattentive.cognitive.att_bandwidth"": -1, ""adhd_inattentive.cognitive.plan_consistency"": -0.4235728303662606, ""adhd_inattentive.cognitive.retention"": -3, ""adhd_inattentive.cognitive.task_initiation_delay"": 0.3860720313459799, ""adhd_inattentive.emotional.frustration"": 0.16210347044775822, ""adhd_inattentive.emotional.self_esteem"": -0.2698192940101627, ""adhd_inattentive.emotional.shame"": 0.13927154836089037, ""base_cognitive.att_bandwidth"": 4, ""base_cognitive.conflict_tendency"": 0.04096072653046073, ""base_cognitive.importance_trigger"": 128.2370149344961, ""base_cognitive.impulse_override"": 0.11616806942111048, ""base_cognitive.plan_consistency"": 0.8845552835459509, ""base_cognitive.recency_decay"": 0.9888914290572849, ""base_cognitive.retention"": 6, ""base_cognitive.social_sensitivity"": 0.4559675245302167, ""base_cognitive.task_initiation_delay"": 0.07707844945685695, ""base_cognitive.vision_r"": 4, ""base_emotional.anger"": 0.07361207199977017, ""base_emotional.anxiety"": 0.10275018046445339, ""base_emotional.excitement"": 0.25734898923604094, ""base_emotional.frustration"": 0.17891029836419559, ""base_emotional.loneliness"": 0.03737842613455306, ""base_emotional.self_esteem"": 0.692015222689701, ""base_emotional.shame"": 0.12681816916343858, ""base_emotional.trust_in_teacher"": 0.7841104990437022}"		
1778045888.523	0	46	0.802926	0.805261	0.799423	0.000000	"{""adhd_hyperactive_impulsive.cognitive.conflict_tendency"": 0.1303455384519223, ""adhd_hyperactive_impulsive.cognitive.impulse_override"": 0.340599286361809, ""adhd_hyperactive_impulsive.cognitive.plan_consistency"": -0.41732087207286045, ""adhd_hyperactive_impulsive.emotional.anger"": 0.12991849923343587, ""adhd_hyperactive_impulsive.emotional.excitement"": 0.11570688836674778, ""adhd_inattentive.cognitive.att_bandwidth"": -2, ""adhd_inattentive.cognitive.plan_consistency"": -0.346476808391732, ""adhd_inattentive.cognitive.retention"": -3, ""adhd_inattentive.cognitive.task_initiation_delay"": 0.3107107316834253, ""adhd_inattentive.emotional.frustration"": 0.15703909773625596, ""adhd_inattentive.emotional.self_esteem"": -0.18160971194072037, ""adhd_inattentive.emotional.shame"": 0.10077281293781025, ""base_cognitive.att_bandwidth"": 2, ""base_cognitive.conflict_tendency"": 0.10092376612939469, ""base_cognitive.importance_trigger"": 137.85126215045545, ""base_cognitive.impulse_override"": 0.05474160443775783, ""base_cognitive.plan_consistency"": 0.7916519964919976, ""base_cognitive.recency_decay"": 0.9936645079256073, ""base_cognitive.retention"": 5, ""base_cognitive.social_sensitivity"": 0.4104452780615606, ""base_cognitive.task_initiation_delay"": 0.005567380740031961, ""base_cognitive.vision_r"": 3, ""base_emotional.anger"": 0.14219740893915583, ""base_emotional.anxiety"": 0.1784501366126765, ""base_emotional.excitement"": 0.16875430298808247, ""base_emotional.frustration"": 0.0811771913683785, ""base_emotional.loneliness"": 0.11641095559498205, ""base_emotional.self_esteem"": 0.7732229583079901, ""base_emotional.shame"": 0.08419298090461089, ""base_emotional.trust_in_teacher"": 0.7208754543379524}"		
1778045889.155	0	47	0.753215	0.722208	0.799726	0.000000	"{""adhd_hyperactive_impulsive.cognitive.conflict_tendency"": 0.16235327559134852, ""adhd_hyperactive_impulsive.cognitive.impulse_override"": 0.37437344506771886, ""adhd_hyperactive_impulsive.cognitive.plan_consistency"": -0.3717232713506404, ""adhd_hyperactive_impulsive.emotional.anger"": 0.22838304834658374, ""adhd_hyperactive_impulsive.emotional.excitement"": 0.1407082870365594, ""adhd_inattentive.cognitive.att_bandwidth"": -1, ""adhd_inattentive.cognitive.plan_consistency"": -0.3272671409349957, ""adhd_inattentive.cognitive.retention"": -2, ""adhd_inattentive.cognitive.task_initiation_delay"": 0.3066576015973886, ""adhd_inattentive.emotional.frustration"": 0.21212355715968434, ""adhd_inattentive.emotional.self_esteem"": -0.288962721282366, ""adhd_inattentive.emotional.shame"": 0.14880825207557627, ""base_cognitive.att_bandwidth"": 2, ""base_cognitive.conflict_tendency"": 0.07275577085007713, ""base_cognitive.importance_trigger"": 126.78853654119868, ""base_cognitive.impulse_override"": 0.11696508274760856, ""base_cognitive.plan_consistency"": 0.8039277931478158, ""base_cognitive.recency_decay"": 0.9949849244627449, ""base_cognitive.retention"": 6, ""base_cognitive.social_sensitivity"": 0.5975392865834666, ""base_cognitive.task_initiation_delay"": 0.0521427394482698, ""base_cognitive.vision_r"": 4, ""base_emotional.anger"": 0.03316006338424617, ""base_emotional.anxiety"": 0.13027197843252653, ""base_emotional.excitement"": 0.22666254433311042, ""base_emotional.frustration"": 0.054043941820020466, ""base_emotional.loneliness"": 0.1066915907368757, ""base_emotional.self_esteem"": 0.7110464846195406, ""base_emotional.shame"": 0.11308470377171599, ""base_emotional.trust_in_teacher"": 0.6577923961616587}"		
1778045889.680	0	48	0.788753	0.802917	0.767508	0.000000	"{""adhd_hyperactive_impulsive.cognitive.conflict_tendency"": 0.22051563265419755, ""adhd_hyperactive_impulsive.cognitive.impulse_override"": 0.3479099905823619, ""adhd_hyperactive_impulsive.cognitive.plan_consistency"": -0.3530323716541505, ""adhd_hyperactive_impulsive.emotional.anger"": 0.22106732131086052, ""adhd_hyperactive_impulsive.emotional.excitement"": 0.23368766017000908, ""adhd_inattentive.cognitive.att_bandwidth"": -3, ""adhd_inattentive.cognitive.plan_consistency"": -0.29882022566996563, ""adhd_inattentive.cognitive.retention"": -3, ""adhd_inattentive.cognitive.task_initiation_delay"": 0.45368075335843416, ""adhd_inattentive.emotional.frustration"": 0.2056109346675859, ""adhd_inattentive.emotional.self_esteem"": -0.23781838807917552, ""adhd_inattentive.emotional.shame"": 0.11985481846037163, ""base_cognitive.att_bandwidth"": 2, ""base_cognitive.conflict_tendency"": 0.11596994696289116, ""base_cognitive.importance_trigger"": 156.16326523292213, ""base_cognitive.impulse_override"": 0.10607542445750971, ""base_cognitive.plan_consistency"": 0.8394195214162873, ""base_cognitive.recency_decay"": 0.9876095505362673, ""base_cognitive.retention"": 5, ""base_cognitive.social_sensitivity"": 0.5789448131383024, ""base_cognitive.task_initiation_delay"": 0.08662398018059791, ""base_cognitive.vision_r"": 3, ""base_emotional.anger"": 0.12055412009430534, ""base_emotional.anxiety"": 0.17448557415489452, ""base_emotional.excitement"": 0.18397413157253234, ""base_emotional.frustration"": 0.10078090025711392, ""base_emotional.loneliness"": 0.12449184185412657, ""base_emotional.self_esteem"": 0.7282878756517255, ""base_emotional.shame"": 0.1169214418939967, ""base_emotional.trust_in_teacher"": 0.7558637996022068}"		
1778045890.194	0	49	0.788488	0.811596	0.753824	0.000000	"{""adhd_hyperactive_impulsive.cognitive.conflict_tendency"": 0.12613894564826095, ""adhd_hyperactive_impulsive.cognitive.impulse_override"": 0.30361620444320864, ""adhd_hyperactive_impulsive.cognitive.plan_consistency"": -0.48551038326149165, ""adhd_hyperactive_impulsive.emotional.anger"": 0.24146126285829467, ""adhd_hyperactive_impulsive.emotional.excitement"": 0.22766705137497384, ""adhd_inattentive.cognitive.att_bandwidth"": -3, ""adhd_inattentive.cognitive.plan_consistency"": -0.3054494524914817, ""adhd_inattentive.cognitive.retention"": -3, ""adhd_inattentive.cognitive.task_initiation_delay"": 0.38197146497748674, ""adhd_inattentive.emotional.frustration"": 0.16569951433694258, ""adhd_inattentive.emotional.self_esteem"": -0.32452397068036815, ""adhd_inattentive.emotional.shame"": 0.2209155665247284, ""base_cognitive.att_bandwidth"": 3, ""base_cognitive.conflict_tendency"": 0.11945350606530902, ""base_cognitive.importance_trigger"": 148.80706232517213, ""base_cognitive.impulse_override"": 0.034842338471237036, ""base_cognitive.plan_consistency"": 0.9020925371704717, ""base_cognitive.recency_decay"": 0.9820118182765801, ""base_cognitive.retention"": 4, ""base_cognitive.social_sensitivity"": 0.531829256468427, ""base_cognitive.task_initiation_delay"": 0.04702376815400537, ""base_cognitive.vision_r"": 3, ""base_emotional.anger"": 0.1031482573093212, ""base_emotional.anxiety"": 0.12222721828821753, ""base_emotional.excitement"": 0.2490416908829693, ""base_emotional.frustration"": 0.08893461128287, ""base_emotional.loneliness"": 0.06539014384218035, ""base_emotional.self_esteem"": 0.6238043193925953, ""base_emotional.shame"": 0.06445989889524367, ""base_emotional.trust_in_teacher"": 0.7315663544329195}"		
1778045890.842	0	50	0.617965	0.512445	0.776246	0.000000	"{""adhd_hyperactive_impulsive.cognitive.conflict_tendency"": 0.19537123152715302, ""adhd_hyperactive_impulsive.cognitive.impulse_override"": 0.31958330050655004, ""adhd_hyperactive_impulsive.cognitive.plan_consistency"": -0.42259649848366276, ""adhd_hyperactive_impulsive.emotional.anger"": 0.17193081335073535, ""adhd_hyperactive_impulsive.emotional.excitement"": 0.12738819908040003, ""adhd_inattentive.cognitive.att_bandwidth"": -2, ""adhd_inattentive.cognitive.plan_consistency"": -0.38723263408836933, ""adhd_inattentive.cognitive.retention"": -3, ""adhd_inattentive.cognitive.task_initiation_delay"": 0.3475151596376497, ""adhd_inattentive.emotional.frustration"": 0.18412341262181642, ""adhd_inattentive.emotional.self_esteem"": -0.24442214791666306, ""adhd_inattentive.emotional.shame"": 0.1444995327740872, ""base_cognitive.att_bandwidth"": 4, ""base_cognitive.conflict_tendency"": 0.11314382324748717, ""base_cognitive.importance_trigger"": 123.84244635400218, ""base_cognitive.impulse_override"": 0.07577892947089422, ""base_cognitive.plan_consistency"": 0.9173154235135601, ""base_cognitive.recency_decay"": 0.9838725421379988, ""base_cognitive.retention"": 6, ""base_cognitive.social_sensitivity"": 0.44182364970195254, ""base_cognitive.task_initiation_delay"": 0.009210473359855647, ""base_cognitive.vision_r"": 4, ""base_emotional.anger"": 0.07590403734589576, ""base_emotional.anxiety"": 0.09500078661205696, ""base_emotional.excitement"": 0.2358820179426666, ""base_emotional.frustration"": 0.18325554974948366, ""base_emotional.loneliness"": 0.05753268653256603, ""base_emotional.self_esteem"": 0.7547700403392387, ""base_emotional.shame"": 0.03528011111046551, ""base_emotional.trust_in_teacher"": 0.7646450627651578}"		
1778045891.449	1	1	0.806939	0.811553	0.800019	0.000000	"{""adhd_hyperactive_impulsive.cognitive.conflict_tendency"": 0.11498720197352987, ""adhd_hyperactive_impulsive.cognitive.impulse_override"": 0.38873883329443926, ""adhd_hyperactive_impulsive.cognitive.plan_consistency"": -0.548220289403088, ""adhd_hyperactive_impulsive.emotional.anger"": 0.2240780663098656, ""adhd_hyperactive_impulsive.emotional.excitement"": 0.10561710318183887, ""adhd_inattentive.cognitive.att_bandwidth"": -1, ""adhd_inattentive.cognitive.plan_consistency"": -0.4342664607390397, ""adhd_inattentive.cognitive.retention"": -3, ""adhd_inattentive.cognitive.task_initiation_delay"": 0.3238746535815304, ""adhd_inattentive.emotional.frustration"": 0.1683556958375837, ""adhd_inattentive.emotional.self_esteem"": -0.3111063983461644, ""adhd_inattentive.emotional.shame"": 0.21009017280254938, ""base_cognitive.att_bandwidth"": 4, ""base_cognitive.conflict_tendency"": 0.07664512174491925, ""base_cognitive.importance_trigger"": 115.63277715684409, ""base_cognitive.impulse_override"": 0.08233769668135199, ""base_cognitive.plan_consistency"": 0.8744850495902802, ""base_cognitive.recency_decay"": 0.9890727967831875, ""base_cognitive.retention"": 5, ""base_cognitive.social_sensitivity"": 0.38870110100233646, ""base_cognitive.task_initiation_delay"": 0.067743261834584, ""base_cognitive.vision_r"": 4, ""base_emotional.anger"": 0.1489227787991525, ""base_emotional.anxiety"": 0.10576212292861233, ""base_emotional.excitement"": 0.2995484081664843, ""base_emotional.frustration"": 0.065082922067518, ""base_emotional.loneliness"": 0.13197943265289952, ""base_emotional.self_esteem"": 0.6587833408936692, ""base_emotional.shame"": 0.05243745901136394, ""base_emotional.trust_in_teacher"": 0.6387964369164917}"		
1778045891.964	1	2	0.682015	0.624080	0.768918	0.000000	"{""adhd_hyperactive_impulsive.cognitive.conflict_tendency"": 0.14399769562859288, ""adhd_hyperactive_impulsive.cognitive.impulse_override"": 0.3733087407189184, ""adhd_hyperactive_impulsive.cognitive.plan_consistency"": -0.37579136297393395, ""adhd_hyperactive_impulsive.emotional.anger"": 0.17666139195015124, ""adhd_hyperactive_impulsive.emotional.excitement"": 0.22332376529280226, ""adhd_inattentive.cognitive.att_bandwidth"": -1, ""adhd_inattentive.cognitive.plan_consistency"": -0.3119126835661137, ""adhd_inattentive.cognitive.retention"": -3, ""adhd_inattentive.cognitive.task_initiation_delay"": 0.3594082142782461, ""adhd_inattentive.emotional.frustration"": 0.22259240161614985, ""adhd_inattentive.emotional.self_esteem"": -0.21777194522793464, ""adhd_inattentive.emotional.shame"": 0.1704910092644043, ""base_cognitive.att_bandwidth"": 3, ""base_cognitive.conflict_tendency"": 0.09822090601351176, ""base_cognitive.importance_trigger"": 163.6168107339532, ""base_cognitive.impulse_override"": 0.031322473001027605, ""base_cognitive.plan_consistency"": 0.820745062167325, ""base_cognitive.recency_decay"": 0.9880410740516232, ""base_cognitive.retention"": 4, ""base_cognitive.social_sensitivity"": 0.503800728341881, ""base_cognitive.task_initiation_delay"": 0.0063012426151016696, ""base_cognitive.vision_r"": 5, ""base_emotional.anger"": 0.14421465029355324, ""base_emotional.anxiety"": 0.0674389869630444, ""base_emotional.excitement"": 0.274246349378101, ""base_emotional.frustration"": 0.18886838117175536, ""base_emotional.loneliness"": 0.0341517980484957, ""base_emotional.self_esteem"": 0.6334177555959993, ""base_emotional.shame"": 0.04475769092149251, ""base_emotional.trust_in_teacher"": 0.7400286915902392}"		
1778045892.549	1	3	0.700307	0.626038	0.811710	0.000000	"{""adhd_hyperactive_impulsive.cognitive.conflict_tendency"": 0.23447674744137817, ""adhd_hyperactive_impulsive.cognitive.impulse_override"": 0.2749478331383578, ""adhd_hyperactive_impulsive.cognitive.plan_consistency"": -0.45243796787219387, ""adhd_hyperactive_impulsive.emotional.anger"": 0.151208421790574, ""adhd_hyperactive_impulsive.emotional.excitement"": 0.18639413285183803, ""adhd_inattentive.cognitive.att_bandwidth"": -1, ""adhd_inattentive.cognitive.plan_consistency"": -0.3796121471712663, ""adhd_inattentive.cognitive.retention"": -3, ""adhd_inattentive.cognitive.task_initiation_delay"": 0.40286107046663266, ""adhd_inattentive.emotional.frustration"": 0.2137831400161699, ""adhd_inattentive.emotional.self_esteem"": -0.3413749328318697, ""adhd_inattentive.emotional.shame"": 0.15336137731636815, ""base_cognitive.att_bandwidth"": 4, ""base_cognitive.conflict_tendency"": 0.06920627729010775, ""base_cognitive.importance_trigger"": 108.81965185577167, ""base_cognitive.impulse_override"": 0.060796168925844996, ""base_cognitive.plan_consistency"": 0.8094099503942512, ""base_cognitive.recency_decay"": 0.9826680582570951, ""base_cognitive.retention"": 5, ""base_cognitive.social_sensitivity"": 0.37343479316292655, ""base_cognitive.task_initiation_delay"": 0.046684724588936605, ""base_cognitive.vision_r"": 5, ""base_emotional.anger"": 0.12426589035141258, ""base_emotional.anxiety"": 0.12260666599660065, ""base_emotional.excitement"": 0.2272891760686898, ""base_emotional.frustration"": 0.18403109392853478, ""base_emotional.loneliness"": 0.09134727581963265, ""base_emotional.self_esteem"": 0.6125019021724123, ""base_emotional.shame"": 0.14286676742325727, ""base_emotional.trust_in_teacher"": 0.7540974894207998}"		
1778045893.113	1	4	0.761492	0.774026	0.742690	0.000000	"{""adhd_hyperactive_impulsive.cognitive.conflict_tendency"": 0.16113091579569233, ""adhd_hyperactive_impulsive.cognitive.impulse_override"": 0.3143656756480888, ""adhd_hyperactive_impulsive.cognitive.plan_consistency"": -0.5375145585499163, ""adhd_hyperactive_impulsive.emotional.anger"": 0.20237511196345243, ""adhd_hyperactive_impulsive.emotional.excitement"": 0.173790293700604, ""adhd_inattentive.cognitive.att_bandwidth"": -2, ""adhd_inattentive.cognitive.plan_consistency"": -0.2740837718186364, ""adhd_inattentive.cognitive.retention"": -4, ""adhd_inattentive.cognitive.task_initiation_delay"": 0.33142338522079107, ""adhd_inattentive.emotional.frustration"": 0.17446890912691312, ""adhd_inattentive.emotional.self_esteem"": -0.3002474246257282, ""adhd_inattentive.emotional.shame"": 0.14841820014210003, ""base_cognitive.att_bandwidth"": 3, ""base_cognitive.conflict_tendency"": 0.11362854098989587, ""base_cognitive.importance_trigger"": 165.41792893775437, ""base_cognitive.impulse_override"": 0.05007995408685848, ""base_cognitive.plan_consistency"": 0.9239043716939245, ""base_cognitive.recency_decay"": 0.9927684681425927, ""base_cognitive.retention"": 5, ""base_cognitive.social_sensitivity"": 0.5844353605815016, ""base_cognitive.task_initiation_delay"": 0.008153593761464652, ""base_cognitive.vision_r"": 4, ""base_emotional.anger"": 0.13194890914493324, ""base_emotional.anxiety"": 0.15730508912776775, ""base_emotional.excitement"": 0.2682827138614304, ""base_emotional.frustration"": 0.13853195159119225, ""base_emotional.loneliness"": 0.0625082482889257, ""base_emotional.self_esteem"": 0.6659255897560207, ""base_emotional.shame"": 0.10014880769812279, ""base_emotional.trust_in_teacher"": 0.5579121334522381}"		
1778045893.671	1	5	0.855585	0.860181	0.848691	0.000000	"{""adhd_hyperactive_impulsive.cognitive.conflict_tendency"": 0.11143351843567091, ""adhd_hyperactive_impulsive.cognitive.impulse_override"": 0.35419786768671924, ""adhd_hyperactive_impulsive.cognitive.plan_consistency"": -0.393004423612217, ""adhd_hyperactive_impulsive.emotional.anger"": 0.24961871883217004, ""adhd_hyperactive_impulsive.emotional.excitement"": 0.12310197600823955, ""adhd_inattentive.cognitive.att_bandwidth"": -3, ""adhd_inattentive.cognitive.plan_consistency"": -0.404270859557072, ""adhd_inattentive.cognitive.retention"": -4, ""adhd_inattentive.cognitive.task_initiation_delay"": 0.46580991357159807, ""adhd_inattentive.emotional.frustration"": 0.2466039615752086, ""adhd_inattentive.emotional.self_esteem"": -0.24389181538882226, ""adhd_inattentive.emotional.shame"": 0.20645384350564755, ""base_cognitive.att_bandwidth"": 3, ""base_cognitive.conflict_tendency"": 0.06282786932881736, ""base_cognitive.importance_trigger"": 161.3515298794915, ""base_cognitive.impulse_override"": 0.033296932605921835, ""base_cognitive.plan_consistency"": 0.7619255331195454, ""base_cognitive.recency_decay"": 0.9916143302071158, ""base_cognitive.retention"": 5, ""base_cognitive.social_sensitivity"": 0.5681932771945107, ""base_cognitive.task_initiation_delay"": 0.0827100420551063, ""base_cognitive.vision_r"": 4, ""base_emotional.anger"": 0.0621342557971731, ""base_emotional.anxiety"": 0.1651427990474269, ""base_emotional.excitement"": 0.2899572568130966, ""base_emotional.frustration"": 0.061336963691634244, ""base_emotional.loneliness"": 0.07701718434056895, ""base_emotional.self_esteem"": 0.679666355874358, ""base_emotional.shame"": 0.11456184142378109, ""base_emotional.trust_in_teacher"": 0.6018983073873181}"		
1778045894.197	1	6	0.734845	0.707218	0.776284	0.000000	"{""adhd_hyperactive_impulsive.cognitive.conflict_tendency"": 0.2227672108777043, ""adhd_hyperactive_impulsive.cognitive.impulse_override"": 0.2511670604959758, ""adhd_hyperactive_impulsive.cognitive.plan_consistency"": -0.41431448984733227, ""adhd_hyperactive_impulsive.emotional.anger"": 0.19649645093713003, ""adhd_hyperactive_impulsive.emotional.excitement"": 0.23416170823715923, ""adhd_inattentive.cognitive.att_bandwidth"": -2, ""adhd_inattentive.cognitive.plan_consistency"": -0.4192287622165458, ""adhd_inattentive.cognitive.retention"": -4, ""adhd_inattentive.cognitive.task_initiation_delay"": 0.4979105366832952, ""adhd_inattentive.emotional.frustration"": 0.18427020895380464, ""adhd_inattentive.emotional.self_esteem"": -0.264304191343363, ""adhd_inattentive.emotional.shame"": 0.16022968661156373, ""base_cognitive.att_bandwidth"": 3, ""base_cognitive.conflict_tendency"": 0.0588491696251386, ""base_cognitive.importance_trigger"": 162.87394163585145, ""base_cognitive.impulse_override"": 0.05769311686233459, ""base_cognitive.plan_consistency"": 0.9428333636332753, ""base_cognitive.recency_decay"": 0.9838771124512518, ""base_cognitive.retention"": 4, ""base_cognitive.social_sensitivity"": 0.3555486675171904, ""base_cognitive.task_initiation_delay"": 0.05915972946367624, ""base_cognitive.vision_r"": 5, ""base_emotional.anger"": 0.05559402836929945, ""base_emotional.anxiety"": 0.07811181409336794, ""base_emotional.excitement"": 0.2444978148909593, ""base_emotional.frustration"": 0.11806474550042462, ""base_emotional.loneliness"": 0.03163518055704767, ""base_emotional.self_esteem"": 0.6490748003315897, ""base_emotional.shame"": 0.09609204110505559, ""base_emotional.trust_in_teacher"": 0.7391975794223725}"		
1778045894.713	1	7	0.804832	0.800818	0.810853	0.000000	"{""adhd_hyperactive_impulsive.cognitive.conflict_tendency"": 0.15152260745337282, ""adhd_hyperactive_impulsive.cognitive.impulse_override"": 0.3782302492409373, ""adhd_hyperactive_impulsive.cognitive.plan_consistency"": -0.38270441219408746, ""adhd_hyperactive_impulsive.emotional.anger"": 0.170914068891077, ""adhd_hyperactive_impulsive.emotional.excitement"": 0.1258554753882915, ""adhd_inattentive.cognitive.att_bandwidth"": -2, ""adhd_inattentive.cognitive.plan_consistency"": -0.3015575403595866, ""adhd_inattentive.cognitive.retention"": -4, ""adhd_inattentive.cognitive.task_initiation_delay"": 0.4698934688351581, ""adhd_inattentive.emotional.frustration"": 0.14411303078113846, ""adhd_inattentive.emotional.self_esteem"": -0.33920871114255846, ""adhd_inattentive.emotional.shame"": 0.14526616235504014, ""base_cognitive.att_bandwidth"": 2, ""base_cognitive.conflict_tendency"": 0.0649313951403484, ""base_cognitive.importance_trigger"": 117.10633588653027, ""base_cognitive.impulse_override"": 0.08700696331900445, ""base_cognitive.plan_consistency"": 0.7809441731685385, ""base_cognitive.recency_decay"": 0.9815765475952445, ""base_cognitive.retention"": 5, ""base_cognitive.social_sensitivity"": 0.30212635572463875, ""base_cognitive.task_initiation_delay"": 0.030155750958282358, ""base_cognitive.vision_r"": 4, ""base_emotional.anger"": 0.044558836140564446, ""base_emotional.anxiety"": 0.10958663960572308, ""base_emotional.excitement"": 0.19468729227159037, ""base_emotional.frustration"": 0.08428685923894717, ""base_emotional.loneliness"": 0.04207220548902439, ""base_emotional.self_esteem"": 0.7815886573031955, ""base_emotional.shame"": 0.05870752795971752, ""base_emotional.trust_in_teacher"": 0.5983835023291477}"		
1778045895.229	1	8	0.618463	0.515150	0.773433	0.000000	"{""adhd_hyperactive_impulsive.cognitive.conflict_tendency"": 0.12861199172500462, ""adhd_hyperactive_impulsive.cognitive.impulse_override"": 0.3568104290109281, ""adhd_hyperactive_impulsive.cognitive.plan_consistency"": -0.3726542447177629, ""adhd_hyperactive_impulsive.emotional.anger"": 0.1387690253823157, ""adhd_hyperactive_impulsive.emotional.excitement"": 0.249391311555478, ""adhd_inattentive.cognitive.att_bandwidth"": -3, ""adhd_inattentive.cognitive.plan_consistency"": -0.3367409397743385, ""adhd_inattentive.cognitive.retention"": -3, ""adhd_inattentive.cognitive.task_initiation_delay"": 0.4354304033539372, ""adhd_inattentive.emotional.frustration"": 0.24927474318384119, ""adhd_inattentive.emotional.self_esteem"": -0.2251151629781411, ""adhd_inattentive.emotional.shame"": 0.13073346869548155, ""base_cognitive.att_bandwidth"": 3, ""base_cognitive.conflict_tendency"": 0.08872004470453854, ""base_cognitive.importance_trigger"": 157.35728773986733, ""base_cognitive.impulse_override"": 0.04180921555570834, ""base_cognitive.plan_consistency"": 0.8874714662455633, ""base_cognitive.recency_decay"": 0.991125353620102, ""base_cognitive.retention"": 4, ""base_cognitive.social_sensitivity"": 0.32546625003023716, ""base_cognitive.task_initiation_delay"": 0.042580520326938646, ""base_cognitive.vision_r"": 3, ""base_emotional.anger"": 0.13925865281421962, ""base_emotional.anxiety"": 0.06425041498066024, ""base_emotional.excitement"": 0.22365468080437656, ""base_emotional.frustration"": 0.11111035227652033, ""base_emotional.loneliness"": 0.08704095720442903, ""base_emotional.self_esteem"": 0.798635834814093, ""base_emotional.shame"": 0.11892000358797643, ""base_emotional.trust_in_teacher"": 0.5940319498775181}"		
1778045895.825	1	9	0.623669	0.510013	0.794152	0.000000	"{""adhd_hyperactive_impulsive.cognitive.conflict_tendency"": 0.1041607809218377, ""adhd_hyperactive_impulsive.cognitive.impulse_override"": 0.2794086231018163, ""adhd_hyperactive_impulsive.cognitive.plan_consistency"": -0.37813839449502906, ""adhd_hyperactive_impulsive.emotional.anger"": 0.12363336753248622, ""adhd_hyperactive_impulsive.emotional.excitement"": 0.1872413887525856, ""adhd_inattentive.cognitive.att_bandwidth"": -2, ""adhd_inattentive.cognitive.plan_consistency"": -0.3625681901537718, ""adhd_inattentive.cognitive.retention"": -3, ""adhd_inattentive.cognitive.task_initiation_delay"": 0.3373468834716775, ""adhd_inattentive.emotional.frustration"": 0.21742980243361765, ""adhd_inattentive.emotional.self_esteem"": -0.267720335225082, ""adhd_inattentive.emotional.shame"": 0.24773654019047586, ""base_cognitive.att_bandwidth"": 4, ""base_cognitive.conflict_tendency"": 0.10490792804233899, ""base_cognitive.importance_trigger"": 101.95753767464983, ""base_cognitive.impulse_override"": 0.08410406011088413, ""base_cognitive.plan_consistency"": 0.8258288693664451, ""base_cognitive.recency_decay"": 0.9881988928125405, ""base_cognitive.retention"": 5, ""base_cognitive.social_sensitivity"": 0.32294684022521025, ""base_cognitive.task_initiation_delay"": 0.0513381715198237, ""base_cognitive.vision_r"": 5, ""base_emotional.anger"": 0.1170170751065549, ""base_emotional.anxiety"": 0.12452503338378412, ""base_emotional.excitement"": 0.1809278374369897, ""base_emotional.frustration"": 0.12996030834927258, ""base_emotional.loneliness"": 0.1361645110439807, ""base_emotional.self_esteem"": 0.7140898388284107, ""base_emotional.shame"": 0.1181062173747871, ""base_emotional.trust_in_teacher"": 0.6790512420237031}"		
1778045896.319	1	10	0.817193	0.809093	0.829343	0.000000	"{""adhd_hyperactive_impulsive.cognitive.conflict_tendency"": 0.19754434361939863, ""adhd_hyperactive_impulsive.cognitive.impulse_override"": 0.31048145049380005, ""adhd_hyperactive_impulsive.cognitive.plan_consistency"": -0.4259928321055343, ""adhd_hyperactive_impulsive.emotional.anger"": 0.15561252589883476, ""adhd_hyperactive_impulsive.emotional.excitement"": 0.21885037151853137, ""adhd_inattentive.cognitive.att_bandwidth"": -2, ""adhd_inattentive.cognitive.plan_consistency"": -0.4068022002938005, ""adhd_inattentive.cognitive.retention"": -2, ""adhd_inattentive.cognitive.task_initiation_delay"": 0.44612747567986544, ""adhd_inattentive.emotional.frustration"": 0.2213578903500364, ""adhd_inattentive.emotional.self_esteem"": -0.2976867863577779, ""adhd_inattentive.emotional.shame"": 0.10185713272312713, ""base_cognitive.att_bandwidth"": 2, ""base_cognitive.conflict_tendency"": 0.05399577723882193, ""base_cognitive.importance_trigger"": 152.87619229501405, ""base_cognitive.impulse_override"": 0.1074886952530473, ""base_cognitive.plan_consistency"": 0.7914860385396454, ""base_cognitive.recency_decay"": 0.9922933568574612, ""base_cognitive.retention"": 4, ""base_cognitive.social_sensitivity"": 0.5510494675938811, ""base_cognitive.task_initiation_delay"": 0.017768581528723484, ""base_cognitive.vision_r"": 5, ""base_emotional.anger"": 0.1292438018097435, ""base_emotional.anxiety"": 0.1124764998364958, ""base_emotional.excitement"": 0.22938004385657235, ""base_emotional.frustration"": 0.0638055359305069, ""base_emotional.loneliness"": 0.09489399612274986, ""base_emotional.self_esteem"": 0.7705622719358421, ""base_emotional.shame"": 0.04421798919513292, ""base_emotional.trust_in_teacher"": 0.5635408705598373}"		
1778045896.902	1	11	0.783212	0.807851	0.746253	0.000000	"{""adhd_hyperactive_impulsive.cognitive.conflict_tendency"": 0.20210971947730794, ""adhd_hyperactive_impulsive.cognitive.impulse_override"": 0.3390761774088947, ""adhd_hyperactive_impulsive.cognitive.plan_consistency"": -0.5070643602730777, ""adhd_hyperactive_impulsive.emotional.anger"": 0.2353058601613176, ""adhd_hyperactive_impulsive.emotional.excitement"": 0.14084734896534545, ""adhd_inattentive.cognitive.att_bandwidth"": -3, ""adhd_inattentive.cognitive.plan_consistency"": -0.26636942012029113, ""adhd_inattentive.cognitive.retention"": -2, ""adhd_inattentive.cognitive.task_initiation_delay"": 0.37643200249839387, ""adhd_inattentive.emotional.frustration"": 0.13862667187591357, ""adhd_inattentive.emotional.self_esteem"": -0.2794177244702768, ""adhd_inattentive.emotional.shame"": 0.18099476593245595, ""base_cognitive.att_bandwidth"": 3, ""base_cognitive.conflict_tendency"": 0.10985335774975358, ""base_cognitive.importance_trigger"": 146.5641262447288, ""base_cognitive.impulse_override"": 0.10104143132874352, ""base_cognitive.plan_consistency"": 0.827010873113851, ""base_cognitive.recency_decay"": 0.9821594818404353, ""base_cognitive.retention"": 5, ""base_cognitive.social_sensitivity"": 0.36949780708793756, ""base_cognitive.task_initiation_delay"": 0.024584131504765905, ""base_cognitive.vision_r"": 4, ""base_emotional.anger"": 0.07757066618125834, ""base_emotional.anxiety"": 0.08055675190968899, ""base_emotional.excitement"": 0.18683907661953114, ""base_emotional.frustration"": 0.10822418181107699, ""base_emotional.loneliness"": 0.14348420124225375, ""base_emotional.self_esteem"": 0.7479656471715994, ""base_emotional.shame"": 0.08923579729450355, ""base_emotional.trust_in_teacher"": 0.7896801622096985}"		
1778045897.472	1	12	0.793933	0.797155	0.789099	0.000000	"{""adhd_hyperactive_impulsive.cognitive.conflict_tendency"": 0.21795077753013878, ""adhd_hyperactive_impulsive.cognitive.impulse_override"": 0.31824241152262117, ""adhd_hyperactive_impulsive.cognitive.plan_consistency"": -0.4323368270586467, ""adhd_hyperactive_impulsive.emotional.anger"": 0.15025223876305363, ""adhd_hyperactive_impulsive.emotional.excitement"": 0.19776692370206245, ""adhd_inattentive.cognitive.att_bandwidth"": -2, ""adhd_inattentive.cognitive.plan_consistency"": -0.42632693719137077, ""adhd_inattentive.cognitive.retention"": -3, ""adhd_inattentive.cognitive.task_initiation_delay"": 0.37547795498812214, ""adhd_inattentive.emotional.frustration"": 0.15689702044983894, ""adhd_inattentive.emotional.self_esteem"": -0.1989266724346742, ""adhd_inattentive.emotional.shame"": 0.24456263257562455, ""base_cognitive.att_bandwidth"": 3, ""base_cognitive.conflict_tendency"": 0.061117108720953134, ""base_cognitive.importance_trigger"": 149.325598327604, ""base_cognitive.impulse_override"": 0.10738081462578491, ""base_cognitive.plan_consistency"": 0.9112853970484693, ""base_cognitive.recency_decay"": 0.9861602287379894, ""base_cognitive.retention"": 5, ""base_cognitive.social_sensitivity"": 0.419319378263319, ""base_cognitive.task_initiation_delay"": 0.0693867826705429, ""base_cognitive.vision_r"": 4, ""base_emotional.anger"": 0.12163289621279118, ""base_emotional.anxiety"": 0.0682887994797253, ""base_emotional.excitement"": 0.28344537635107137, ""base_emotional.frustration"": 0.09569354000832693, ""base_emotional.loneliness"": 0.12957960776867833, ""base_emotional.self_esteem"": 0.6374403590221909, ""base_emotional.shame"": 0.06540536936634228, ""base_emotional.trust_in_teacher"": 0.6811524437178204}"		
1778045898.062	1	13	0.630523	0.492840	0.837047	0.000000	"{""adhd_hyperactive_impulsive.cognitive.conflict_tendency"": 0.18167530838305085, ""adhd_hyperactive_impulsive.cognitive.impulse_override"": 0.26685677014709264, ""adhd_hyperactive_impulsive.cognitive.plan_consistency"": -0.3696214276181159, ""adhd_hyperactive_impulsive.emotional.anger"": 0.13710491485565815, ""adhd_hyperactive_impulsive.emotional.excitement"": 0.15007847120304404, ""adhd_inattentive.cognitive.att_bandwidth"": -3, ""adhd_inattentive.cognitive.plan_consistency"": -0.3965613194815045, ""adhd_inattentive.cognitive.retention"": -3, ""adhd_inattentive.cognitive.task_initiation_delay"": 0.39176925908918, ""adhd_inattentive.emotional.frustration"": 0.1531928812213745, ""adhd_inattentive.emotional.self_esteem"": -0.2844751312866912, ""adhd_inattentive.emotional.shame"": 0.17575773274258844, ""base_cognitive.att_bandwidth"": 4, ""base_cognitive.conflict_tendency"": 0.07462075472679497, ""base_cognitive.importance_trigger"": 104.81300717538184, ""base_cognitive.impulse_override"": 0.1198375304873045, ""base_cognitive.plan_consistency"": 0.7854184772231836, ""base_cognitive.recency_decay"": 0.9820818809439325, ""base_cognitive.retention"": 5, ""base_cognitive.social_sensitivity"": 0.5415063548481205, ""base_cognitive.task_initiation_delay"": 0.09359317149633878, ""base_cognitive.vision_r"": 3, ""base_emotional.anger"": 0.07389848001505286, ""base_emotional.anxiety"": 0.058790985125437234, ""base_emotional.excitement"": 0.15580304284230548, ""base_emotional.frustration"": 0.19649790250019034, ""base_emotional.loneliness"": 0.14915442339840296, ""base_emotional.self_esteem"": 0.75309987504813, ""base_emotional.shame"": 0.10430484049054362, ""base_emotional.trust_in_teacher"": 0.7137931081679788}"		
1778045898.730	1	14	0.763678	0.736150	0.804969	0.000000	"{""adhd_hyperactive_impulsive.cognitive.conflict_tendency"": 0.17527262620062534, ""adhd_hyperactive_impulsive.cognitive.impulse_override"": 0.3488425707043059, ""adhd_hyperactive_impulsive.cognitive.plan_consistency"": -0.4690812189411278, ""adhd_hyperactive_impulsive.emotional.anger"": 0.20670281438620114, ""adhd_hyperactive_impulsive.emotional.excitement"": 0.10040009455851379, ""adhd_inattentive.cognitive.att_bandwidth"": -2, ""adhd_inattentive.cognitive.plan_consistency"": -0.253106511456532, ""adhd_inattentive.cognitive.retention"": -2, ""adhd_inattentive.cognitive.task_initiation_delay"": 0.3975511809124624, ""adhd_inattentive.emotional.frustration"": 0.21131417326635132, ""adhd_inattentive.emotional.self_esteem"": -0.3224892154958373, ""adhd_inattentive.emotional.shame"": 0.14079789448414723, ""base_cognitive.att_bandwidth"": 4, ""base_cognitive.conflict_tendency"": 0.03432754158179752, ""base_cognitive.importance_trigger"": 126.31855550377583, ""base_cognitive.impulse_override"": 0.07812784530813571, ""base_cognitive.plan_consistency"": 0.7637351432586328, ""base_cognitive.recency_decay"": 0.9867718584506006, ""base_cognitive.retention"": 6, ""base_cognitive.social_sensitivity"": 0.3626461764882514, ""base_cognitive.task_initiation_delay"": 0.015726570802646677, ""base_cognitive.vision_r"": 5, ""base_emotional.anger"": 0.03860510537199836, ""base_emotional.anxiety"": 0.16937376245232566, ""base_emotional.excitement"": 0.20862924938674746, ""base_emotional.frustration"": 0.07264923255825198, ""base_emotional.loneliness"": 0.09380624815206547, ""base_emotional.self_esteem"": 0.646042422918264, ""base_emotional.shame"": 0.08259061937677639, ""base_emotional.trust_in_teacher"": 0.6471679119500876}"		
1778045899.301	1	15	0.627155	0.533082	0.768263	0.000000	"{""adhd_hyperactive_impulsive.cognitive.conflict_tendency"": 0.17267107830090886, ""adhd_hyperactive_impulsive.cognitive.impulse_override"": 0.32557368662752334, ""adhd_hyperactive_impulsive.cognitive.plan_consistency"": -0.43616637398684643, ""adhd_hyperactive_impulsive.emotional.anger"": 0.24336852196393635, ""adhd_hyperactive_impulsive.emotional.excitement"": 0.1683856541360725, ""adhd_inattentive.cognitive.att_bandwidth"": -2, ""adhd_inattentive.cognitive.plan_consistency"": -0.2721371580676154, ""adhd_inattentive.cognitive.retention"": -3, ""adhd_inattentive.cognitive.task_initiation_delay"": 0.4180908249004911, ""adhd_inattentive.emotional.frustration"": 0.2020145344316383, ""adhd_inattentive.emotional.self_esteem"": -0.23779742168957732, ""adhd_inattentive.emotional.shame"": 0.18878376788351986, ""base_cognitive.att_bandwidth"": 3, ""base_cognitive.conflict_tendency"": 0.08979974774494355, ""base_cognitive.importance_trigger"": 144.87911190305456, ""base_cognitive.impulse_override"": 0.0354209928524152, ""base_cognitive.plan_consistency"": 0.7771974890739612, ""base_cognitive.recency_decay"": 0.9884808051654116, ""base_cognitive.retention"": 5, ""base_cognitive.social_sensitivity"": 0.5321510399153411, ""base_cognitive.task_initiation_delay"": 0.055541999131358835, ""base_cognitive.vision_r"": 4, ""base_emotional.anger"": 0.03380505515416252, ""base_emotional.anxiety"": 0.05153653504002575, ""base_emotional.excitement"": 0.2667418465698506, ""base_emotional.frustration"": 0.12684531403298016, ""base_emotional.loneliness"": 0.11981062105620512, ""base_emotional.self_esteem"": 0.6295409494487275, ""base_emotional.shame"": 0.12130596815723925, ""base_emotional.trust_in_teacher"": 0.7699854972349248}"		
1778045899.797	1	16	0.623684	0.508429	0.796566	0.000000	"{""adhd_hyperactive_impulsive.cognitive.conflict_tendency"": 0.13716727161743253, ""adhd_hyperactive_impulsive.cognitive.impulse_override"": 0.3638829455499918, ""adhd_hyperactive_impulsive.cognitive.plan_consistency"": -0.35599657288807796, ""adhd_hyperactive_impulsive.emotional.anger"": 0.14499362640963373, ""adhd_hyperactive_impulsive.emotional.excitement"": 0.20832565160456445, ""adhd_inattentive.cognitive.att_bandwidth"": -1, ""adhd_inattentive.cognitive.plan_consistency"": -0.3538335360587074, ""adhd_inattentive.cognitive.retention"": -3, ""adhd_inattentive.cognitive.task_initiation_delay"": 0.36066074118109614, ""adhd_inattentive.emotional.frustration"": 0.18525006084224854, ""adhd_inattentive.emotional.self_esteem"": -0.3490210937285264, ""adhd_inattentive.emotional.shame"": 0.13533907114741628, ""base_cognitive.att_bandwidth"": 2, ""base_cognitive.conflict_tendency"": 0.07693726413177054, ""base_cognitive.importance_trigger"": 103.83050123126426, ""base_cognitive.impulse_override"": 0.0987397908688258, ""base_cognitive.plan_consistency"": 0.8122890201625717, ""base_cognitive.recency_decay"": 0.9932650494708326, ""base_cognitive.retention"": 4, ""base_cognitive.social_sensitivity"": 0.45867682776646446, ""base_cognitive.task_initiation_delay"": 0.09097118447148288, ""base_cognitive.vision_r"": 5, ""base_emotional.anger"": 0.08144342485674624, ""base_emotional.anxiety"": 0.09921441907141387, ""base_emotional.excitement"": 0.1726504647454894, ""base_emotional.frustration"": 0.16393312969969026, ""base_emotional.loneliness"": 0.10215021986641973, ""base_emotional.self_esteem"": 0.6233254961109108, ""base_emotional.shame"": 0.08293237503901746, ""base_emotional.trust_in_teacher"": 0.7641831642874777}"		
1778045900.368	1	17	0.784639	0.812605	0.742690	0.000000	"{""adhd_hyperactive_impulsive.cognitive.conflict_tendency"": 0.10620003901530861, ""adhd_hyperactive_impulsive.cognitive.impulse_override"": 0.26328124198690683, ""adhd_hyperactive_impulsive.cognitive.plan_consistency"": -0.5192355037762547, ""adhd_hyperactive_impulsive.emotional.anger"": 0.19942409469872838, ""adhd_hyperactive_impulsive.emotional.excitement"": 0.12778041388188088, ""adhd_inattentive.cognitive.att_bandwidth"": -2, ""adhd_inattentive.cognitive.plan_consistency"": -0.2947057439161436, ""adhd_inattentive.cognitive.retention"": -4, ""adhd_inattentive.cognitive.task_initiation_delay"": 0.4491501029576945, ""adhd_inattentive.emotional.frustration"": 0.19329434925446964, ""adhd_inattentive.emotional.self_esteem"": -0.31546385832352924, ""adhd_inattentive.emotional.shame"": 0.2300860110385769, ""base_cognitive.att_bandwidth"": 2, ""base_cognitive.conflict_tendency"": 0.036058582401567514, ""base_cognitive.importance_trigger"": 140.84597992078838, ""base_cognitive.impulse_override"": 0.07873368873857436, ""base_cognitive.plan_consistency"": 0.9165755322579241, ""base_cognitive.recency_decay"": 0.9801400241742587, ""base_cognitive.retention"": 6, ""base_cognitive.social_sensitivity"": 0.49634848814157717, ""base_cognitive.task_initiation_delay"": 0.053912664263549896, ""base_cognitive.vision_r"": 4, ""base_emotional.anger"": 0.09624062933526031, ""base_emotional.anxiety"": 0.09958469221118779, ""base_emotional.excitement"": 0.28697750343955863, ""base_emotional.frustration"": 0.08747369750070093, ""base_emotional.loneliness"": 0.11834783744737547, ""base_emotional.self_esteem"": 0.7335494453241899, ""base_emotional.shame"": 0.12797338216088022, ""base_emotional.trust_in_teacher"": 0.7076954403572079}"		
1778045900.959	1	18	0.809178	0.814697	0.800899	0.000000	"{""adhd_hyperactive_impulsive.cognitive.conflict_tendency"": 0.11850810247342966, ""adhd_hyperactive_impulsive.cognitive.impulse_override"": 0.39602283204205607, ""adhd_hyperactive_impulsive.cognitive.plan_consistency"": -0.4960461283062631, ""adhd_hyperactive_impulsive.emotional.anger"": 0.1609496737357205, ""adhd_hyperactive_impulsive.emotional.excitement"": 0.11682804873443288, ""adhd_inattentive.cognitive.att_bandwidth"": -2, ""adhd_inattentive.cognitive.plan_consistency"": -0.44441936876837435, ""adhd_inattentive.cognitive.retention"": -4, ""adhd_inattentive.cognitive.task_initiation_delay"": 0.4437819358085514, ""adhd_inattentive.emotional.frustration"": 0.15926418334543607, ""adhd_inattentive.emotional.self_esteem"": -0.18640972726084132, ""adhd_inattentive.emotional.shame"": 0.12464204287883672, ""base_cognitive.att_bandwidth"": 3, ""base_cognitive.conflict_tendency"": 0.11948018313037352, ""base_cognitive.importance_trigger"": 130.06718260213756, ""base_cognitive.impulse_override"": 0.043158003203962084, ""base_cognitive.plan_consistency"": 0.9309271143005138, ""base_cognitive.recency_decay"": 0.9875660110003246, ""base_cognitive.retention"": 5, ""base_cognitive.social_sensitivity"": 0.3454352705066455, ""base_cognitive.task_initiation_delay"": 0.04819643935111963, ""base_cognitive.vision_r"": 3, ""base_emotional.anger"": 0.11911823799417985, ""base_emotional.anxiety"": 0.17929307550644918, ""base_emotional.excitement"": 0.16372639646916323, ""base_emotional.frustration"": 0.054941021497514994, ""base_emotional.loneliness"": 0.08891268167275374, ""base_emotional.self_esteem"": 0.7661862066807104, ""base_emotional.shame"": 0.13592874517950923, ""base_emotional.trust_in_teacher"": 0.7574242183609913}"		
1778045901.496	1	19	0.745806	0.690312	0.829047	0.000000	"{""adhd_hyperactive_impulsive.cognitive.conflict_tendency"": 0.2165803115297796, ""adhd_hyperactive_impulsive.cognitive.impulse_override"": 0.28347543355959987, ""adhd_hyperactive_impulsive.cognitive.plan_consistency"": -0.4090632451455899, ""adhd_hyperactive_impulsive.emotional.anger"": 0.19338619583145217, ""adhd_hyperactive_impulsive.emotional.excitement"": 0.19075642693150696, ""adhd_inattentive.cognitive.att_bandwidth"": -2, ""adhd_inattentive.cognitive.plan_consistency"": -0.4480524600456534, ""adhd_inattentive.cognitive.retention"": -2, ""adhd_inattentive.cognitive.task_initiation_delay"": 0.3670052799767929, ""adhd_inattentive.emotional.frustration"": 0.1911748148399509, ""adhd_inattentive.emotional.self_esteem"": -0.27546701237269317, ""adhd_inattentive.emotional.shame"": 0.1914476416847628, ""base_cognitive.att_bandwidth"": 2, ""base_cognitive.conflict_tendency"": 0.051969761453985186, ""base_cognitive.importance_trigger"": 167.1997598361709, ""base_cognitive.impulse_override"": 0.10239006603065642, ""base_cognitive.plan_consistency"": 0.8367961291862799, ""base_cognitive.recency_decay"": 0.9909075282878509, ""base_cognitive.retention"": 5, ""base_cognitive.social_sensitivity"": 0.5551890337803531, ""base_cognitive.task_initiation_delay"": 0.08874272967899659, ""base_cognitive.vision_r"": 4, ""base_emotional.anger"": 0.08281916637639042, ""base_emotional.anxiety"": 0.08424566885758247, ""base_emotional.excitement"": 0.2774376871636446, ""base_emotional.frustration"": 0.10446578039540691, ""base_emotional.loneliness"": 0.09974746602955656, ""base_emotional.self_esteem"": 0.7378809352890701, ""base_emotional.shame"": 0.03206261484631857, ""base_emotional.trust_in_teacher"": 0.5806439271090702}"		
1778045902.118	1	20	0.621278	0.517469	0.776992	0.000000	"{""adhd_hyperactive_impulsive.cognitive.conflict_tendency"": 0.22525725214288964, ""adhd_hyperactive_impulsive.cognitive.impulse_override"": 0.28633375291605373, ""adhd_hyperactive_impulsive.cognitive.plan_consistency"": -0.4029080352964419, ""adhd_hyperactive_impulsive.emotional.anger"": 0.12534160831201915, ""adhd_hyperactive_impulsive.emotional.excitement"": 0.1590366759880283, ""adhd_inattentive.cognitive.att_bandwidth"": -3, ""adhd_inattentive.cognitive.plan_consistency"": -0.3839563980429508, ""adhd_inattentive.cognitive.retention"": -4, ""adhd_inattentive.cognitive.task_initiation_delay"": 0.4617956120992396, ""adhd_inattentive.emotional.frustration"": 0.19709754133104784, ""adhd_inattentive.emotional.self_esteem"": -0.2132135555581685, ""adhd_inattentive.emotional.shame"": 0.22674388721413355, ""base_cognitive.att_bandwidth"": 3, ""base_cognitive.conflict_tendency"": 0.08272250445600826, ""base_cognitive.importance_trigger"": 135.66120561664005, ""base_cognitive.impulse_override"": 0.044418523861300865, ""base_cognitive.plan_consistency"": 0.8815614814834171, ""base_cognitive.recency_decay"": 0.9853141398476264, ""base_cognitive.retention"": 6, ""base_cognitive.social_sensitivity"": 0.4851915482071797, ""base_cognitive.task_initiation_delay"": 0.06205811837020601, ""base_cognitive.vision_r"": 4, ""base_emotional.anger"": 0.04336838453595837, ""base_emotional.anxiety"": 0.14085833692009347, ""base_emotional.excitement"": 0.1700244451111416, ""base_emotional.frustration"": 0.1660163663294767, ""base_emotional.loneliness"": 0.11493565246935547, ""base_emotional.self_esteem"": 0.6273177128669126, ""base_emotional.shame"": 0.14613124101434638, ""base_emotional.trust_in_teacher"": 0.5870570248489337}"		
1778045902.695	1	21	0.775214	0.796896	0.742690	0.000000	"{""adhd_hyperactive_impulsive.cognitive.conflict_tendency"": 0.1252586351099113, ""adhd_hyperactive_impulsive.cognitive.impulse_override"": 0.33460432802809487, ""adhd_hyperactive_impulsive.cognitive.plan_consistency"": -0.524857433031199, ""adhd_hyperactive_impulsive.emotional.anger"": 0.17304100506296916, ""adhd_hyperactive_impulsive.emotional.excitement"": 0.10835935827831371, ""adhd_inattentive.cognitive.att_bandwidth"": -1, ""adhd_inattentive.cognitive.plan_consistency"": -0.2631788841561525, ""adhd_inattentive.cognitive.retention"": -2, ""adhd_inattentive.cognitive.task_initiation_delay"": 0.47773310533961844, ""adhd_inattentive.emotional.frustration"": 0.12693968319535448, ""adhd_inattentive.emotional.self_esteem"": -0.3343199171335354, ""adhd_inattentive.emotional.shame"": 0.19837369742371633, ""base_cognitive.att_bandwidth"": 2, ""base_cognitive.conflict_tendency"": 0.1127676529234252, ""base_cognitive.importance_trigger"": 134.63532074427079, ""base_cognitive.impulse_override"": 0.11767659276948665, ""base_cognitive.plan_consistency"": 0.8845109450837916, ""base_cognitive.recency_decay"": 0.9809919919265132, ""base_cognitive.retention"": 6, ""base_cognitive.social_sensitivity"": 0.5886797452359529, ""base_cognitive.task_initiation_delay"": 0.0995721553755428, ""base_cognitive.vision_r"": 4, ""base_emotional.anger"": 0.08596869808571583, ""base_emotional.anxiety"": 0.16986008827518292, ""base_emotional.excitement"": 0.21657571119887847, ""base_emotional.frustration"": 0.09406254815211461, ""base_emotional.loneliness"": 0.046521976293261755, ""base_emotional.self_esteem"": 0.7166736108623, ""base_emotional.shame"": 0.0418170198117931, ""base_emotional.trust_in_teacher"": 0.5704308989242047}"		
1778045903.329	1	22	0.623556	0.505004	0.801384	0.000000	"{""adhd_hyperactive_impulsive.cognitive.conflict_tendency"": 0.2454985509539769, ""adhd_hyperactive_impulsive.cognitive.impulse_override"": 0.2893418074586809, ""adhd_hyperactive_impulsive.cognitive.plan_consistency"": -0.4646889479363484, ""adhd_hyperactive_impulsive.emotional.anger"": 0.2217530464948643, ""adhd_hyperactive_impulsive.emotional.excitement"": 0.15690957157416757, ""adhd_inattentive.cognitive.att_bandwidth"": -1, ""adhd_inattentive.cognitive.plan_consistency"": -0.415417066223949, ""adhd_inattentive.cognitive.retention"": -4, ""adhd_inattentive.cognitive.task_initiation_delay"": 0.3513482404015096, ""adhd_inattentive.emotional.frustration"": 0.2400998129982742, ""adhd_inattentive.emotional.self_esteem"": -0.31928605919212677, ""adhd_inattentive.emotional.shame"": 0.18672785187054752, ""base_cognitive.att_bandwidth"": 3, ""base_cognitive.conflict_tendency"": 0.042820721974355345, ""base_cognitive.importance_trigger"": 153.504816887328, ""base_cognitive.impulse_override"": 0.11448272696066432, ""base_cognitive.plan_consistency"": 0.8934071287352267, ""base_cognitive.recency_decay"": 0.9830602372388283, ""base_cognitive.retention"": 6, ""base_cognitive.social_sensitivity"": 0.5062770201777298, ""base_cognitive.task_initiation_delay"": 0.019607140660486203, ""base_cognitive.vision_r"": 5, ""base_emotional.anger"": 0.0916089464976442, ""base_emotional.anxiety"": 0.0710136882050035, ""base_emotional.excitement"": 0.25422275627085567, ""base_emotional.frustration"": 0.15050900751770832, ""base_emotional.loneliness"": 0.05912335048842346, ""base_emotional.self_esteem"": 0.6849610172990973, ""base_emotional.shame"": 0.056310961076017865, ""base_emotional.trust_in_teacher"": 0.6332295210562416}"		
1778045903.959	1	23	0.628933	0.553095	0.742690	0.000000	"{""adhd_hyperactive_impulsive.cognitive.conflict_tendency"": 0.23059422425586137, ""adhd_hyperactive_impulsive.cognitive.impulse_override"": 0.387394225411403, ""adhd_hyperactive_impulsive.cognitive.plan_consistency"": -0.39720982404459193, ""adhd_hyperactive_impulsive.emotional.anger"": 0.21793243225132045, ""adhd_hyperactive_impulsive.emotional.excitement"": 0.19590240382618346, ""adhd_inattentive.cognitive.att_bandwidth"": -3, ""adhd_inattentive.cognitive.plan_consistency"": -0.2791248807572476, ""adhd_inattentive.cognitive.retention"": -3, ""adhd_inattentive.cognitive.task_initiation_delay"": 0.35588310653393934, ""adhd_inattentive.emotional.frustration"": 0.2241195465897398, ""adhd_inattentive.emotional.self_esteem"": -0.32706240519034463, ""adhd_inattentive.emotional.shame"": 0.11161266982625728, ""base_cognitive.att_bandwidth"": 3, ""base_cognitive.conflict_tendency"": 0.07965002891373704, ""base_cognitive.importance_trigger"": 107.5249233747054, ""base_cognitive.impulse_override"": 0.06355163841511276, ""base_cognitive.plan_consistency"": 0.9019850009189132, ""base_cognitive.recency_decay"": 0.9887154289471997, ""base_cognitive.retention"": 6, ""base_cognitive.social_sensitivity"": 0.5788650625321772, ""base_cognitive.task_initiation_delay"": 0.065278430331136, ""base_cognitive.vision_r"": 5, ""base_emotional.anger"": 0.04949539677001592, ""base_emotional.anxiety"": 0.13096918676889, ""base_emotional.excitement"": 0.29285895431460374, ""base_emotional.frustration"": 0.143711836455662, ""base_emotional.loneliness"": 0.03649644570361765, ""base_emotional.self_esteem"": 0.6752090882952533, ""base_emotional.shame"": 0.14977729185174674, ""base_emotional.trust_in_teacher"": 0.6536503832563789}"		
1778045904.494	1	24	0.633818	0.546835	0.764292	0.000000	"{""adhd_hyperactive_impulsive.cognitive.conflict_tendency"": 0.1840000056868903, ""adhd_hyperactive_impulsive.cognitive.impulse_override"": 0.2824386772154863, ""adhd_hyperactive_impulsive.cognitive.plan_consistency"": -0.4758374482945139, ""adhd_hyperactive_impulsive.emotional.anger"": 0.21303702045181322, ""adhd_hyperactive_impulsive.emotional.excitement"": 0.20158139369223724, ""adhd_inattentive.cognitive.att_bandwidth"": -2, ""adhd_inattentive.cognitive.plan_consistency"": -0.3215580964793702, ""adhd_inattentive.cognitive.retention"": -3, ""adhd_inattentive.cognitive.task_initiation_delay"": 0.39567137420873816, ""adhd_inattentive.emotional.frustration"": 0.1289419970240862, ""adhd_inattentive.emotional.self_esteem"": -0.28944247351800034, ""adhd_inattentive.emotional.shame"": 0.22297880582553958, ""base_cognitive.att_bandwidth"": 2, ""base_cognitive.conflict_tendency"": 0.09540294100286963, ""base_cognitive.importance_trigger"": 159.96740560937104, ""base_cognitive.impulse_override"": 0.07095016925460734, ""base_cognitive.plan_consistency"": 0.9344276930696122, ""base_cognitive.recency_decay"": 0.9859987487839917, ""base_cognitive.retention"": 5, ""base_cognitive.social_sensitivity"": 0.4639597995202218, ""base_cognitive.task_initiation_delay"": 0.00271299408200828, ""base_cognitive.vision_r"": 3, ""base_emotional.anger"": 0.13590110363386199, ""base_emotional.anxiety"": 0.060888308800201726, ""base_emotional.excitement"": 0.1897704415640302, ""base_emotional.frustration"": 0.17733756171540582, ""base_emotional.loneliness"": 0.055404031840194747, ""base_emotional.self_esteem"": 0.682608952622579, ""base_emotional.shame"": 0.08757350825124231, ""base_emotional.trust_in_teacher"": 0.7039358385844625}"		
1778045905.019	1	25	0.794766	0.803798	0.781219	0.000000	"{""adhd_hyperactive_impulsive.cognitive.conflict_tendency"": 0.21363113285010604, ""adhd_hyperactive_impulsive.cognitive.impulse_override"": 0.3986633728562863, ""adhd_hyperactive_impulsive.cognitive.plan_consistency"": -0.48510804770803506, ""adhd_hyperactive_impulsive.emotional.anger"": 0.16443290160279384, ""adhd_hyperactive_impulsive.emotional.excitement"": 0.23991838541196966, ""adhd_inattentive.cognitive.att_bandwidth"": -1, ""adhd_inattentive.cognitive.plan_consistency"": -0.32635275741931313, ""adhd_inattentive.cognitive.retention"": -3, ""adhd_inattentive.cognitive.task_initiation_delay"": 0.4233378821494085, ""adhd_inattentive.emotional.frustration"": 0.13673699963259686, ""adhd_inattentive.emotional.self_esteem"": -0.2059512883172071, ""adhd_inattentive.emotional.shame"": 0.10552437698327347, ""base_cognitive.att_bandwidth"": 3, ""base_cognitive.conflict_tendency"": 0.08708627122674892, ""base_cognitive.importance_trigger"": 132.0735933197585, ""base_cognitive.impulse_override"": 0.09029525300122626, ""base_cognitive.plan_consistency"": 0.8649445818269749, ""base_cognitive.recency_decay"": 0.9807057788129971, ""base_cognitive.retention"": 4, ""base_cognitive.social_sensitivity"": 0.5225034515185294, ""base_cognitive.task_initiation_delay"": 0.033942579775208544, ""base_cognitive.vision_r"": 3, ""base_emotional.anger"": 0.07815197602492507, ""base_emotional.anxiety"": 0.11033936534069558, ""base_emotional.excitement"": 0.23975390836905902, ""base_emotional.frustration"": 0.07495239694967312, ""base_emotional.loneliness"": 0.07494061811856395, ""base_emotional.self_esteem"": 0.6707725179717452, ""base_emotional.shame"": 0.06276649630864337, ""base_emotional.trust_in_teacher"": 0.7490654861799162}"		
1778045905.614	1	26	0.799895	0.805833	0.790987	0.000000	"{""adhd_hyperactive_impulsive.cognitive.conflict_tendency"": 0.16910819970926977, ""adhd_hyperactive_impulsive.cognitive.impulse_override"": 0.3084596047973237, ""adhd_hyperactive_impulsive.cognitive.plan_consistency"": -0.38871618373202954, ""adhd_hyperactive_impulsive.emotional.anger"": 0.15835315488755408, ""adhd_hyperactive_impulsive.emotional.excitement"": 0.20373355581885427, ""adhd_inattentive.cognitive.att_bandwidth"": -1, ""adhd_inattentive.cognitive.plan_consistency"": -0.35422930609226183, ""adhd_inattentive.cognitive.retention"": -3, ""adhd_inattentive.cognitive.task_initiation_delay"": 0.3073245407307457, ""adhd_inattentive.emotional.frustration"": 0.16382269459635387, ""adhd_inattentive.emotional.self_esteem"": -0.18088760775451887, ""adhd_inattentive.emotional.shame"": 0.1585334878219678, ""base_cognitive.att_bandwidth"": 3, ""base_cognitive.conflict_tendency"": 0.04041214122554139, ""base_cognitive.importance_trigger"": 122.66761576169274, ""base_cognitive.impulse_override"": 0.09168839073254162, ""base_cognitive.plan_consistency"": 0.7988293091719463, ""base_cognitive.recency_decay"": 0.9895349242566377, ""base_cognitive.retention"": 5, ""base_cognitive.social_sensitivity"": 0.31257423075952284, ""base_cognitive.task_initiation_delay"": 0.04021450647644814, ""base_cognitive.vision_r"": 3, ""base_emotional.anger"": 0.10737856488475933, ""base_emotional.anxiety"": 0.0828483148159927, ""base_emotional.excitement"": 0.2576657262279942, ""base_emotional.frustration"": 0.1413266501878624, ""base_emotional.loneliness"": 0.05681402104325027, ""base_emotional.self_esteem"": 0.7635418897590707, ""base_emotional.shame"": 0.03715261183022432, ""base_emotional.trust_in_teacher"": 0.6124053434853713}"		
1778045906.243	1	27	0.621214	0.513193	0.783246	0.000000	"{""adhd_hyperactive_impulsive.cognitive.conflict_tendency"": 0.24786476221073886, ""adhd_hyperactive_impulsive.cognitive.impulse_override"": 0.30341869068814276, ""adhd_hyperactive_impulsive.cognitive.plan_consistency"": -0.42029264153369933, ""adhd_hyperactive_impulsive.emotional.anger"": 0.18148365189172172, ""adhd_hyperactive_impulsive.emotional.excitement"": 0.13635065004785565, ""adhd_inattentive.cognitive.att_bandwidth"": -1, ""adhd_inattentive.cognitive.plan_consistency"": -0.37098932219245256, ""adhd_inattentive.cognitive.retention"": -4, ""adhd_inattentive.cognitive.task_initiation_delay"": 0.3017023435739759, ""adhd_inattentive.emotional.frustration"": 0.16950950403786474, ""adhd_inattentive.emotional.self_esteem"": -0.2327016875524777, ""adhd_inattentive.emotional.shame"": 0.24179612384803556, ""base_cognitive.att_bandwidth"": 3, ""base_cognitive.conflict_tendency"": 0.07038374227667976, ""base_cognitive.importance_trigger"": 147.9329671040305, ""base_cognitive.impulse_override"": 0.11151460079598084, ""base_cognitive.plan_consistency"": 0.9072548618131606, ""base_cognitive.recency_decay"": 0.9907035510814227, ""base_cognitive.retention"": 6, ""base_cognitive.social_sensitivity"": 0.4483756134990343, ""base_cognitive.task_initiation_delay"": 0.0050897785086211405, ""base_cognitive.vision_r"": 3, ""base_emotional.anger"": 0.11535915815421362, ""base_emotional.anxiety"": 0.1532009723352818, ""base_emotional.excitement"": 0.19696835584049313, ""base_emotional.frustration"": 0.1733462004886147, ""base_emotional.loneliness"": 0.05220395065346775, ""base_emotional.self_esteem"": 0.7489901392947286, ""base_emotional.shame"": 0.03389336023199684, ""base_emotional.trust_in_teacher"": 0.7745272185788772}"		
1778045906.840	1	28	0.800853	0.803104	0.797476	0.000000	"{""adhd_hyperactive_impulsive.cognitive.conflict_tendency"": 0.15511542338735496, ""adhd_hyperactive_impulsive.cognitive.impulse_override"": 0.3315744950528803, ""adhd_hyperactive_impulsive.cognitive.plan_consistency"": -0.44297898967496285, ""adhd_hyperactive_impulsive.emotional.anger"": 0.18631571062402202, ""adhd_hyperactive_impulsive.emotional.excitement"": 0.22186420301897788, ""adhd_inattentive.cognitive.att_bandwidth"": -3, ""adhd_inattentive.cognitive.plan_consistency"": -0.3040913470512545, ""adhd_inattentive.cognitive.retention"": -3, ""adhd_inattentive.cognitive.task_initiation_delay"": 0.38100238677988857, ""adhd_inattentive.emotional.frustration"": 0.17768292445658296, ""adhd_inattentive.emotional.self_esteem"": -0.2686026821477896, ""adhd_inattentive.emotional.shame"": 0.23576269176672462, ""base_cognitive.att_bandwidth"": 4, ""base_cognitive.conflict_tendency"": 0.10219956020842244, ""base_cognitive.importance_trigger"": 112.08871640002641, ""base_cognitive.impulse_override"": 0.06597755430196865, ""base_cognitive.plan_consistency"": 0.7734875421634471, ""base_cognitive.recency_decay"": 0.9898039545911024, ""base_cognitive.retention"": 5, ""base_cognitive.social_sensitivity"": 0.3815979597838788, ""base_cognitive.task_initiation_delay"": 0.09787006061333368, ""base_cognitive.vision_r"": 3, ""base_emotional.anger"": 0.10295770842758392, ""base_emotional.anxiety"": 0.09324468518912703, ""base_emotional.excitement"": 0.18516354917154762, ""base_emotional.frustration"": 0.0805408618730912, ""base_emotional.loneliness"": 0.10632522631962814, ""base_emotional.self_esteem"": 0.7038051106049713, ""base_emotional.shame"": 0.05987769688556614, ""base_emotional.trust_in_teacher"": 0.64239081884178}"		
1778045907.373	1	29	0.759646	0.753217	0.769291	0.000000	"{""adhd_hyperactive_impulsive.cognitive.conflict_tendency"": 0.1667688238582911, ""adhd_hyperactive_impulsive.cognitive.impulse_override"": 0.2531244491783897, ""adhd_hyperactive_impulsive.cognitive.plan_consistency"": -0.4819808071077969, ""adhd_hyperactive_impulsive.emotional.anger"": 0.20968509771753938, ""adhd_hyperactive_impulsive.emotional.excitement"": 0.23069499595462642, ""adhd_inattentive.cognitive.att_bandwidth"": -2, ""adhd_inattentive.cognitive.plan_consistency"": -0.33877046350249523, ""adhd_inattentive.cognitive.retention"": -4, ""adhd_inattentive.cognitive.task_initiation_delay"": 0.38741579498163237, ""adhd_inattentive.emotional.frustration"": 0.21027305788552247, ""adhd_inattentive.emotional.self_esteem"": -0.3053600050382917, ""adhd_inattentive.emotional.shame"": 0.11947460582995388, ""base_cognitive.att_bandwidth"": 2, ""base_cognitive.conflict_tendency"": 0.09289004137049588, ""base_cognitive.importance_trigger"": 137.51766852568056, ""base_cognitive.impulse_override"": 0.0589906315563108, ""base_cognitive.plan_consistency"": 0.8055903822899604, ""base_cognitive.recency_decay"": 0.9931208345739864, ""base_cognitive.retention"": 5, ""base_cognitive.social_sensitivity"": 0.46868279221968767, ""base_cognitive.task_initiation_delay"": 0.09594313434687533, ""base_cognitive.vision_r"": 3, ""base_emotional.anger"": 0.1094819411798292, ""base_emotional.anxiety"": 0.05538614547196423, ""base_emotional.excitement"": 0.20222020239603136, ""base_emotional.frustration"": 0.16005457066949785, ""base_emotional.loneliness"": 0.10822651309903329, ""base_emotional.self_esteem"": 0.6190956491037606, ""base_emotional.shame"": 0.10620651233663331, ""base_emotional.trust_in_teacher"": 0.6875479214888665}"		
1778045907.939	1	30	0.802999	0.811433	0.790348	0.000000	"{""adhd_hyperactive_impulsive.cognitive.conflict_tendency"": 0.10020115642799636, ""adhd_hyperactive_impulsive.cognitive.impulse_override"": 0.3427883454727719, ""adhd_hyperactive_impulsive.cognitive.plan_consistency"": -0.4886718181380097, ""adhd_hyperactive_impulsive.emotional.anger"": 0.18867900962208062, ""adhd_hyperactive_impulsive.emotional.excitement"": 0.11841732057078352, ""adhd_inattentive.cognitive.att_bandwidth"": -3, ""adhd_inattentive.cognitive.plan_consistency"": -0.2914470784718376, ""adhd_inattentive.cognitive.retention"": -2, ""adhd_inattentive.cognitive.task_initiation_delay"": 0.40770791965868036, ""adhd_inattentive.emotional.frustration"": 0.14827022231302, ""adhd_inattentive.emotional.self_esteem"": -0.22117764594039702, ""adhd_inattentive.emotional.shame"": 0.19956001389038597, ""base_cognitive.att_bandwidth"": 4, ""base_cognitive.conflict_tendency"": 0.11690990379729939, ""base_cognitive.importance_trigger"": 106.80422449059202, ""base_cognitive.impulse_override"": 0.06666163962110219, ""base_cognitive.plan_consistency"": 0.751660105564231, ""base_cognitive.recency_decay"": 0.9834064471858073, ""base_cognitive.retention"": 4, ""base_cognitive.social_sensitivity"": 0.450077137528348, ""base_cognitive.task_initiation_delay"": 0.07110848152654935, ""base_cognitive.vision_r"": 4, ""base_emotional.anger"": 0.03559038850440008, ""base_emotional.anxiety"": 0.10393017831036369, ""base_emotional.excitement"": 0.156027619372034, ""base_emotional.frustration"": 0.13530386097142721, ""base_emotional.loneliness"": 0.048324223029737955, ""base_emotional.self_esteem"": 0.6016644204578436, ""base_emotional.shame"": 0.07480318596901292, ""base_emotional.trust_in_teacher"": 0.7816406326331471}"		
1778045908.455	1	31	0.784340	0.802666	0.756850	0.000000	"{""adhd_hyperactive_impulsive.cognitive.conflict_tendency"": 0.23976534748240355, ""adhd_hyperactive_impulsive.cognitive.impulse_override"": 0.37029871318214475, ""adhd_hyperactive_impulsive.cognitive.plan_consistency"": -0.5008313611311938, ""adhd_hyperactive_impulsive.emotional.anger"": 0.18424404539491362, ""adhd_hyperactive_impulsive.emotional.excitement"": 0.2463713505360393, ""adhd_inattentive.cognitive.att_bandwidth"": -2, ""adhd_inattentive.cognitive.plan_consistency"": -0.3492666485247607, ""adhd_inattentive.cognitive.retention"": -2, ""adhd_inattentive.cognitive.task_initiation_delay"": 0.4879580885734214, ""adhd_inattentive.emotional.frustration"": 0.1766303915215465, ""adhd_inattentive.emotional.self_esteem"": -0.20257519846427552, ""adhd_inattentive.emotional.shame"": 0.14362744212949946, ""base_cognitive.att_bandwidth"": 3, ""base_cognitive.conflict_tendency"": 0.06722407052713299, ""base_cognitive.importance_trigger"": 154.80513128475792, ""base_cognitive.impulse_override"": 0.05639566238449048, ""base_cognitive.plan_consistency"": 0.8541637357620561, ""base_cognitive.recency_decay"": 0.9847111821520899, ""base_cognitive.retention"": 4, ""base_cognitive.social_sensitivity"": 0.4796127461143016, ""base_cognitive.task_initiation_delay"": 0.04539024632255875, ""base_cognitive.vision_r"": 3, ""base_emotional.anger"": 0.05779780569926226, ""base_emotional.anxiety"": 0.1303224756140262, ""base_emotional.excitement"": 0.27201304368028295, ""base_emotional.frustration"": 0.12436875232258578, ""base_emotional.loneliness"": 0.09836657839078382, ""base_emotional.self_esteem"": 0.7722355526748429, ""base_emotional.shame"": 0.13844522492746675, ""base_emotional.trust_in_teacher"": 0.6050252469662107}"		
1778045909.036	1	32	0.750458	0.755637	0.742690	0.000000	"{""adhd_hyperactive_impulsive.cognitive.conflict_tendency"": 0.19345988593126084, ""adhd_hyperactive_impulsive.cognitive.impulse_override"": 0.3241591304108138, ""adhd_hyperactive_impulsive.cognitive.plan_consistency"": -0.3632145623062588, ""adhd_hyperactive_impulsive.emotional.anger"": 0.1778071962003774, ""adhd_hyperactive_impulsive.emotional.excitement"": 0.14320997470923316, ""adhd_inattentive.cognitive.att_bandwidth"": -2, ""adhd_inattentive.cognitive.plan_consistency"": -0.26000120356861406, ""adhd_inattentive.cognitive.retention"": -2, ""adhd_inattentive.cognitive.task_initiation_delay"": 0.45294234291538343, ""adhd_inattentive.emotional.frustration"": 0.24435498561305624, ""adhd_inattentive.emotional.self_esteem"": -0.2737212995523711, ""adhd_inattentive.emotional.shame"": 0.15538591199864552, ""base_cognitive.att_bandwidth"": 2, ""base_cognitive.conflict_tendency"": 0.09382370613908199, ""base_cognitive.importance_trigger"": 140.08624848194532, ""base_cognitive.impulse_override"": 0.07612094917071591, ""base_cognitive.plan_consistency"": 0.8448801765439649, ""base_cognitive.recency_decay"": 0.9947772076673614, ""base_cognitive.retention"": 6, ""base_cognitive.social_sensitivity"": 0.42045733984236433, ""base_cognitive.task_initiation_delay"": 0.07374360177055499, ""base_cognitive.vision_r"": 5, ""base_emotional.anger"": 0.13527154252640544, ""base_emotional.anxiety"": 0.11789599517998937, ""base_emotional.excitement"": 0.20664917331230434, ""base_emotional.frustration"": 0.10083552673904084, ""base_emotional.loneliness"": 0.08391453445442273, ""base_emotional.self_esteem"": 0.6616707815251027, ""base_emotional.shame"": 0.09437093136862533, ""base_emotional.trust_in_teacher"": 0.7201828943978411}"		
1778045909.665	1	33	0.628092	0.516229	0.795885	0.000000	"{""adhd_hyperactive_impulsive.cognitive.conflict_tendency"": 0.1926601692154304, ""adhd_hyperactive_impulsive.cognitive.impulse_override"": 0.39368539901723687, ""adhd_hyperactive_impulsive.cognitive.plan_consistency"": -0.5305440302577417, ""adhd_hyperactive_impulsive.emotional.anger"": 0.2316949557465261, ""adhd_hyperactive_impulsive.emotional.excitement"": 0.15341708944035526, ""adhd_inattentive.cognitive.att_bandwidth"": -1, ""adhd_inattentive.cognitive.plan_consistency"": -0.3451521870871578, ""adhd_inattentive.cognitive.retention"": -3, ""adhd_inattentive.cognitive.task_initiation_delay"": 0.3693609163631525, ""adhd_inattentive.emotional.frustration"": 0.1806771816698648, ""adhd_inattentive.emotional.self_esteem"": -0.25470827743256463, ""adhd_inattentive.emotional.shame"": 0.17459060096060808, ""base_cognitive.att_bandwidth"": 3, ""base_cognitive.conflict_tendency"": 0.05537509263978182, ""base_cognitive.importance_trigger"": 121.96195759679127, ""base_cognitive.impulse_override"": 0.0722337993385534, ""base_cognitive.plan_consistency"": 0.8168508125284624, ""base_cognitive.recency_decay"": 0.985566477350466, ""base_cognitive.retention"": 6, ""base_cognitive.social_sensitivity"": 0.3973584446594833, ""base_cognitive.task_initiation_delay"": 0.0012601904749093243, ""base_cognitive.vision_r"": 4, ""base_emotional.anger"": 0.0676235332825305, ""base_emotional.anxiety"": 0.1374681375629438, ""base_emotional.excitement"": 0.23466393879637543, ""base_emotional.frustration"": 0.18154258710102866, ""base_emotional.loneliness"": 0.06625769173627304, ""base_emotional.self_esteem"": 0.75996070598611, ""base_emotional.shame"": 0.07773904083816062, ""base_emotional.trust_in_teacher"": 0.6690449251313441}"		
1778045910.215	1	34	0.810200	0.813783	0.804824	0.000000	"{""adhd_hyperactive_impulsive.cognitive.conflict_tendency"": 0.147813881515352, ""adhd_hyperactive_impulsive.cognitive.impulse_override"": 0.3201046138735983, ""adhd_hyperactive_impulsive.cognitive.plan_consistency"": -0.5176037030692417, ""adhd_hyperactive_impulsive.emotional.anger"": 0.23720110158778093, ""adhd_hyperactive_impulsive.emotional.excitement"": 0.18099346932696497, ""adhd_inattentive.cognitive.att_bandwidth"": -3, ""adhd_inattentive.cognitive.plan_consistency"": -0.2836551088410705, ""adhd_inattentive.cognitive.retention"": -3, ""adhd_inattentive.cognitive.task_initiation_delay"": 0.3107510386617907, ""adhd_inattentive.emotional.frustration"": 0.12153856873284782, ""adhd_inattentive.emotional.self_esteem"": -0.24068101867169134, ""adhd_inattentive.emotional.shame"": 0.16763254146455625, ""base_cognitive.att_bandwidth"": 4, ""base_cognitive.conflict_tendency"": 0.08187073975274856, ""base_cognitive.importance_trigger"": 126.70438328021575, ""base_cognitive.impulse_override"": 0.039508385381914556, ""base_cognitive.plan_consistency"": 0.7677571929341549, ""base_cognitive.recency_decay"": 0.9850674728638937, ""base_cognitive.retention"": 4, ""base_cognitive.social_sensitivity"": 0.4053264563480667, ""base_cognitive.task_initiation_delay"": 0.012786228814975082, ""base_cognitive.vision_r"": 3, ""base_emotional.anger"": 0.04733651918147902, ""base_emotional.anxiety"": 0.053729330709710706, ""base_emotional.excitement"": 0.262118721836229, ""base_emotional.frustration"": 0.0909038315188462, ""base_emotional.loneliness"": 0.07252782886609546, ""base_emotional.self_esteem"": 0.7932182075988583, ""base_emotional.shame"": 0.039268394349388475, ""base_emotional.trust_in_teacher"": 0.718964340802073}"		
1778045910.736	1	35	0.787652	0.803552	0.763801	0.000000	"{""adhd_hyperactive_impulsive.cognitive.conflict_tendency"": 0.1572484672599366, ""adhd_hyperactive_impulsive.cognitive.impulse_override"": 0.25771037911904143, ""adhd_hyperactive_impulsive.cognitive.plan_consistency"": -0.44794556177723066, ""adhd_hyperactive_impulsive.emotional.anger"": 0.24543920600020191, ""adhd_hyperactive_impulsive.emotional.excitement"": 0.1718133810312492, ""adhd_inattentive.cognitive.att_bandwidth"": -1, ""adhd_inattentive.cognitive.plan_consistency"": -0.38733907051530686, ""adhd_inattentive.cognitive.retention"": -3, ""adhd_inattentive.cognitive.task_initiation_delay"": 0.49379517718690447, ""adhd_inattentive.emotional.frustration"": 0.22878813283135443, ""adhd_inattentive.emotional.self_esteem"": -0.19282781663218562, ""adhd_inattentive.emotional.shame"": 0.11389405577026625, ""base_cognitive.att_bandwidth"": 3, ""base_cognitive.conflict_tendency"": 0.09912021502869785, ""base_cognitive.importance_trigger"": 123.92023882827911, ""base_cognitive.impulse_override"": 0.04962018386859718, ""base_cognitive.plan_consistency"": 0.9484595746013046, ""base_cognitive.recency_decay"": 0.9919827729364995, ""base_cognitive.retention"": 4, ""base_cognitive.social_sensitivity"": 0.5974020615739131, ""base_cognitive.task_initiation_delay"": 0.07987514579026782, ""base_cognitive.vision_r"": 4, ""base_emotional.anger"": 0.059095262173644934, ""base_emotional.anxiety"": 0.075518267974718, ""base_emotional.excitement"": 0.17669447608135555, ""base_emotional.frustration"": 0.056951099917498305, ""base_emotional.loneliness"": 0.03928920871558906, ""base_emotional.self_esteem"": 0.7308869863109493, ""base_emotional.shame"": 0.1293405265422729, ""base_emotional.trust_in_teacher"": 0.7785496216168912}"		
1778045911.303	1	36	0.608094	0.483874	0.794425	0.000000	"{""adhd_hyperactive_impulsive.cognitive.conflict_tendency"": 0.20546411342814108, ""adhd_hyperactive_impulsive.cognitive.impulse_override"": 0.25990987589484404, ""adhd_hyperactive_impulsive.cognitive.plan_consistency"": -0.42873007274377817, ""adhd_hyperactive_impulsive.emotional.anger"": 0.19276869029900484, ""adhd_hyperactive_impulsive.emotional.excitement"": 0.11073652547999557, ""adhd_inattentive.cognitive.att_bandwidth"": -3, ""adhd_inattentive.cognitive.plan_consistency"": -0.43020140158308673, ""adhd_inattentive.cognitive.retention"": -3, ""adhd_inattentive.cognitive.task_initiation_delay"": 0.3473398169945575, ""adhd_inattentive.emotional.frustration"": 0.23597160363208533, ""adhd_inattentive.emotional.self_esteem"": -0.20903234827477507, ""adhd_inattentive.emotional.shame"": 0.10881578476807639, ""base_cognitive.att_bandwidth"": 3, ""base_cognitive.conflict_tendency"": 0.10903078678029005, ""base_cognitive.importance_trigger"": 138.24588331073534, ""base_cognitive.impulse_override"": 0.0949950808478228, ""base_cognitive.plan_consistency"": 0.8592410402907318, ""base_cognitive.recency_decay"": 0.9872963298047167, ""base_cognitive.retention"": 5, ""base_cognitive.social_sensitivity"": 0.519769234653827, ""base_cognitive.task_initiation_delay"": 0.028168081804631446, ""base_cognitive.vision_r"": 4, ""base_emotional.anger"": 0.12802922136742328, ""base_emotional.anxiety"": 0.1477236118759016, ""base_emotional.excitement"": 0.2948003912918489, ""base_emotional.frustration"": 0.18635122275786187, ""base_emotional.loneliness"": 0.07018869926416774, ""base_emotional.self_esteem"": 0.7907928194505716, ""base_emotional.shame"": 0.06600089595898671, ""base_emotional.trust_in_teacher"": 0.5695814863865455}"		
1778045911.795	1	37	0.645163	0.549594	0.788516	0.000000	"{""adhd_hyperactive_impulsive.cognitive.conflict_tendency"": 0.19928359150876246, ""adhd_hyperactive_impulsive.cognitive.impulse_override"": 0.29882238766755725, ""adhd_hyperactive_impulsive.cognitive.plan_consistency"": -0.39960013999812194, ""adhd_hyperactive_impulsive.emotional.anger"": 0.22094828619077417, ""adhd_hyperactive_impulsive.emotional.excitement"": 0.1813009404896268, ""adhd_inattentive.cognitive.att_bandwidth"": -1, ""adhd_inattentive.cognitive.plan_consistency"": -0.360060244497021, ""adhd_inattentive.cognitive.retention"": -2, ""adhd_inattentive.cognitive.task_initiation_delay"": 0.4284034461208518, ""adhd_inattentive.emotional.frustration"": 0.20529851196897692, ""adhd_inattentive.emotional.self_esteem"": -0.2858071165056982, ""adhd_inattentive.emotional.shame"": 0.21839028999025095, ""base_cognitive.att_bandwidth"": 2, ""base_cognitive.conflict_tendency"": 0.1017743255478247, ""base_cognitive.importance_trigger"": 110.63610345179575, ""base_cognitive.impulse_override"": 0.06839742866457463, ""base_cognitive.plan_consistency"": 0.8314507539955543, ""base_cognitive.recency_decay"": 0.9842833879658449, ""base_cognitive.retention"": 4, ""base_cognitive.social_sensitivity"": 0.5753858030892454, ""base_cognitive.task_initiation_delay"": 0.08772514936444141, ""base_cognitive.vision_r"": 4, ""base_emotional.anger"": 0.08911629152613072, ""base_emotional.anxiety"": 0.13530743367071024, ""base_emotional.excitement"": 0.16062808212998264, ""base_emotional.frustration"": 0.1701878720076143, ""base_emotional.loneliness"": 0.06376666491395926, ""base_emotional.self_esteem"": 0.7863969755826873, ""base_emotional.shame"": 0.049567688548679927, ""base_emotional.trust_in_teacher"": 0.628627138544162}"		
1778045912.410	1	38	1.019520	1.185243	0.770935	0.000000	"{""adhd_hyperactive_impulsive.cognitive.conflict_tendency"": 0.17963267341408806, ""adhd_hyperactive_impulsive.cognitive.impulse_override"": 0.2691199692834486, ""adhd_hyperactive_impulsive.cognitive.plan_consistency"": -0.4716009059915226, ""adhd_hyperactive_impulsive.emotional.anger"": 0.24129558016255975, ""adhd_hyperactive_impulsive.emotional.excitement"": 0.11253449833554988, ""adhd_inattentive.cognitive.att_bandwidth"": -3, ""adhd_inattentive.cognitive.plan_consistency"": -0.376361104857187, ""adhd_inattentive.cognitive.retention"": -3, ""adhd_inattentive.cognitive.task_initiation_delay"": 0.49081312315241754, ""adhd_inattentive.emotional.frustration"": 0.23026973440590187, ""adhd_inattentive.emotional.self_esteem"": -0.19361063818385493, ""adhd_inattentive.emotional.shame"": 0.1830277236461164, ""base_cognitive.att_bandwidth"": 4, ""base_cognitive.conflict_tendency"": 0.0422720155102881, ""base_cognitive.importance_trigger"": 151.16787793187046, ""base_cognitive.impulse_override"": 0.052974056576478946, ""base_cognitive.plan_consistency"": 0.8956141891769502, ""base_cognitive.recency_decay"": 0.989944216909493, ""base_cognitive.retention"": 5, ""base_cognitive.social_sensitivity"": 0.4911668348354683, ""base_cognitive.task_initiation_delay"": 0.02210441802188419, ""base_cognitive.vision_r"": 4, ""base_emotional.anger"": 0.0417354977070949, ""base_emotional.anxiety"": 0.1175699961937332, ""base_emotional.excitement"": 0.1652353504952904, ""base_emotional.frustration"": 0.19977718637468989, ""base_emotional.loneliness"": 0.08255398844118439, ""base_emotional.self_esteem"": 0.7254907766106697, ""base_emotional.shame"": 0.14161085103642124, ""base_emotional.trust_in_teacher"": 0.5504439581197653}"		
1778045912.982	1	39	0.618470	0.505664	0.787679	0.000000	"{""adhd_hyperactive_impulsive.cognitive.conflict_tendency"": 0.122939747685241, ""adhd_hyperactive_impulsive.cognitive.impulse_override"": 0.34419855095445134, ""adhd_hyperactive_impulsive.cognitive.plan_consistency"": -0.45892323933896056, ""adhd_hyperactive_impulsive.emotional.anger"": 0.1311089560224985, ""adhd_hyperactive_impulsive.emotional.excitement"": 0.14686407818736696, ""adhd_inattentive.cognitive.att_bandwidth"": -1, ""adhd_inattentive.cognitive.plan_consistency"": -0.3312248953322183, ""adhd_inattentive.cognitive.retention"": -3, ""adhd_inattentive.cognitive.task_initiation_delay"": 0.34134947661693943, ""adhd_inattentive.emotional.frustration"": 0.16427926305267623, ""adhd_inattentive.emotional.self_esteem"": -0.2595271123649281, ""adhd_inattentive.emotional.shame"": 0.1934655415359554, ""base_cognitive.att_bandwidth"": 3, ""base_cognitive.conflict_tendency"": 0.1151620080068645, ""base_cognitive.importance_trigger"": 114.06865122727578, ""base_cognitive.impulse_override"": 0.09478634288329284, ""base_cognitive.plan_consistency"": 0.7948219549264092, ""base_cognitive.recency_decay"": 0.992380797461628, ""base_cognitive.retention"": 5, ""base_cognitive.social_sensitivity"": 0.5158415117974494, ""base_cognitive.task_initiation_delay"": 0.08017071838042993, ""base_cognitive.vision_r"": 5, ""base_emotional.anger"": 0.03153885781674693, ""base_emotional.anxiety"": 0.1761080461434434, ""base_emotional.excitement"": 0.2471583135750675, ""base_emotional.frustration"": 0.19208304790608338, ""base_emotional.loneliness"": 0.1337407195937187, ""base_emotional.self_esteem"": 0.6412963099853803, ""base_emotional.shame"": 0.09945787745507505, ""base_emotional.trust_in_teacher"": 0.7322631777847128}"		
1778045913.549	1	40	1.220417	1.516854	0.775761	0.000000	"{""adhd_hyperactive_impulsive.cognitive.conflict_tendency"": 0.11716241927878637, ""adhd_hyperactive_impulsive.cognitive.impulse_override"": 0.3812557140832282, ""adhd_hyperactive_impulsive.cognitive.plan_consistency"": -0.5403243847124554, ""adhd_hyperactive_impulsive.emotional.anger"": 0.14738267127831137, ""adhd_hyperactive_impulsive.emotional.excitement"": 0.16246024085314678, ""adhd_inattentive.cognitive.att_bandwidth"": -2, ""adhd_inattentive.cognitive.plan_consistency"": -0.31552066651647936, ""adhd_inattentive.cognitive.retention"": -4, ""adhd_inattentive.cognitive.task_initiation_delay"": 0.3194583072235948, ""adhd_inattentive.emotional.frustration"": 0.23269373160464266, ""adhd_inattentive.emotional.self_esteem"": -0.2564045188780897, ""adhd_inattentive.emotional.shame"": 0.23413725892134202, ""base_cognitive.att_bandwidth"": 3, ""base_cognitive.conflict_tendency"": 0.04515440506364538, ""base_cognitive.importance_trigger"": 158.2696034376629, ""base_cognitive.impulse_override"": 0.035126551992961975, ""base_cognitive.plan_consistency"": 0.8704782240014874, ""base_cognitive.recency_decay"": 0.9939218379515032, ""base_cognitive.retention"": 5, ""base_cognitive.social_sensitivity"": 0.4372348324793809, ""base_cognitive.task_initiation_delay"": 0.05751835656587573, ""base_cognitive.vision_r"": 4, ""base_emotional.anger"": 0.06874889719928792, ""base_emotional.anxiety"": 0.1501353903562173, ""base_emotional.excitement"": 0.15223271447015788, ""base_emotional.frustration"": 0.1677020366861904, ""base_emotional.loneliness"": 0.07940568302508022, ""base_emotional.self_esteem"": 0.6065517601127797, ""base_emotional.shame"": 0.04818539815312897, ""base_emotional.trust_in_teacher"": 0.7271050501228774}"		
1778045914.080	1	41	1.038755	1.202919	0.792510	0.000000	"{""adhd_hyperactive_impulsive.cognitive.conflict_tendency"": 0.1633615128514237, ""adhd_hyperactive_impulsive.cognitive.impulse_override"": 0.38469649573438525, ""adhd_hyperactive_impulsive.cognitive.plan_consistency"": -0.4407276147770728, ""adhd_hyperactive_impulsive.emotional.anger"": 0.16363851540607216, ""adhd_hyperactive_impulsive.emotional.excitement"": 0.17785052581837213, ""adhd_inattentive.cognitive.att_bandwidth"": -2, ""adhd_inattentive.cognitive.plan_consistency"": -0.4001845302494334, ""adhd_inattentive.cognitive.retention"": -3, ""adhd_inattentive.cognitive.task_initiation_delay"": 0.4081333788775263, ""adhd_inattentive.emotional.frustration"": 0.23727147098655052, ""adhd_inattentive.emotional.self_esteem"": -0.2951465987458218, ""adhd_inattentive.emotional.shame"": 0.21659420785334, ""base_cognitive.att_bandwidth"": 2, ""base_cognitive.conflict_tendency"": 0.05799729543181424, ""base_cognitive.importance_trigger"": 113.91518052885141, ""base_cognitive.impulse_override"": 0.04685586636878869, ""base_cognitive.plan_consistency"": 0.8521154861282323, ""base_cognitive.recency_decay"": 0.9829441571528688, ""base_cognitive.retention"": 5, ""base_cognitive.social_sensitivity"": 0.31058029821130584, ""base_cognitive.task_initiation_delay"": 0.03927716967132715, ""base_cognitive.vision_r"": 4, ""base_emotional.anger"": 0.11265687289473478, ""base_emotional.anxiety"": 0.1414965150013495, ""base_emotional.excitement"": 0.22108996259175534, ""base_emotional.frustration"": 0.15322003834488662, ""base_emotional.loneliness"": 0.11125692721820525, ""base_emotional.self_esteem"": 0.6987983242190459, ""base_emotional.shame"": 0.10831792856547341, ""base_emotional.trust_in_teacher"": 0.6643402310255133}"		
1778045914.744	1	42	0.640706	0.529962	0.806822	0.000000	"{""adhd_hyperactive_impulsive.cognitive.conflict_tendency"": 0.18700133330038898, ""adhd_hyperactive_impulsive.cognitive.impulse_override"": 0.2926338807740982, ""adhd_hyperactive_impulsive.cognitive.plan_consistency"": -0.41205826286343816, ""adhd_hyperactive_impulsive.emotional.anger"": 0.1281525082256643, ""adhd_hyperactive_impulsive.emotional.excitement"": 0.164421862630947, ""adhd_inattentive.cognitive.att_bandwidth"": -2, ""adhd_inattentive.cognitive.plan_consistency"": -0.30663302886882976, ""adhd_inattentive.cognitive.retention"": -2, ""adhd_inattentive.cognitive.task_initiation_delay"": 0.32419828397264183, ""adhd_inattentive.emotional.frustration"": 0.19910108983849206, ""adhd_inattentive.emotional.self_esteem"": -0.24573328732577748, ""adhd_inattentive.emotional.shame"": 0.13806527330619445, ""base_cognitive.att_bandwidth"": 4, ""base_cognitive.conflict_tendency"": 0.03323451291814222, ""base_cognitive.importance_trigger"": 132.43132752568795, ""base_cognitive.impulse_override"": 0.08850585421909486, ""base_cognitive.plan_consistency"": 0.7540277487546195, ""base_cognitive.recency_decay"": 0.9814364334969989, ""base_cognitive.retention"": 6, ""base_cognitive.social_sensitivity"": 0.3954685784524, ""base_cognitive.task_initiation_delay"": 0.020306880102453864, ""base_cognitive.vision_r"": 4, ""base_emotional.anger"": 0.1475920845199118, ""base_emotional.anxiety"": 0.12726298257788532, ""base_emotional.excitement"": 0.2001914129936765, ""base_emotional.frustration"": 0.13396270308416086, ""base_emotional.loneliness"": 0.13956474381510275, ""base_emotional.self_esteem"": 0.7112168629129276, ""base_emotional.shame"": 0.0912679796774262, ""base_emotional.trust_in_teacher"": 0.7960157695603826}"		
1778045915.401	1	43	0.782737	0.809436	0.742690	0.000000	"{""adhd_hyperactive_impulsive.cognitive.conflict_tendency"": 0.23723951132599574, ""adhd_hyperactive_impulsive.cognitive.impulse_override"": 0.35867693730563616, ""adhd_hyperactive_impulsive.cognitive.plan_consistency"": -0.4932754831248443, ""adhd_hyperactive_impulsive.emotional.anger"": 0.23189596464262213, ""adhd_hyperactive_impulsive.emotional.excitement"": 0.13406980076205585, ""adhd_inattentive.cognitive.att_bandwidth"": -2, ""adhd_inattentive.cognitive.plan_consistency"": -0.28637169329348916, ""adhd_inattentive.cognitive.retention"": -3, ""adhd_inattentive.cognitive.task_initiation_delay"": 0.48009342116215864, ""adhd_inattentive.emotional.frustration"": 0.14285775861015512, ""adhd_inattentive.emotional.self_esteem"": -0.3320482377830269, ""adhd_inattentive.emotional.shame"": 0.11716530943016987, ""base_cognitive.att_bandwidth"": 4, ""base_cognitive.conflict_tendency"": 0.030758200503811426, ""base_cognitive.importance_trigger"": 142.43329598000994, ""base_cognitive.impulse_override"": 0.07320707827719439, ""base_cognitive.plan_consistency"": 0.9192689665523873, ""base_cognitive.recency_decay"": 0.9936482976483423, ""base_cognitive.retention"": 6, ""base_cognitive.social_sensitivity"": 0.34978715762378154, ""base_cognitive.task_initiation_delay"": 0.034932806862130204, ""base_cognitive.vision_r"": 4, ""base_emotional.anger"": 0.0525900567645069, ""base_emotional.anxiety"": 0.08649417674098256, ""base_emotional.excitement"": 0.2156841225131954, ""base_emotional.frustration"": 0.12128932411799646, ""base_emotional.loneliness"": 0.0414009014873088, ""base_emotional.self_esteem"": 0.7785691204362404, ""base_emotional.shame"": 0.1326705986887891, ""base_emotional.trust_in_teacher"": 0.6204668164001523}"		
1778045916.025	1	44	0.780758	0.799538	0.752589	0.000000	"{""adhd_hyperactive_impulsive.cognitive.conflict_tendency"": 0.14191168089112496, ""adhd_hyperactive_impulsive.cognitive.impulse_override"": 0.3048341329897037, ""adhd_hyperactive_impulsive.cognitive.plan_consistency"": -0.5433841026491034, ""adhd_hyperactive_impulsive.emotional.anger"": 0.12049213291870021, ""adhd_hyperactive_impulsive.emotional.excitement"": 0.23755176968835276, ""adhd_inattentive.cognitive.att_bandwidth"": -3, ""adhd_inattentive.cognitive.plan_consistency"": -0.254592539215856, ""adhd_inattentive.cognitive.retention"": -4, ""adhd_inattentive.cognitive.task_initiation_delay"": 0.3134431260142498, ""adhd_inattentive.emotional.frustration"": 0.18806733716003138, ""adhd_inattentive.emotional.self_esteem"": -0.3060597705271731, ""adhd_inattentive.emotional.shame"": 0.21254410000118817, ""base_cognitive.att_bandwidth"": 3, ""base_cognitive.conflict_tendency"": 0.07189267409502378, ""base_cognitive.importance_trigger"": 143.80805407828802, ""base_cognitive.impulse_override"": 0.09778132136591343, ""base_cognitive.plan_consistency"": 0.8464940237423263, ""base_cognitive.recency_decay"": 0.9804550728957272, ""base_cognitive.retention"": 6, ""base_cognitive.social_sensitivity"": 0.33675814303706036, ""base_cognitive.task_initiation_delay"": 0.08495400354875547, ""base_cognitive.vision_r"": 3, ""base_emotional.anger"": 0.09249657087680069, ""base_emotional.anxiety"": 0.15436342339296377, ""base_emotional.excitement"": 0.17923132747833556, ""base_emotional.frustration"": 0.0700228677425469, ""base_emotional.loneliness"": 0.12131816787864462, ""base_emotional.self_esteem"": 0.6898902497849767, ""base_emotional.shame"": 0.10975044918496661, ""base_emotional.trust_in_teacher"": 0.6192541754301758}"		
1778045916.618	1	45	0.761477	0.697081	0.858070	0.000000	"{""adhd_hyperactive_impulsive.cognitive.conflict_tendency"": 0.13318330392766833, ""adhd_hyperactive_impulsive.cognitive.impulse_override"": 0.2737193427525593, ""adhd_hyperactive_impulsive.cognitive.plan_consistency"": -0.529158465182491, ""adhd_hyperactive_impulsive.emotional.anger"": 0.13488949013390325, ""adhd_hyperactive_impulsive.emotional.excitement"": 0.21322195757264295, ""adhd_inattentive.cognitive.att_bandwidth"": -2, ""adhd_inattentive.cognitive.plan_consistency"": -0.4115363528823082, ""adhd_inattentive.cognitive.retention"": -4, ""adhd_inattentive.cognitive.task_initiation_delay"": 0.33439280518522196, ""adhd_inattentive.emotional.frustration"": 0.1353800281328827, ""adhd_inattentive.emotional.self_esteem"": -0.3243116620490045, ""adhd_inattentive.emotional.shame"": 0.12803441387600106, ""base_cognitive.att_bandwidth"": 4, ""base_cognitive.conflict_tendency"": 0.1056752339132068, ""base_cognitive.importance_trigger"": 169.57690738326477, ""base_cognitive.impulse_override"": 0.11620754828958468, ""base_cognitive.plan_consistency"": 0.7869243489292974, ""base_cognitive.recency_decay"": 0.9863713658355389, ""base_cognitive.retention"": 5, ""base_cognitive.social_sensitivity"": 0.537963095301699, ""base_cognitive.task_initiation_delay"": 0.036350919892333015, ""base_cognitive.vision_r"": 4, ""base_emotional.anger"": 0.06510977320737192, ""base_emotional.anxiety"": 0.16028624559758142, ""base_emotional.excitement"": 0.2313052205656358, ""base_emotional.frustration"": 0.1482873861609278, ""base_emotional.loneliness"": 0.12365821177758657, ""base_emotional.self_esteem"": 0.7212386439284768, ""base_emotional.shame"": 0.0791850368245969, ""base_emotional.trust_in_teacher"": 0.6706253924742028}"		
1778045917.186	1	46	0.756808	0.754971	0.759564	0.000000	"{""adhd_hyperactive_impulsive.cognitive.conflict_tendency"": 0.22651376483010185, ""adhd_hyperactive_impulsive.cognitive.impulse_override"": 0.35140560036183477, ""adhd_hyperactive_impulsive.cognitive.plan_consistency"": -0.5047251915884381, ""adhd_hyperactive_impulsive.emotional.anger"": 0.22685367628244946, ""adhd_hyperactive_impulsive.emotional.excitement"": 0.1327090861279106, ""adhd_inattentive.cognitive.att_bandwidth"": -2, ""adhd_inattentive.cognitive.plan_consistency"": -0.3911911691971117, ""adhd_inattentive.cognitive.retention"": -3, ""adhd_inattentive.cognitive.task_initiation_delay"": 0.4730895290856552, ""adhd_inattentive.emotional.frustration"": 0.20704605867105258, ""adhd_inattentive.emotional.self_esteem"": -0.2163710802914805, ""adhd_inattentive.emotional.shame"": 0.2393685054324699, ""base_cognitive.att_bandwidth"": 3, ""base_cognitive.conflict_tendency"": 0.08556406906920025, ""base_cognitive.importance_trigger"": 168.16112087137662, ""base_cognitive.impulse_override"": 0.03737991845858731, ""base_cognitive.plan_consistency"": 0.905855447463863, ""base_cognitive.recency_decay"": 0.9841358806750711, ""base_cognitive.retention"": 5, ""base_cognitive.social_sensitivity"": 0.3323873756152089, ""base_cognitive.task_initiation_delay"": 0.027490998382770183, ""base_cognitive.vision_r"": 5, ""base_emotional.anger"": 0.10185503886848601, ""base_emotional.anxiety"": 0.09540425143907647, ""base_emotional.excitement"": 0.28179135200522976, ""base_emotional.frustration"": 0.10270863721335781, ""base_emotional.loneliness"": 0.1408169163004241, ""base_emotional.self_esteem"": 0.6112153977123563, ""base_emotional.shame"": 0.13542279527164727, ""base_emotional.trust_in_teacher"": 0.6591903693981622}"		
1778045917.723	1	47	0.785661	0.802791	0.759966	0.000000	"{""adhd_hyperactive_impulsive.cognitive.conflict_tendency"": 0.1320358909289089, ""adhd_hyperactive_impulsive.cognitive.impulse_override"": 0.36878475030797914, ""adhd_hyperactive_impulsive.cognitive.plan_consistency"": -0.5120078212480014, ""adhd_hyperactive_impulsive.emotional.anger"": 0.20507880501348366, ""adhd_hyperactive_impulsive.emotional.excitement"": 0.22666987624351181, ""adhd_inattentive.cognitive.att_bandwidth"": -2, ""adhd_inattentive.cognitive.plan_consistency"": -0.3684241590089352, ""adhd_inattentive.cognitive.retention"": -3, ""adhd_inattentive.cognitive.task_initiation_delay"": 0.45617420595848857, ""adhd_inattentive.emotional.frustration"": 0.15404468161077295, ""adhd_inattentive.emotional.self_esteem"": -0.3444150613255281, ""adhd_inattentive.emotional.shame"": 0.12202567544640079, ""base_cognitive.att_bandwidth"": 3, ""base_cognitive.conflict_tendency"": 0.04797134744235032, ""base_cognitive.importance_trigger"": 129.20836879968044, ""base_cognitive.impulse_override"": 0.0821164727392886, ""base_cognitive.plan_consistency"": 0.8687994601963305, ""base_cognitive.recency_decay"": 0.9902915319371155, ""base_cognitive.retention"": 4, ""base_cognitive.social_sensitivity"": 0.558762970434765, ""base_cognitive.task_initiation_delay"": 0.07585600864961803, ""base_cognitive.vision_r"": 4, ""base_emotional.anger"": 0.09805104878637036, ""base_emotional.anxiety"": 0.17262705356608712, ""base_emotional.excitement"": 0.25046334029134265, ""base_emotional.frustration"": 0.0500353385380008, ""base_emotional.loneliness"": 0.05136029521549221, ""base_emotional.self_esteem"": 0.7056783992441213, ""base_emotional.shame"": 0.07196777246865257, ""base_emotional.trust_in_teacher"": 0.5752706142986361}"		
1778045918.296	1	48	0.795144	0.809431	0.773713	0.000000	"{""adhd_hyperactive_impulsive.cognitive.conflict_tendency"": 0.14838184243782815, ""adhd_hyperactive_impulsive.cognitive.impulse_override"": 0.3306065042516425, ""adhd_hyperactive_impulsive.cognitive.plan_consistency"": -0.45408570123214975, ""adhd_hyperactive_impulsive.emotional.anger"": 0.14333120497342314, ""adhd_hyperactive_impulsive.emotional.excitement"": 0.24102314524625512, ""adhd_inattentive.cognitive.att_bandwidth"": -2, ""adhd_inattentive.cognitive.plan_consistency"": -0.4392864289362109, ""adhd_inattentive.cognitive.retention"": -2, ""adhd_inattentive.cognitive.task_initiation_delay"": 0.41540757487005414, ""adhd_inattentive.emotional.frustration"": 0.15113397911963314, ""adhd_inattentive.emotional.self_esteem"": -0.18767329235846472, ""adhd_inattentive.emotional.shame"": 0.224469896665878, ""base_cognitive.att_bandwidth"": 2, ""base_cognitive.conflict_tendency"": 0.03873184368365035, ""base_cognitive.importance_trigger"": 100.80848712160706, ""base_cognitive.impulse_override"": 0.11008643482425642, ""base_cognitive.plan_consistency"": 0.9413805810577958, ""base_cognitive.recency_decay"": 0.9943858932778992, ""base_cognitive.retention"": 6, ""base_cognitive.social_sensitivity"": 0.42698451573011564, ""base_cognitive.task_initiation_delay"": 0.011560525713785321, ""base_cognitive.vision_r"": 5, ""base_emotional.anger"": 0.10593661258486133, ""base_emotional.anxiety"": 0.14484510888651775, ""base_emotional.excitement"": 0.2115970255055815, ""base_emotional.frustration"": 0.07814356336340281, ""base_emotional.loneliness"": 0.12767147875738483, ""base_emotional.self_esteem"": 0.6958282206155116, ""base_emotional.shame"": 0.06907954385072668, ""base_emotional.trust_in_teacher"": 0.6908474620722259}"		
1778045918.835	1	49	0.794031	0.791322	0.798095	0.000000	"{""adhd_hyperactive_impulsive.cognitive.conflict_tendency"": 0.24381908086488227, ""adhd_hyperactive_impulsive.cognitive.impulse_override"": 0.2950084631433586, ""adhd_hyperactive_impulsive.cognitive.plan_consistency"": -0.3523980308418169, ""adhd_hyperactive_impulsive.emotional.anger"": 0.2141429362593336, ""adhd_hyperactive_impulsive.emotional.excitement"": 0.20608778368700936, ""adhd_inattentive.cognitive.att_bandwidth"": -2, ""adhd_inattentive.cognitive.plan_consistency"": -0.3246842377843645, ""adhd_inattentive.cognitive.retention"": -2, ""adhd_inattentive.cognitive.task_initiation_delay"": 0.43627147418947265, ""adhd_inattentive.emotional.frustration"": 0.1325073236268789, ""adhd_inattentive.emotional.self_esteem"": -0.2301571832327366, ""adhd_inattentive.emotional.shame"": 0.20303058192849416, ""base_cognitive.att_bandwidth"": 2, ""base_cognitive.conflict_tendency"": 0.05072190218628343, ""base_cognitive.importance_trigger"": 120.94684895932438, ""base_cognitive.impulse_override"": 0.10412301965253834, ""base_cognitive.plan_consistency"": 0.8380938810481048, ""base_cognitive.recency_decay"": 0.9869729864370962, ""base_cognitive.retention"": 5, ""base_cognitive.social_sensitivity"": 0.40979264860556364, ""base_cognitive.task_initiation_delay"": 0.07720041365824944, ""base_cognitive.vision_r"": 4, ""base_emotional.anger"": 0.14209786351832776, ""base_emotional.anxiety"": 0.08974336968293839, ""base_emotional.excitement"": 0.2592501397652951, ""base_emotional.frustration"": 0.11412789768411445, ""base_emotional.loneliness"": 0.11343077795302459, ""base_emotional.self_esteem"": 0.654759503381406, ""base_emotional.shame"": 0.113579253903604, ""base_emotional.trust_in_teacher"": 0.7943165140739963}"		
1778045919.369	1	50	0.795105	0.804184	0.781487	0.000000	"{""adhd_hyperactive_impulsive.cognitive.conflict_tendency"": 0.21024010111082292, ""adhd_hyperactive_impulsive.cognitive.impulse_override"": 0.3651117839148532, ""adhd_hyperactive_impulsive.cognitive.plan_consistency"": -0.360073039344577, ""adhd_hyperactive_impulsive.emotional.anger"": 0.16882443076216014, ""adhd_hyperactive_impulsive.emotional.excitement"": 0.21455408471808235, ""adhd_inattentive.cognitive.att_bandwidth"": -2, ""adhd_inattentive.cognitive.plan_consistency"": -0.4257463475748773, ""adhd_inattentive.cognitive.retention"": -3, ""adhd_inattentive.cognitive.task_initiation_delay"": 0.42772546991808696, ""adhd_inattentive.emotional.frustration"": 0.12277750973412332, ""adhd_inattentive.emotional.self_esteem"": -0.24858743613196999, ""adhd_inattentive.emotional.shame"": 0.16355942134945795, ""base_cognitive.att_bandwidth"": 4, ""base_cognitive.conflict_tendency"": 0.04898623917826357, ""base_cognitive.importance_trigger"": 118.45049108599854, ""base_cognitive.impulse_override"": 0.05443033552623281, ""base_cognitive.plan_consistency"": 0.92709242877965, ""base_cognitive.recency_decay"": 0.9945808321497399, ""base_cognitive.retention"": 4, ""base_cognitive.social_sensitivity"": 0.4386335756584338, ""base_cognitive.task_initiation_delay"": 0.061281827774486444, ""base_cognitive.vision_r"": 4, ""base_emotional.anger"": 0.0727247860742971, ""base_emotional.anxiety"": 0.161865698710489, ""base_emotional.excitement"": 0.2412348116655787, ""base_emotional.frustration"": 0.15750739097529143, ""base_emotional.loneliness"": 0.1464030598063325, ""base_emotional.self_esteem"": 0.7424044896169275, ""base_emotional.shame"": 0.12537142772324572, ""base_emotional.trust_in_teacher"": 0.6958230301588405}"		
1778045919.958	2	1	0.707934	0.635575	0.816472	0.000000	"{""adhd_hyperactive_impulsive.cognitive.conflict_tendency"": 0.11324851513994548, ""adhd_hyperactive_impulsive.cognitive.impulse_override"": 0.2840829806826611, ""adhd_hyperactive_impulsive.cognitive.plan_consistency"": -0.4944682650633467, ""adhd_hyperactive_impulsive.emotional.anger"": 0.13951290904658398, ""adhd_hyperactive_impulsive.emotional.excitement"": 0.1377140788644017, ""adhd_inattentive.cognitive.att_bandwidth"": -1, ""adhd_inattentive.cognitive.plan_consistency"": -0.2914466284360472, ""adhd_inattentive.cognitive.retention"": -4, ""adhd_inattentive.cognitive.task_initiation_delay"": 0.4835820489842052, ""adhd_inattentive.emotional.frustration"": 0.22215343016630848, ""adhd_inattentive.emotional.self_esteem"": -0.21574059569059734, ""adhd_inattentive.emotional.shame"": 0.23622369237802376, ""base_cognitive.att_bandwidth"": 2, ""base_cognitive.conflict_tendency"": 0.0933180819341659, ""base_cognitive.importance_trigger"": 160.81963818835445, ""base_cognitive.impulse_override"": 0.09569369823749067, ""base_cognitive.plan_consistency"": 0.7542923930795187, ""base_cognitive.recency_decay"": 0.9936403638248031, ""base_cognitive.retention"": 6, ""base_cognitive.social_sensitivity"": 0.4283177648250141, ""base_cognitive.task_initiation_delay"": 0.030286968119476405, ""base_cognitive.vision_r"": 4, ""base_emotional.anger"": 0.049287249021483306, ""base_emotional.anxiety"": 0.15242943868780268, ""base_emotional.excitement"": 0.15056917115171511, ""base_emotional.frustration"": 0.0850123552810397, ""base_emotional.loneliness"": 0.044575593267075414, ""base_emotional.self_esteem"": 0.765228180902682, ""base_emotional.shame"": 0.07361263260346326, ""base_emotional.trust_in_teacher"": 0.6023803188290452}"		
1778045920.549	2	2	0.704889	0.663415	0.767099	0.000000	"{""adhd_hyperactive_impulsive.cognitive.conflict_tendency"": 0.11809387227654045, ""adhd_hyperactive_impulsive.cognitive.impulse_override"": 0.3523555546602508, ""adhd_hyperactive_impulsive.cognitive.plan_consistency"": -0.46694396918541026, ""adhd_hyperactive_impulsive.emotional.anger"": 0.21808526082834895, ""adhd_hyperactive_impulsive.emotional.excitement"": 0.12093433837396353, ""adhd_inattentive.cognitive.att_bandwidth"": -2, ""adhd_inattentive.cognitive.plan_consistency"": -0.2857169076225183, ""adhd_inattentive.cognitive.retention"": -3, ""adhd_inattentive.cognitive.task_initiation_delay"": 0.3283828451473992, ""adhd_inattentive.emotional.frustration"": 0.20337044372058216, ""adhd_inattentive.emotional.self_esteem"": -0.2093419664407724, ""adhd_inattentive.emotional.shame"": 0.11113026863134287, ""base_cognitive.att_bandwidth"": 4, ""base_cognitive.conflict_tendency"": 0.08051156870836576, ""base_cognitive.importance_trigger"": 100.39646891908689, ""base_cognitive.impulse_override"": 0.03570689271725474, ""base_cognitive.plan_consistency"": 0.7869961512859907, ""base_cognitive.recency_decay"": 0.9923644599201836, ""base_cognitive.retention"": 5, ""base_cognitive.social_sensitivity"": 0.36609640689566114, ""base_cognitive.task_initiation_delay"": 0.0053959024239124305, ""base_cognitive.vision_r"": 3, ""base_emotional.anger"": 0.12704181696819078, ""base_emotional.anxiety"": 0.17117523258022124, ""base_emotional.excitement"": 0.1630659928351325, ""base_emotional.frustration"": 0.10663576966931085, ""base_emotional.loneliness"": 0.08817299183699157, ""base_emotional.self_esteem"": 0.6974092755349939, ""base_emotional.shame"": 0.11566281582874999, ""base_emotional.trust_in_teacher"": 0.7994418933892796}"		
1778045921.136	2	3	0.799726	0.813152	0.779589	0.000000	"{""adhd_hyperactive_impulsive.cognitive.conflict_tendency"": 0.24613904919377433, ""adhd_hyperactive_impulsive.cognitive.impulse_override"": 0.3872720739701441, ""adhd_hyperactive_impulsive.cognitive.plan_consistency"": -0.5090058649028486, ""adhd_hyperactive_impulsive.emotional.anger"": 0.23493322252705606, ""adhd_hyperactive_impulsive.emotional.excitement"": 0.21759829760370863, ""adhd_inattentive.cognitive.att_bandwidth"": -1, ""adhd_inattentive.cognitive.plan_consistency"": -0.3658894694219438, ""adhd_inattentive.cognitive.retention"": -3, ""adhd_inattentive.cognitive.task_initiation_delay"": 0.32554525613679125, ""adhd_inattentive.emotional.frustration"": 0.1454841503888766, ""adhd_inattentive.emotional.self_esteem"": -0.2401182574402244, ""adhd_inattentive.emotional.shame"": 0.11652101265561784, ""base_cognitive.att_bandwidth"": 4, ""base_cognitive.conflict_tendency"": 0.07541993596052561, ""base_cognitive.importance_trigger"": 104.95314363746581, ""base_cognitive.impulse_override"": 0.07261420183105041, ""base_cognitive.plan_consistency"": 0.8614446056562516, ""base_cognitive.recency_decay"": 0.9927558596132966, ""base_cognitive.retention"": 5, ""base_cognitive.social_sensitivity"": 0.4961128848254768, ""base_cognitive.task_initiation_delay"": 0.0016405365935095201, ""base_cognitive.vision_r"": 4, ""base_emotional.anger"": 0.07838484308018515, ""base_emotional.anxiety"": 0.11530391006495361, ""base_emotional.excitement"": 0.21999925356098818, ""base_emotional.frustration"": 0.12342850863497769, ""base_emotional.loneliness"": 0.09714931316444723, ""base_emotional.self_esteem"": 0.7321785468362694, ""base_emotional.shame"": 0.1476076744923075, ""base_emotional.trust_in_teacher"": 0.6445752151172109}"		
1778045921.675	2	4	0.812167	0.810173	0.815158	0.000000	"{""adhd_hyperactive_impulsive.cognitive.conflict_tendency"": 0.1468499289400401, ""adhd_hyperactive_impulsive.cognitive.impulse_override"": 0.37395713485624554, ""adhd_hyperactive_impulsive.cognitive.plan_consistency"": -0.38369291593725496, ""adhd_hyperactive_impulsive.emotional.anger"": 0.17105099819121358, ""adhd_hyperactive_impulsive.emotional.excitement"": 0.24717445993406473, ""adhd_inattentive.cognitive.att_bandwidth"": -3, ""adhd_inattentive.cognitive.plan_consistency"": -0.4200718955355391, ""adhd_inattentive.cognitive.retention"": -3, ""adhd_inattentive.cognitive.task_initiation_delay"": 0.34858655045896786, ""adhd_inattentive.emotional.frustration"": 0.15993502527734915, ""adhd_inattentive.emotional.self_esteem"": -0.29614350772387454, ""adhd_inattentive.emotional.shame"": 0.20712007137197141, ""base_cognitive.att_bandwidth"": 2, ""base_cognitive.conflict_tendency"": 0.10587714932027736, ""base_cognitive.importance_trigger"": 126.13741950897855, ""base_cognitive.impulse_override"": 0.03018128093210625, ""base_cognitive.plan_consistency"": 0.7770772971870884, ""base_cognitive.recency_decay"": 0.9893750588962068, ""base_cognitive.retention"": 5, ""base_cognitive.social_sensitivity"": 0.5618691195398314, ""base_cognitive.task_initiation_delay"": 0.08452018960304793, ""base_cognitive.vision_r"": 4, ""base_emotional.anger"": 0.14842059024035856, ""base_emotional.anxiety"": 0.08877088192363934, ""base_emotional.excitement"": 0.18553884346471775, ""base_emotional.frustration"": 0.05489902838411538, ""base_emotional.loneliness"": 0.03405195575964432, ""base_emotional.self_esteem"": 0.6617911654786872, ""base_emotional.shame"": 0.14016524445909054, ""base_emotional.trust_in_teacher"": 0.7182355716966619}"		
1778045922.275	2	5	0.811633	0.810350	0.813557	0.000000	"{""adhd_hyperactive_impulsive.cognitive.conflict_tendency"": 0.17492549245570804, ""adhd_hyperactive_impulsive.cognitive.impulse_override"": 0.3001762408344413, ""adhd_hyperactive_impulsive.cognitive.plan_consistency"": -0.4053019180693096, ""adhd_hyperactive_impulsive.emotional.anger"": 0.24801475667155176, ""adhd_hyperactive_impulsive.emotional.excitement"": 0.19008267395907813, ""adhd_inattentive.cognitive.att_bandwidth"": -2, ""adhd_inattentive.cognitive.plan_consistency"": -0.38515282394468925, ""adhd_inattentive.cognitive.retention"": -3, ""adhd_inattentive.cognitive.task_initiation_delay"": 0.35275956877829, ""adhd_inattentive.emotional.frustration"": 0.12728367845358549, ""adhd_inattentive.emotional.self_esteem"": -0.23532606719991656, ""adhd_inattentive.emotional.shame"": 0.10729331414766961, ""base_cognitive.att_bandwidth"": 3, ""base_cognitive.conflict_tendency"": 0.10247654754580443, ""base_cognitive.importance_trigger"": 167.91821232116177, ""base_cognitive.impulse_override"": 0.04741060272136019, ""base_cognitive.plan_consistency"": 0.7629890042246144, ""base_cognitive.recency_decay"": 0.9839899412321261, ""base_cognitive.retention"": 5, ""base_cognitive.social_sensitivity"": 0.47289344716550097, ""base_cognitive.task_initiation_delay"": 0.09826701585329822, ""base_cognitive.vision_r"": 4, ""base_emotional.anger"": 0.0634615712605167, ""base_emotional.anxiety"": 0.1652055765835268, ""base_emotional.excitement"": 0.2976164723995527, ""base_emotional.frustration"": 0.1845706546624722, ""base_emotional.loneliness"": 0.06203492385753714, ""base_emotional.self_esteem"": 0.7187624801106458, ""base_emotional.shame"": 0.08181446686323454, ""base_emotional.trust_in_teacher"": 0.7441493487871985}"		
1778045922.873	2	6	0.623035	0.543265	0.742690	0.000000	"{""adhd_hyperactive_impulsive.cognitive.conflict_tendency"": 0.19668968315355054, ""adhd_hyperactive_impulsive.cognitive.impulse_override"": 0.32333790696938086, ""adhd_hyperactive_impulsive.cognitive.plan_consistency"": -0.5294239827095495, ""adhd_hyperactive_impulsive.emotional.anger"": 0.2007111950583031, ""adhd_hyperactive_impulsive.emotional.excitement"": 0.23737792247345035, ""adhd_inattentive.cognitive.att_bandwidth"": -2, ""adhd_inattentive.cognitive.plan_consistency"": -0.34151529599869984, ""adhd_inattentive.cognitive.retention"": -2, ""adhd_inattentive.cognitive.task_initiation_delay"": 0.49860492280358304, ""adhd_inattentive.emotional.frustration"": 0.23429895994321198, ""adhd_inattentive.emotional.self_esteem"": -0.2558623863634012, ""adhd_inattentive.emotional.shame"": 0.18913496153663192, ""base_cognitive.att_bandwidth"": 4, ""base_cognitive.conflict_tendency"": 0.06625418533004038, ""base_cognitive.importance_trigger"": 132.5884813224997, ""base_cognitive.impulse_override"": 0.057209960485020125, ""base_cognitive.plan_consistency"": 0.8785476689948364, ""base_cognitive.recency_decay"": 0.9915185191988278, ""base_cognitive.retention"": 5, ""base_cognitive.social_sensitivity"": 0.41478017887596086, ""base_cognitive.task_initiation_delay"": 0.01734175100909573, ""base_cognitive.vision_r"": 3, ""base_emotional.anger"": 0.04274889887714894, ""base_emotional.anxiety"": 0.08243995988102544, ""base_emotional.excitement"": 0.19281979027782042, ""base_emotional.frustration"": 0.15974456430236977, ""base_emotional.loneliness"": 0.13782351066701404, ""base_emotional.self_esteem"": 0.7621020286792664, ""base_emotional.shame"": 0.06111212508812738, ""base_emotional.trust_in_teacher"": 0.5815163311568279}"		
1778045923.400	2	7	0.639040	0.513032	0.828052	0.000000	"{""adhd_hyperactive_impulsive.cognitive.conflict_tendency"": 0.22162831212714457, ""adhd_hyperactive_impulsive.cognitive.impulse_override"": 0.3941728665541965, ""adhd_hyperactive_impulsive.cognitive.plan_consistency"": -0.47553172355655693, ""adhd_hyperactive_impulsive.emotional.anger"": 0.16101098417985582, ""adhd_hyperactive_impulsive.emotional.excitement"": 0.13961873887315154, ""adhd_inattentive.cognitive.att_bandwidth"": -1, ""adhd_inattentive.cognitive.plan_consistency"": -0.40929482010430024, ""adhd_inattentive.cognitive.retention"": -4, ""adhd_inattentive.cognitive.task_initiation_delay"": 0.43334890186742203, ""adhd_inattentive.emotional.frustration"": 0.224832515246291, ""adhd_inattentive.emotional.self_esteem"": -0.2816638141989561, ""adhd_inattentive.emotional.shame"": 0.12027031037818048, ""base_cognitive.att_bandwidth"": 3, ""base_cognitive.conflict_tendency"": 0.05052811245778158, ""base_cognitive.importance_trigger"": 150.0936899851573, ""base_cognitive.impulse_override"": 0.06918660694669519, ""base_cognitive.plan_consistency"": 0.7978832375708498, ""base_cognitive.recency_decay"": 0.9813557698269929, ""base_cognitive.retention"": 4, ""base_cognitive.social_sensitivity"": 0.4549905467236436, ""base_cognitive.task_initiation_delay"": 0.058933533038593326, ""base_cognitive.vision_r"": 4, ""base_emotional.anger"": 0.1037243334992544, ""base_emotional.anxiety"": 0.16142486717253485, ""base_emotional.excitement"": 0.26081143662569684, ""base_emotional.frustration"": 0.18087339976039835, ""base_emotional.loneliness"": 0.048745434806911264, ""base_emotional.self_esteem"": 0.7595445314211579, ""base_emotional.shame"": 0.048304622104462736, ""base_emotional.trust_in_teacher"": 0.6371888841534186}"		
1778045923.930	2	8	0.647521	0.545548	0.800480	0.000000	"{""adhd_hyperactive_impulsive.cognitive.conflict_tendency"": 0.2163640646385028, ""adhd_hyperactive_impulsive.cognitive.impulse_override"": 0.3280018964828981, ""adhd_hyperactive_impulsive.cognitive.plan_consistency"": -0.4646521537147327, ""adhd_hyperactive_impulsive.emotional.anger"": 0.13068897538324806, ""adhd_hyperactive_impulsive.emotional.excitement"": 0.1984179193755768, ""adhd_inattentive.cognitive.att_bandwidth"": -2, ""adhd_inattentive.cognitive.plan_consistency"": -0.3671381234798662, ""adhd_inattentive.cognitive.retention"": -3, ""adhd_inattentive.cognitive.task_initiation_delay"": 0.4701500025945844, ""adhd_inattentive.emotional.frustration"": 0.24215835014305243, ""adhd_inattentive.emotional.self_esteem"": -0.22122619676974803, ""adhd_inattentive.emotional.shame"": 0.1729037513865344, ""base_cognitive.att_bandwidth"": 4, ""base_cognitive.conflict_tendency"": 0.03701008238951791, ""base_cognitive.importance_trigger"": 142.49574774464733, ""base_cognitive.impulse_override"": 0.10272093922419501, ""base_cognitive.plan_consistency"": 0.808992117590905, ""base_cognitive.recency_decay"": 0.9844413752968969, ""base_cognitive.retention"": 4, ""base_cognitive.social_sensitivity"": 0.4214211776870092, ""base_cognitive.task_initiation_delay"": 0.07562487934066929, ""base_cognitive.vision_r"": 4, ""base_emotional.anger"": 0.05825896039873915, ""base_emotional.anxiety"": 0.1487335166286525, ""base_emotional.excitement"": 0.2319875462980352, ""base_emotional.frustration"": 0.09836561975424435, ""base_emotional.loneliness"": 0.13284762636445469, ""base_emotional.self_esteem"": 0.7233217934025994, ""base_emotional.shame"": 0.06463861044522695, ""base_emotional.trust_in_teacher"": 0.6912323034789905}"		
1778045924.539	2	9	0.626916	0.513816	0.796566	0.000000	"{""adhd_hyperactive_impulsive.cognitive.conflict_tendency"": 0.210968850446422, ""adhd_hyperactive_impulsive.cognitive.impulse_override"": 0.25040546863415425, ""adhd_hyperactive_impulsive.cognitive.plan_consistency"": -0.5477536654134972, ""adhd_hyperactive_impulsive.emotional.anger"": 0.12662667989502563, ""adhd_hyperactive_impulsive.emotional.excitement"": 0.23488956083653104, ""adhd_inattentive.cognitive.att_bandwidth"": -2, ""adhd_inattentive.cognitive.plan_consistency"": -0.4052294847783279, ""adhd_inattentive.cognitive.retention"": -2, ""adhd_inattentive.cognitive.task_initiation_delay"": 0.3471027809897998, ""adhd_inattentive.emotional.frustration"": 0.14718789328504095, ""adhd_inattentive.emotional.self_esteem"": -0.3453388458769781, ""adhd_inattentive.emotional.shame"": 0.20060987695324767, ""base_cognitive.att_bandwidth"": 4, ""base_cognitive.conflict_tendency"": 0.11090406182268059, ""base_cognitive.importance_trigger"": 156.5028829050753, ""base_cognitive.impulse_override"": 0.06969824199417649, ""base_cognitive.plan_consistency"": 0.8633272386108239, ""base_cognitive.recency_decay"": 0.9804620884617077, ""base_cognitive.retention"": 5, ""base_cognitive.social_sensitivity"": 0.317829724026866, ""base_cognitive.task_initiation_delay"": 0.06841218396414044, ""base_cognitive.vision_r"": 5, ""base_emotional.anger"": 0.1339258060384898, ""base_emotional.anxiety"": 0.07865799121950795, ""base_emotional.excitement"": 0.20568768837125634, ""base_emotional.frustration"": 0.19420608622222296, ""base_emotional.loneliness"": 0.14065626518233543, ""base_emotional.self_esteem"": 0.601592896784993, ""base_emotional.shame"": 0.13182731493783248, ""base_emotional.trust_in_teacher"": 0.6267157761210057}"		
1778045925.137	2	10	0.624524	0.510141	0.796098	0.000000	"{""adhd_hyperactive_impulsive.cognitive.conflict_tendency"": 0.12663298688459584, ""adhd_hyperactive_impulsive.cognitive.impulse_override"": 0.38342644844758933, ""adhd_hyperactive_impulsive.cognitive.plan_consistency"": -0.42178899398808534, ""adhd_hyperactive_impulsive.emotional.anger"": 0.1436767862354238, ""adhd_hyperactive_impulsive.emotional.excitement"": 0.2065037363897489, ""adhd_inattentive.cognitive.att_bandwidth"": -3, ""adhd_inattentive.cognitive.plan_consistency"": -0.3760259592527637, ""adhd_inattentive.cognitive.retention"": -2, ""adhd_inattentive.cognitive.task_initiation_delay"": 0.39489931350852636, ""adhd_inattentive.emotional.frustration"": 0.1814083240299939, ""adhd_inattentive.emotional.self_esteem"": -0.3016266178595279, ""adhd_inattentive.emotional.shame"": 0.2175622189492508, ""base_cognitive.att_bandwidth"": 4, ""base_cognitive.conflict_tendency"": 0.09855052451863905, ""base_cognitive.importance_trigger"": 122.64696421824183, ""base_cognitive.impulse_override"": 0.07912792632456359, ""base_cognitive.plan_consistency"": 0.8345970460429849, ""base_cognitive.recency_decay"": 0.9823131939572602, ""base_cognitive.retention"": 5, ""base_cognitive.social_sensitivity"": 0.41205612745105064, ""base_cognitive.task_initiation_delay"": 0.04054414035929879, ""base_cognitive.vision_r"": 4, ""base_emotional.anger"": 0.092846268814171, ""base_emotional.anxiety"": 0.06054068245588136, ""base_emotional.excitement"": 0.22742920155844787, ""base_emotional.frustration"": 0.17503241286838422, ""base_emotional.loneliness"": 0.11814872456972277, ""base_emotional.self_esteem"": 0.6734523955041022, ""base_emotional.shame"": 0.10800488984944089, ""base_emotional.trust_in_teacher"": 0.6806872394445829}"		
1778045925.668	2	11	0.770165	0.770207	0.770102	0.000000	"{""adhd_hyperactive_impulsive.cognitive.conflict_tendency"": 0.21179818633172348, ""adhd_hyperactive_impulsive.cognitive.impulse_override"": 0.3087419911379776, ""adhd_hyperactive_impulsive.cognitive.plan_consistency"": -0.5226101951035977, ""adhd_hyperactive_impulsive.emotional.anger"": 0.22676635444951587, ""adhd_hyperactive_impulsive.emotional.excitement"": 0.1160389728257451, ""adhd_inattentive.cognitive.att_bandwidth"": -3, ""adhd_inattentive.cognitive.plan_consistency"": -0.2530207137511056, ""adhd_inattentive.cognitive.retention"": -3, ""adhd_inattentive.cognitive.task_initiation_delay"": 0.42792854890396814, ""adhd_inattentive.emotional.frustration"": 0.23447875967415688, ""adhd_inattentive.emotional.self_esteem"": -0.3370718731017332, ""adhd_inattentive.emotional.shame"": 0.13084119714612602, ""base_cognitive.att_bandwidth"": 2, ""base_cognitive.conflict_tendency"": 0.07888395159318502, ""base_cognitive.importance_trigger"": 107.74736768232526, ""base_cognitive.impulse_override"": 0.05440698363650012, ""base_cognitive.plan_consistency"": 0.8017229732842813, ""base_cognitive.recency_decay"": 0.9859928510908192, ""base_cognitive.retention"": 5, ""base_cognitive.social_sensitivity"": 0.38734444139946456, ""base_cognitive.task_initiation_delay"": 0.04884369237990643, ""base_cognitive.vision_r"": 3, ""base_emotional.anger"": 0.06553611441846688, ""base_emotional.anxiety"": 0.0674026415010813, ""base_emotional.excitement"": 0.29187482416295163, ""base_emotional.frustration"": 0.050410589279881804, ""base_emotional.loneliness"": 0.08292532622793355, ""base_emotional.self_esteem"": 0.6898620784347137, ""base_emotional.shame"": 0.09116329439155985, ""base_emotional.trust_in_teacher"": 0.5877714453246345}"		
1778045926.291	2	12	0.615345	0.517639	0.761905	0.000000	"{""adhd_hyperactive_impulsive.cognitive.conflict_tendency"": 0.14208896212604347, ""adhd_hyperactive_impulsive.cognitive.impulse_override"": 0.27078300424207563, ""adhd_hyperactive_impulsive.cognitive.plan_consistency"": -0.531509919219335, ""adhd_hyperactive_impulsive.emotional.anger"": 0.21946272163037422, ""adhd_hyperactive_impulsive.emotional.excitement"": 0.12862745984004295, ""adhd_inattentive.cognitive.att_bandwidth"": -3, ""adhd_inattentive.cognitive.plan_consistency"": -0.3875086898155231, ""adhd_inattentive.cognitive.retention"": -4, ""adhd_inattentive.cognitive.task_initiation_delay"": 0.3677727692099986, ""adhd_inattentive.emotional.frustration"": 0.20688788642544043, ""adhd_inattentive.emotional.self_esteem"": -0.2708762802824654, ""adhd_inattentive.emotional.shame"": 0.1956235317760407, ""base_cognitive.att_bandwidth"": 3, ""base_cognitive.conflict_tendency"": 0.0596023546892909, ""base_cognitive.importance_trigger"": 130.30178807637432, ""base_cognitive.impulse_override"": 0.044515519627139885, ""base_cognitive.plan_consistency"": 0.946061232588429, ""base_cognitive.recency_decay"": 0.9809970084595117, ""base_cognitive.retention"": 6, ""base_cognitive.social_sensitivity"": 0.465307107929264, ""base_cognitive.task_initiation_delay"": 0.06540916800257679, ""base_cognitive.vision_r"": 3, ""base_emotional.anger"": 0.1368390534106535, ""base_emotional.anxiety"": 0.054871269126000904, ""base_emotional.excitement"": 0.20838874788266332, ""base_emotional.frustration"": 0.1527074000515285, ""base_emotional.loneliness"": 0.03681476674614287, ""base_emotional.self_esteem"": 0.6361546513136939, ""base_emotional.shame"": 0.08002168282421505, ""base_emotional.trust_in_teacher"": 0.5964494071604227}"		
1778045926.824	2	13	0.803246	0.805232	0.800266	0.000000	"{""adhd_hyperactive_impulsive.cognitive.conflict_tendency"": 0.11657299407100578, ""adhd_hyperactive_impulsive.cognitive.impulse_override"": 0.3894834235067649, ""adhd_hyperactive_impulsive.cognitive.plan_consistency"": -0.3542807904994416, ""adhd_hyperactive_impulsive.emotional.anger"": 0.2215998501646339, ""adhd_hyperactive_impulsive.emotional.excitement"": 0.1434435570951293, ""adhd_inattentive.cognitive.att_bandwidth"": -1, ""adhd_inattentive.cognitive.plan_consistency"": -0.28819841753641423, ""adhd_inattentive.cognitive.retention"": -3, ""adhd_inattentive.cognitive.task_initiation_delay"": 0.3733973499747943, ""adhd_inattentive.emotional.frustration"": 0.19516177947742025, ""adhd_inattentive.emotional.self_esteem"": -0.32247650908521286, ""adhd_inattentive.emotional.shame"": 0.11480769507309466, ""base_cognitive.att_bandwidth"": 3, ""base_cognitive.conflict_tendency"": 0.03180181778915166, ""base_cognitive.importance_trigger"": 153.6853320134396, ""base_cognitive.impulse_override"": 0.08297135134373566, ""base_cognitive.plan_consistency"": 0.7687165938258544, ""base_cognitive.recency_decay"": 0.9879795999073266, ""base_cognitive.retention"": 4, ""base_cognitive.social_sensitivity"": 0.3213707981795857, ""base_cognitive.task_initiation_delay"": 0.022006944557665227, ""base_cognitive.vision_r"": 4, ""base_emotional.anger"": 0.08354410037105442, ""base_emotional.anxiety"": 0.17565179366939487, ""base_emotional.excitement"": 0.29632025769658055, ""base_emotional.frustration"": 0.059823488193167934, ""base_emotional.loneliness"": 0.12662553777623167, ""base_emotional.self_esteem"": 0.7978833849352728, ""base_emotional.shame"": 0.03427254138557709, ""base_emotional.trust_in_teacher"": 0.6507166676906875}"		
1778045927.395	2	14	0.777553	0.795439	0.750723	0.000000	"{""adhd_hyperactive_impulsive.cognitive.conflict_tendency"": 0.16351877288600308, ""adhd_hyperactive_impulsive.cognitive.impulse_override"": 0.26194648822118805, ""adhd_hyperactive_impulsive.cognitive.plan_consistency"": -0.3762726380287881, ""adhd_hyperactive_impulsive.emotional.anger"": 0.18002236360043933, ""adhd_hyperactive_impulsive.emotional.excitement"": 0.15872970323011, ""adhd_inattentive.cognitive.att_bandwidth"": -2, ""adhd_inattentive.cognitive.plan_consistency"": -0.34336635192582676, ""adhd_inattentive.cognitive.retention"": -3, ""adhd_inattentive.cognitive.task_initiation_delay"": 0.43953074710898676, ""adhd_inattentive.emotional.frustration"": 0.18846455503061765, ""adhd_inattentive.emotional.self_esteem"": -0.3422851427864368, ""adhd_inattentive.emotional.shame"": 0.10488441668810672, ""base_cognitive.att_bandwidth"": 3, ""base_cognitive.conflict_tendency"": 0.11307485496841793, ""base_cognitive.importance_trigger"": 146.92349004979164, ""base_cognitive.impulse_override"": 0.10833528111317209, ""base_cognitive.plan_consistency"": 0.9307033407274443, ""base_cognitive.recency_decay"": 0.9890696845535838, ""base_cognitive.retention"": 5, ""base_cognitive.social_sensitivity"": 0.509907154355773, ""base_cognitive.task_initiation_delay"": 0.05011859109396424, ""base_cognitive.vision_r"": 4, ""base_emotional.anger"": 0.10636845066788908, ""base_emotional.anxiety"": 0.07447516252502254, ""base_emotional.excitement"": 0.23900970984912695, ""base_emotional.frustration"": 0.1070631265504058, ""base_emotional.loneliness"": 0.08730870241871608, ""base_emotional.self_esteem"": 0.6815287724429436, ""base_emotional.shame"": 0.11711961660632281, ""base_emotional.trust_in_teacher"": 0.7669853323628922}"		
1778045928.025	2	15	0.682463	0.613098	0.786512	0.000000	"{""adhd_hyperactive_impulsive.cognitive.conflict_tendency"": 0.12723309421417953, ""adhd_hyperactive_impulsive.cognitive.impulse_override"": 0.28930286286343887, ""adhd_hyperactive_impulsive.cognitive.plan_consistency"": -0.4240279835352929, ""adhd_hyperactive_impulsive.emotional.anger"": 0.1963640996526388, ""adhd_hyperactive_impulsive.emotional.excitement"": 0.1538651638495607, ""adhd_inattentive.cognitive.att_bandwidth"": -2, ""adhd_inattentive.cognitive.plan_consistency"": -0.3543169270615411, ""adhd_inattentive.cognitive.retention"": -3, ""adhd_inattentive.cognitive.task_initiation_delay"": 0.46133627904054825, ""adhd_inattentive.emotional.frustration"": 0.19031906645851931, ""adhd_inattentive.emotional.self_esteem"": -0.22806541736162278, ""adhd_inattentive.emotional.shame"": 0.15838185195186785, ""base_cognitive.att_bandwidth"": 3, ""base_cognitive.conflict_tendency"": 0.08571563832535493, ""base_cognitive.importance_trigger"": 137.50281888373166, ""base_cognitive.impulse_override"": 0.055425018782676624, ""base_cognitive.plan_consistency"": 0.8273736685653048, ""base_cognitive.recency_decay"": 0.9860965050795182, ""base_cognitive.retention"": 6, ""base_cognitive.social_sensitivity"": 0.32916904790619683, ""base_cognitive.task_initiation_delay"": 0.05384254464533984, ""base_cognitive.vision_r"": 5, ""base_emotional.anger"": 0.13961033648345078, ""base_emotional.anxiety"": 0.10902548076984406, ""base_emotional.excitement"": 0.25739855148825613, ""base_emotional.frustration"": 0.14428293469614797, ""base_emotional.loneliness"": 0.05383714058542132, ""base_emotional.self_esteem"": 0.6643069517656435, ""base_emotional.shame"": 0.09385804585512876, ""base_emotional.trust_in_teacher"": 0.6218720515013272}"		
1778045928.560	2	16	0.800060	0.799185	0.801371	0.000000	"{""adhd_hyperactive_impulsive.cognitive.conflict_tendency"": 0.23119026457057498, ""adhd_hyperactive_impulsive.cognitive.impulse_override"": 0.3010244805243209, ""adhd_hyperactive_impulsive.cognitive.plan_consistency"": -0.44928248553828765, ""adhd_hyperactive_impulsive.emotional.anger"": 0.23370629668728934, ""adhd_hyperactive_impulsive.emotional.excitement"": 0.147208240256415, ""adhd_inattentive.cognitive.att_bandwidth"": -3, ""adhd_inattentive.cognitive.plan_consistency"": -0.4396604841176001, ""adhd_inattentive.cognitive.retention"": -4, ""adhd_inattentive.cognitive.task_initiation_delay"": 0.4477869120268699, ""adhd_inattentive.emotional.frustration"": 0.16418636693518962, ""adhd_inattentive.emotional.self_esteem"": -0.23328470665632728, ""adhd_inattentive.emotional.shame"": 0.1468854202384891, ""base_cognitive.att_bandwidth"": 3, ""base_cognitive.conflict_tendency"": 0.07119924866923458, ""base_cognitive.importance_trigger"": 106.64855717353144, ""base_cognitive.impulse_override"": 0.11749271959850938, ""base_cognitive.plan_consistency"": 0.8896089482253661, ""base_cognitive.recency_decay"": 0.9818634561392009, ""base_cognitive.retention"": 4, ""base_cognitive.social_sensitivity"": 0.48392011737109, ""base_cognitive.task_initiation_delay"": 0.05546679094896854, ""base_cognitive.vision_r"": 3, ""base_emotional.anger"": 0.11401924167454744, ""base_emotional.anxiety"": 0.11233685605931815, ""base_emotional.excitement"": 0.173426396949516, ""base_emotional.frustration"": 0.09081100297858218, ""base_emotional.loneliness"": 0.041035836029617245, ""base_emotional.self_esteem"": 0.6469042831928032, ""base_emotional.shame"": 0.08730429440288659, ""base_emotional.trust_in_teacher"": 0.6681171736530289}"		
1778045929.108	2	17	0.783683	0.811011	0.742690	0.000000	"{""adhd_hyperactive_impulsive.cognitive.conflict_tendency"": 0.24047654755968662, ""adhd_hyperactive_impulsive.cognitive.impulse_override"": 0.35755167140252164, ""adhd_hyperactive_impulsive.cognitive.plan_consistency"": -0.4610999007566618, ""adhd_hyperactive_impulsive.emotional.anger"": 0.2002897550386089, ""adhd_hyperactive_impulsive.emotional.excitement"": 0.2208137841398607, ""adhd_inattentive.cognitive.att_bandwidth"": -3, ""adhd_inattentive.cognitive.plan_consistency"": -0.31366054271527244, ""adhd_inattentive.cognitive.retention"": -2, ""adhd_inattentive.cognitive.task_initiation_delay"": 0.45830200411068, ""adhd_inattentive.emotional.frustration"": 0.12340140589519694, ""adhd_inattentive.emotional.self_esteem"": -0.24394568885724205, ""adhd_inattentive.emotional.shame"": 0.1413186677571088, ""base_cognitive.att_bandwidth"": 2, ""base_cognitive.conflict_tendency"": 0.054121970510299294, ""base_cognitive.importance_trigger"": 145.16987911399636, ""base_cognitive.impulse_override"": 0.07700103677719278, ""base_cognitive.plan_consistency"": 0.917838085997637, ""base_cognitive.recency_decay"": 0.9853793994046528, ""base_cognitive.retention"": 5, ""base_cognitive.social_sensitivity"": 0.531439561174161, ""base_cognitive.task_initiation_delay"": 0.087020939756748, ""base_cognitive.vision_r"": 4, ""base_emotional.anger"": 0.03225616699996199, ""base_emotional.anxiety"": 0.05669675266638527, ""base_emotional.excitement"": 0.1696483326624809, ""base_emotional.frustration"": 0.16847888684316925, ""base_emotional.loneliness"": 0.09282618275706275, ""base_emotional.self_esteem"": 0.7929055433007015, ""base_emotional.shame"": 0.10172584503411944, ""base_emotional.trust_in_teacher"": 0.6080813356157674}"		
1778045929.757	2	18	0.793195	0.799027	0.784449	0.000000	"{""adhd_hyperactive_impulsive.cognitive.conflict_tendency"": 0.13999361827515247, ""adhd_hyperactive_impulsive.cognitive.impulse_override"": 0.3113031349513851, ""adhd_hyperactive_impulsive.cognitive.plan_consistency"": -0.38679346288671484, ""adhd_hyperactive_impulsive.emotional.anger"": 0.12213112896922564, ""adhd_hyperactive_impulsive.emotional.excitement"": 0.24359925867977184, ""adhd_inattentive.cognitive.att_bandwidth"": -3, ""adhd_inattentive.cognitive.plan_consistency"": -0.3468643613390333, ""adhd_inattentive.cognitive.retention"": -2, ""adhd_inattentive.cognitive.task_initiation_delay"": 0.37093005627762676, ""adhd_inattentive.emotional.frustration"": 0.14329298716160244, ""adhd_inattentive.emotional.self_esteem"": -0.3261300989805209, ""adhd_inattentive.emotional.shame"": 0.1676229728289753, ""base_cognitive.att_bandwidth"": 4, ""base_cognitive.conflict_tendency"": 0.08725874740084213, ""base_cognitive.importance_trigger"": 152.4151615666331, ""base_cognitive.impulse_override"": 0.11260021012110578, ""base_cognitive.plan_consistency"": 0.8327685085808978, ""base_cognitive.recency_decay"": 0.9918369027176193, ""base_cognitive.retention"": 6, ""base_cognitive.social_sensitivity"": 0.44000357857515904, ""base_cognitive.task_initiation_delay"": 0.03837237521135614, ""base_cognitive.vision_r"": 5, ""base_emotional.anger"": 0.09706890062907175, ""base_emotional.anxiety"": 0.13772658998879578, ""base_emotional.excitement"": 0.26103545878641526, ""base_emotional.frustration"": 0.07863986613901704, ""base_emotional.loneliness"": 0.10230020268733526, ""base_emotional.self_esteem"": 0.6341095029955622, ""base_emotional.shame"": 0.08387462379324848, ""base_emotional.trust_in_teacher"": 0.787261245207021}"		
1778045930.337	2	19	0.634631	0.559706	0.747018	0.000000	"{""adhd_hyperactive_impulsive.cognitive.conflict_tendency"": 0.13127812932812935, ""adhd_hyperactive_impulsive.cognitive.impulse_override"": 0.2792707746974452, ""adhd_hyperactive_impulsive.cognitive.plan_consistency"": -0.4419429072259811, ""adhd_hyperactive_impulsive.emotional.anger"": 0.20642000462685017, ""adhd_hyperactive_impulsive.emotional.excitement"": 0.16501021339001265, ""adhd_inattentive.cognitive.att_bandwidth"": -1, ""adhd_inattentive.cognitive.plan_consistency"": -0.3537621173385668, ""adhd_inattentive.cognitive.retention"": -2, ""adhd_inattentive.cognitive.task_initiation_delay"": 0.3393938941601667, ""adhd_inattentive.emotional.frustration"": 0.24731529611468756, ""adhd_inattentive.emotional.self_esteem"": -0.1844630324887161, ""adhd_inattentive.emotional.shame"": 0.21424502537554693, ""base_cognitive.att_bandwidth"": 3, ""base_cognitive.conflict_tendency"": 0.0409543428039901, ""base_cognitive.importance_trigger"": 116.09916647628138, ""base_cognitive.impulse_override"": 0.04058550390209358, ""base_cognitive.plan_consistency"": 0.8502209415156075, ""base_cognitive.recency_decay"": 0.9912685654707281, ""base_cognitive.retention"": 5, ""base_cognitive.social_sensitivity"": 0.4071695777598887, ""base_cognitive.task_initiation_delay"": 0.04241060798994553, ""base_cognitive.vision_r"": 4, ""base_emotional.anger"": 0.06679098545385927, ""base_emotional.anxiety"": 0.07134074701952808, ""base_emotional.excitement"": 0.2365565879227443, ""base_emotional.frustration"": 0.07672172298124652, ""base_emotional.loneliness"": 0.07188929528402604, ""base_emotional.self_esteem"": 0.726812980198098, ""base_emotional.shame"": 0.053002292193651206, ""base_emotional.trust_in_teacher"": 0.6471096836296112}"		
1778045930.946	2	20	0.800198	0.807340	0.789484	0.000000	"{""adhd_hyperactive_impulsive.cognitive.conflict_tendency"": 0.19314847017073544, ""adhd_hyperactive_impulsive.cognitive.impulse_override"": 0.29443823606851693, ""adhd_hyperactive_impulsive.cognitive.plan_consistency"": -0.37254221503853346, ""adhd_hyperactive_impulsive.emotional.anger"": 0.13645768730292843, ""adhd_hyperactive_impulsive.emotional.excitement"": 0.1753360445153315, ""adhd_inattentive.cognitive.att_bandwidth"": -2, ""adhd_inattentive.cognitive.plan_consistency"": -0.3584826219502077, ""adhd_inattentive.cognitive.retention"": -4, ""adhd_inattentive.cognitive.task_initiation_delay"": 0.48838191915293033, ""adhd_inattentive.emotional.frustration"": 0.1204247433671432, ""adhd_inattentive.emotional.self_esteem"": -0.22503641662487472, ""adhd_inattentive.emotional.shame"": 0.1482047442607518, ""base_cognitive.att_bandwidth"": 3, ""base_cognitive.conflict_tendency"": 0.09596193363899937, ""base_cognitive.importance_trigger"": 141.2777110576573, ""base_cognitive.impulse_override"": 0.06779293729643102, ""base_cognitive.plan_consistency"": 0.8415605814921137, ""base_cognitive.recency_decay"": 0.9848496339368672, ""base_cognitive.retention"": 6, ""base_cognitive.social_sensitivity"": 0.5748011927332703, ""base_cognitive.task_initiation_delay"": 0.046232809832438604, ""base_cognitive.vision_r"": 4, ""base_emotional.anger"": 0.12059807756668968, ""base_emotional.anxiety"": 0.12456787444997545, ""base_emotional.excitement"": 0.29002412154750984, ""base_emotional.frustration"": 0.17875033117714306, ""base_emotional.loneliness"": 0.05899801453148968, ""base_emotional.self_esteem"": 0.6070085422959767, ""base_emotional.shame"": 0.06169848365881443, ""base_emotional.trust_in_teacher"": 0.7326629164511775}"		
1778045931.563	2	21	0.791664	0.807927	0.767270	0.000000	"{""adhd_hyperactive_impulsive.cognitive.conflict_tendency"": 0.22470360024921576, ""adhd_hyperactive_impulsive.cognitive.impulse_override"": 0.33790994688422216, ""adhd_hyperactive_impulsive.cognitive.plan_consistency"": -0.4002780397759843, ""adhd_hyperactive_impulsive.emotional.anger"": 0.15756151173668248, ""adhd_hyperactive_impulsive.emotional.excitement"": 0.17376179396706487, ""adhd_inattentive.cognitive.att_bandwidth"": -1, ""adhd_inattentive.cognitive.plan_consistency"": -0.41352279999301766, ""adhd_inattentive.cognitive.retention"": -2, ""adhd_inattentive.cognitive.task_initiation_delay"": 0.4950594159667326, ""adhd_inattentive.emotional.frustration"": 0.15875486263288205, ""adhd_inattentive.emotional.self_esteem"": -0.3084322115644265, ""adhd_inattentive.emotional.shame"": 0.2254026077504996, ""base_cognitive.att_bandwidth"": 4, ""base_cognitive.conflict_tendency"": 0.042741700961530925, ""base_cognitive.importance_trigger"": 158.48262324043705, ""base_cognitive.impulse_override"": 0.11068799801019408, ""base_cognitive.plan_consistency"": 0.8905003024799722, ""base_cognitive.recency_decay"": 0.9829814589940548, ""base_cognitive.retention"": 5, ""base_cognitive.social_sensitivity"": 0.38117578396250673, ""base_cognitive.task_initiation_delay"": 0.01420795991508456, ""base_cognitive.vision_r"": 3, ""base_emotional.anger"": 0.10168468960403929, ""base_emotional.anxiety"": 0.09200139193106015, ""base_emotional.excitement"": 0.26924927708906987, ""base_emotional.frustration"": 0.07371119754669651, ""base_emotional.loneliness"": 0.037577714827623045, ""base_emotional.self_esteem"": 0.6094850060806571, ""base_emotional.shame"": 0.05872903780693217, ""base_emotional.trust_in_teacher"": 0.7717562057874878}"		
1778045932.084	2	22	0.772705	0.792715	0.742690	0.000000	"{""adhd_hyperactive_impulsive.cognitive.conflict_tendency"": 0.2421660215442043, ""adhd_hyperactive_impulsive.cognitive.impulse_override"": 0.3513745206297055, ""adhd_hyperactive_impulsive.cognitive.plan_consistency"": -0.5014364110430048, ""adhd_hyperactive_impulsive.emotional.anger"": 0.14774555128491682, ""adhd_hyperactive_impulsive.emotional.excitement"": 0.23912306923453555, ""adhd_inattentive.cognitive.att_bandwidth"": -2, ""adhd_inattentive.cognitive.plan_consistency"": -0.3341157759989233, ""adhd_inattentive.cognitive.retention"": -3, ""adhd_inattentive.cognitive.task_initiation_delay"": 0.37816453760417434, ""adhd_inattentive.emotional.frustration"": 0.13753730000549547, ""adhd_inattentive.emotional.self_esteem"": -0.31457971425566655, ""adhd_inattentive.emotional.shame"": 0.15148019914138297, ""base_cognitive.att_bandwidth"": 4, ""base_cognitive.conflict_tendency"": 0.09778085529142648, ""base_cognitive.importance_trigger"": 169.14354443752555, ""base_cognitive.impulse_override"": 0.11506303581576292, ""base_cognitive.plan_consistency"": 0.9420697839581311, ""base_cognitive.recency_decay"": 0.9946950422962294, ""base_cognitive.retention"": 4, ""base_cognitive.social_sensitivity"": 0.44818370593769624, ""base_cognitive.task_initiation_delay"": 0.08299924967202262, ""base_cognitive.vision_r"": 3, ""base_emotional.anger"": 0.08776188447949237, ""base_emotional.anxiety"": 0.12642218947325118, ""base_emotional.excitement"": 0.2785215966760851, ""base_emotional.frustration"": 0.14063915877455682, ""base_emotional.loneliness"": 0.09886919641418478, ""base_emotional.self_esteem"": 0.7052552155671558, ""base_emotional.shame"": 0.1020001584564858, ""base_emotional.trust_in_teacher"": 0.5797464775222971}"		
1778045932.665	2	23	0.706387	0.676906	0.750609	0.000000	"{""adhd_hyperactive_impulsive.cognitive.conflict_tendency"": 0.1040297797691908, ""adhd_hyperactive_impulsive.cognitive.impulse_override"": 0.368587440229455, ""adhd_hyperactive_impulsive.cognitive.plan_consistency"": -0.48695542755429605, ""adhd_hyperactive_impulsive.emotional.anger"": 0.15572519899740497, ""adhd_hyperactive_impulsive.emotional.excitement"": 0.16777430464080156, ""adhd_inattentive.cognitive.att_bandwidth"": -1, ""adhd_inattentive.cognitive.plan_consistency"": -0.2668806810205591, ""adhd_inattentive.cognitive.retention"": -3, ""adhd_inattentive.cognitive.task_initiation_delay"": 0.38830441730672755, ""adhd_inattentive.emotional.frustration"": 0.22060572580690063, ""adhd_inattentive.emotional.self_esteem"": -0.26219073939110915, ""adhd_inattentive.emotional.shame"": 0.176115995317708, ""base_cognitive.att_bandwidth"": 3, ""base_cognitive.conflict_tendency"": 0.03892785114104841, ""base_cognitive.importance_trigger"": 109.91461782274732, ""base_cognitive.impulse_override"": 0.11893674457390618, ""base_cognitive.plan_consistency"": 0.8152539914204234, ""base_cognitive.recency_decay"": 0.9907635196133334, ""base_cognitive.retention"": 5, ""base_cognitive.social_sensitivity"": 0.5992705354486889, ""base_cognitive.task_initiation_delay"": 0.09527797345114558, ""base_cognitive.vision_r"": 4, ""base_emotional.anger"": 0.1320062221614645, ""base_emotional.anxiety"": 0.089060397644319, ""base_emotional.excitement"": 0.19033684779315926, ""base_emotional.frustration"": 0.12045596251385551, ""base_emotional.loneliness"": 0.051273808695225374, ""base_emotional.self_esteem"": 0.7405524801164577, ""base_emotional.shame"": 0.14617179548902218, ""base_emotional.trust_in_teacher"": 0.6865223559849218}"		
1778045933.295	2	24	0.800431	0.801368	0.799025	0.000000	"{""adhd_hyperactive_impulsive.cognitive.conflict_tendency"": 0.15323987455336663, ""adhd_hyperactive_impulsive.cognitive.impulse_override"": 0.36561283575191733, ""adhd_hyperactive_impulsive.cognitive.plan_consistency"": -0.5175079605220382, ""adhd_hyperactive_impulsive.emotional.anger"": 0.12843473743659095, ""adhd_hyperactive_impulsive.emotional.excitement"": 0.2450590838763917, ""adhd_inattentive.cognitive.att_bandwidth"": -2, ""adhd_inattentive.cognitive.plan_consistency"": -0.3316749613638195, ""adhd_inattentive.cognitive.retention"": -4, ""adhd_inattentive.cognitive.task_initiation_delay"": 0.3615753517826485, ""adhd_inattentive.emotional.frustration"": 0.1846026454832711, ""adhd_inattentive.emotional.self_esteem"": -0.26711604229778463, ""adhd_inattentive.emotional.shame"": 0.19153114181654546, ""base_cognitive.att_bandwidth"": 3, ""base_cognitive.conflict_tendency"": 0.06486692917263259, ""base_cognitive.importance_trigger"": 121.69706901296631, ""base_cognitive.impulse_override"": 0.10675470790094302, ""base_cognitive.plan_consistency"": 0.7501940697377543, ""base_cognitive.recency_decay"": 0.9816223751866991, ""base_cognitive.retention"": 6, ""base_cognitive.social_sensitivity"": 0.5470758118136906, ""base_cognitive.task_initiation_delay"": 0.03733368924308458, ""base_cognitive.vision_r"": 5, ""base_emotional.anger"": 0.12229428877533191, ""base_emotional.anxiety"": 0.05824129759535836, ""base_emotional.excitement"": 0.17781777445732794, ""base_emotional.frustration"": 0.08295276534271137, ""base_emotional.loneliness"": 0.10960373631033912, ""base_emotional.self_esteem"": 0.6276297409339862, ""base_emotional.shame"": 0.12323920601930745, ""base_emotional.trust_in_teacher"": 0.7816012832035205}"		
1778045933.867	2	25	0.624630	0.512617	0.792651	0.000000	"{""adhd_hyperactive_impulsive.cognitive.conflict_tendency"": 0.18310348224312836, ""adhd_hyperactive_impulsive.cognitive.impulse_override"": 0.36329750271564637, ""adhd_hyperactive_impulsive.cognitive.plan_consistency"": -0.3812683489168653, ""adhd_hyperactive_impulsive.emotional.anger"": 0.2119043231402727, ""adhd_hyperactive_impulsive.emotional.excitement"": 0.11229066537601348, ""adhd_inattentive.cognitive.att_bandwidth"": -3, ""adhd_inattentive.cognitive.plan_consistency"": -0.4240950247013193, ""adhd_inattentive.cognitive.retention"": -3, ""adhd_inattentive.cognitive.task_initiation_delay"": 0.3084721392515364, ""adhd_inattentive.emotional.frustration"": 0.24806664357888059, ""adhd_inattentive.emotional.self_esteem"": -0.29185428195030727, ""adhd_inattentive.emotional.shame"": 0.12999158337127764, ""base_cognitive.att_bandwidth"": 3, ""base_cognitive.conflict_tendency"": 0.09036306537534985, ""base_cognitive.importance_trigger"": 163.81112451590786, ""base_cognitive.impulse_override"": 0.06322366494585638, ""base_cognitive.plan_consistency"": 0.9214967558175476, ""base_cognitive.recency_decay"": 0.9807234800985644, ""base_cognitive.retention"": 5, ""base_cognitive.social_sensitivity"": 0.43440438624237304, ""base_cognitive.task_initiation_delay"": 0.024446235452495274, ""base_cognitive.vision_r"": 4, ""base_emotional.anger"": 0.04746170290639029, ""base_emotional.anxiety"": 0.10102790456320346, ""base_emotional.excitement"": 0.20217884843842962, ""base_emotional.frustration"": 0.10265906161822388, ""base_emotional.loneliness"": 0.13002259953425888, ""base_emotional.self_esteem"": 0.6212675475917552, ""base_emotional.shame"": 0.13615620448897, ""base_emotional.trust_in_teacher"": 0.631545360067721}"		
1778045934.413	2	26	0.784752	0.801842	0.759118	0.000000	"{""adhd_hyperactive_impulsive.cognitive.conflict_tendency"": 0.24741440762225955, ""adhd_hyperactive_impulsive.cognitive.impulse_override"": 0.3609421970480867, ""adhd_hyperactive_impulsive.cognitive.plan_consistency"": -0.39174148757861493, ""adhd_hyperactive_impulsive.emotional.anger"": 0.18479128697044056, ""adhd_hyperactive_impulsive.emotional.excitement"": 0.1618124285129894, ""adhd_inattentive.cognitive.att_bandwidth"": -2, ""adhd_inattentive.cognitive.plan_consistency"": -0.3714397758477316, ""adhd_inattentive.cognitive.retention"": -3, ""adhd_inattentive.cognitive.task_initiation_delay"": 0.3026880791428419, ""adhd_inattentive.emotional.frustration"": 0.12994153311019283, ""adhd_inattentive.emotional.self_esteem"": -0.24804991179125735, ""adhd_inattentive.emotional.shame"": 0.14424749708168835, ""base_cognitive.att_bandwidth"": 3, ""base_cognitive.conflict_tendency"": 0.10743314325699219, ""base_cognitive.importance_trigger"": 101.61481689483146, ""base_cognitive.impulse_override"": 0.08934540179404293, ""base_cognitive.plan_consistency"": 0.9381031689013297, ""base_cognitive.recency_decay"": 0.9886675106950562, ""base_cognitive.retention"": 4, ""base_cognitive.social_sensitivity"": 0.3498241613553995, ""base_cognitive.task_initiation_delay"": 0.00980929272725993, ""base_cognitive.vision_r"": 5, ""base_emotional.anger"": 0.10687354505801384, ""base_emotional.anxiety"": 0.08423184230566919, ""base_emotional.excitement"": 0.2282692245565709, ""base_emotional.frustration"": 0.13079560662640222, ""base_emotional.loneliness"": 0.07855364223671787, ""base_emotional.self_esteem"": 0.7714020930440676, ""base_emotional.shame"": 0.09678157249257477, ""base_emotional.trust_in_teacher"": 0.5553738377167319}"		
1778045934.998	2	27	0.718468	0.702320	0.742690	0.000000	"{""adhd_hyperactive_impulsive.cognitive.conflict_tendency"": 0.1718020036195106, ""adhd_hyperactive_impulsive.cognitive.impulse_override"": 0.27633990822996213, ""adhd_hyperactive_impulsive.cognitive.plan_consistency"": -0.4431445036580389, ""adhd_hyperactive_impulsive.emotional.anger"": 0.18691237702398444, ""adhd_hyperactive_impulsive.emotional.excitement"": 0.2262154593706034, ""adhd_inattentive.cognitive.att_bandwidth"": -2, ""adhd_inattentive.cognitive.plan_consistency"": -0.2772387283518498, ""adhd_inattentive.cognitive.retention"": -3, ""adhd_inattentive.cognitive.task_initiation_delay"": 0.4798118186426841, ""adhd_inattentive.emotional.frustration"": 0.17016285986989496, ""adhd_inattentive.emotional.self_esteem"": -0.18736063594945443, ""adhd_inattentive.emotional.shame"": 0.21366585411980324, ""base_cognitive.att_bandwidth"": 2, ""base_cognitive.conflict_tendency"": 0.04056690754854674, ""base_cognitive.importance_trigger"": 120.9844236505064, ""base_cognitive.impulse_override"": 0.06009089049518193, ""base_cognitive.plan_consistency"": 0.9046477642044843, ""base_cognitive.recency_decay"": 0.9932377459763299, ""base_cognitive.retention"": 6, ""base_cognitive.social_sensitivity"": 0.5915107877675463, ""base_cognitive.task_initiation_delay"": 0.020841905838321056, ""base_cognitive.vision_r"": 3, ""base_emotional.anger"": 0.11036006040215429, ""base_emotional.anxiety"": 0.06311043341064113, ""base_emotional.excitement"": 0.22264938333188025, ""base_emotional.frustration"": 0.1888279475730873, ""base_emotional.loneliness"": 0.14658982709605534, ""base_emotional.self_esteem"": 0.748128223058773, ""base_emotional.shame"": 0.07726552999591212, ""base_emotional.trust_in_teacher"": 0.5934194675139162}"		
1778045935.585	2	28	0.625690	0.514840	0.791965	0.000000	"{""adhd_hyperactive_impulsive.cognitive.conflict_tendency"": 0.11036314335524658, ""adhd_hyperactive_impulsive.cognitive.impulse_override"": 0.3463965508092242, ""adhd_hyperactive_impulsive.cognitive.plan_consistency"": -0.4079076338393881, ""adhd_hyperactive_impulsive.emotional.anger"": 0.14142056513244133, ""adhd_hyperactive_impulsive.emotional.excitement"": 0.19325325496782092, ""adhd_inattentive.cognitive.att_bandwidth"": -2, ""adhd_inattentive.cognitive.plan_consistency"": -0.3927298571005056, ""adhd_inattentive.cognitive.retention"": -2, ""adhd_inattentive.cognitive.task_initiation_delay"": 0.40105017350244265, ""adhd_inattentive.emotional.frustration"": 0.1544826509203939, ""adhd_inattentive.emotional.self_esteem"": -0.27671035056251425, ""adhd_inattentive.emotional.shame"": 0.13417626062239038, ""base_cognitive.att_bandwidth"": 2, ""base_cognitive.conflict_tendency"": 0.11960664187812675, ""base_cognitive.importance_trigger"": 125.11370595533408, ""base_cognitive.impulse_override"": 0.05238950406966242, ""base_cognitive.plan_consistency"": 0.8454005571278437, ""base_cognitive.recency_decay"": 0.9877621425513007, ""base_cognitive.retention"": 6, ""base_cognitive.social_sensitivity"": 0.4988045593867632, ""base_cognitive.task_initiation_delay"": 0.060185374997087704, ""base_cognitive.vision_r"": 3, ""base_emotional.anger"": 0.14673876383829984, ""base_emotional.anxiety"": 0.1694611654373456, ""base_emotional.excitement"": 0.19740133266670734, ""base_emotional.frustration"": 0.1997592913838474, ""base_emotional.loneliness"": 0.10154937143961255, ""base_emotional.self_esteem"": 0.6795159842753733, ""base_emotional.shame"": 0.08844911753669041, ""base_emotional.trust_in_teacher"": 0.5529675387859335}"		
1778045936.104	2	29	0.795913	0.803272	0.784876	0.000000	"{""adhd_hyperactive_impulsive.cognitive.conflict_tendency"": 0.1358287238497399, ""adhd_hyperactive_impulsive.cognitive.impulse_override"": 0.29576358810697273, ""adhd_hyperactive_impulsive.cognitive.plan_consistency"": -0.4281725990305436, ""adhd_hyperactive_impulsive.emotional.anger"": 0.2047766559397466, ""adhd_hyperactive_impulsive.emotional.excitement"": 0.23044538255278615, ""adhd_inattentive.cognitive.att_bandwidth"": -2, ""adhd_inattentive.cognitive.plan_consistency"": -0.3968545140248293, ""adhd_inattentive.cognitive.retention"": -3, ""adhd_inattentive.cognitive.task_initiation_delay"": 0.46599363325284, ""adhd_inattentive.emotional.frustration"": 0.1744312273513907, ""adhd_inattentive.emotional.self_esteem"": -0.2720615687460003, ""adhd_inattentive.emotional.shame"": 0.18311163787242507, ""base_cognitive.att_bandwidth"": 3, ""base_cognitive.conflict_tendency"": 0.05558425908233017, ""base_cognitive.importance_trigger"": 155.09540550128315, ""base_cognitive.impulse_override"": 0.0740664034338665, ""base_cognitive.plan_consistency"": 0.8837752987615962, ""base_cognitive.recency_decay"": 0.9868223784144454, ""base_cognitive.retention"": 4, ""base_cognitive.social_sensitivity"": 0.3405126461971985, ""base_cognitive.task_initiation_delay"": 0.09303275171521545, ""base_cognitive.vision_r"": 5, ""base_emotional.anger"": 0.08716366190638061, ""base_emotional.anxiety"": 0.12236286999196432, ""base_emotional.excitement"": 0.27956457905034304, ""base_emotional.frustration"": 0.058114940404748794, ""base_emotional.loneliness"": 0.043053494569765094, ""base_emotional.self_esteem"": 0.693529990507953, ""base_emotional.shame"": 0.04300190075709098, ""base_emotional.trust_in_teacher"": 0.5693026400139104}"		
1778045936.649	2	30	0.783539	0.810771	0.742690	0.000000	"{""adhd_hyperactive_impulsive.cognitive.conflict_tendency"": 0.23507459632077288, ""adhd_hyperactive_impulsive.cognitive.impulse_override"": 0.28017127366089745, ""adhd_hyperactive_impulsive.cognitive.plan_consistency"": -0.413976503883337, ""adhd_hyperactive_impulsive.emotional.anger"": 0.2425473209911857, ""adhd_hyperactive_impulsive.emotional.excitement"": 0.21255689272505096, ""adhd_inattentive.cognitive.att_bandwidth"": -1, ""adhd_inattentive.cognitive.plan_consistency"": -0.2794934535478145, ""adhd_inattentive.cognitive.retention"": -2, ""adhd_inattentive.cognitive.task_initiation_delay"": 0.3320892732275871, ""adhd_inattentive.emotional.frustration"": 0.1772904406310653, ""adhd_inattentive.emotional.self_esteem"": -0.33014760108657754, ""adhd_inattentive.emotional.shame"": 0.1984546699787998, ""base_cognitive.att_bandwidth"": 3, ""base_cognitive.conflict_tendency"": 0.10382653264540408, ""base_cognitive.importance_trigger"": 143.75904316238535, ""base_cognitive.impulse_override"": 0.03891295130974812, ""base_cognitive.plan_consistency"": 0.8751394816606336, ""base_cognitive.recency_decay"": 0.9846578235390725, ""base_cognitive.retention"": 4, ""base_cognitive.social_sensitivity"": 0.30888054472960225, ""base_cognitive.task_initiation_delay"": 0.01122541309612013, ""base_cognitive.vision_r"": 4, ""base_emotional.anger"": 0.13008053935501124, ""base_emotional.anxiety"": 0.1635639964569656, ""base_emotional.excitement"": 0.15507965314104724, ""base_emotional.frustration"": 0.06224995060024939, ""base_emotional.loneliness"": 0.030353293174430095, ""base_emotional.self_esteem"": 0.7011240007614398, ""base_emotional.shame"": 0.09866586176366068, ""base_emotional.trust_in_teacher"": 0.6985254434246949}"		
1778045937.232	2	31	0.807626	0.808055	0.806981	0.000000	"{""adhd_hyperactive_impulsive.cognitive.conflict_tendency"": 0.22645333525599837, ""adhd_hyperactive_impulsive.cognitive.impulse_override"": 0.33114399916273896, ""adhd_hyperactive_impulsive.cognitive.plan_consistency"": -0.5129616602194279, ""adhd_hyperactive_impulsive.emotional.anger"": 0.12405976246223285, ""adhd_hyperactive_impulsive.emotional.excitement"": 0.1507594798098887, ""adhd_inattentive.cognitive.att_bandwidth"": -2, ""adhd_inattentive.cognitive.plan_consistency"": -0.4155336028070648, ""adhd_inattentive.cognitive.retention"": -2, ""adhd_inattentive.cognitive.task_initiation_delay"": 0.4195528288229416, ""adhd_inattentive.emotional.frustration"": 0.17462391637215982, ""adhd_inattentive.emotional.self_esteem"": -0.31651620743402625, ""adhd_inattentive.emotional.shame"": 0.12388900291924387, ""base_cognitive.att_bandwidth"": 3, ""base_cognitive.conflict_tendency"": 0.05243729330063526, ""base_cognitive.importance_trigger"": 115.14833704802301, ""base_cognitive.impulse_override"": 0.05138798143452915, ""base_cognitive.plan_consistency"": 0.8491152557461517, ""base_cognitive.recency_decay"": 0.993116985797393, ""base_cognitive.retention"": 5, ""base_cognitive.social_sensitivity"": 0.3623424660765165, ""base_cognitive.task_initiation_delay"": 0.07160656186186125, ""base_cognitive.vision_r"": 4, ""base_emotional.anger"": 0.05508901181957719, ""base_emotional.anxiety"": 0.17749617400179113, ""base_emotional.excitement"": 0.21561960575203137, ""base_emotional.frustration"": 0.0947178748511141, ""base_emotional.loneliness"": 0.11480769365516962, ""base_emotional.self_esteem"": 0.6485975442799224, ""base_emotional.shame"": 0.1332344376389217, ""base_emotional.trust_in_teacher"": 0.7639779852713394}"		
1778045937.763	2	32	0.629151	0.522982	0.788406	0.000000	"{""adhd_hyperactive_impulsive.cognitive.conflict_tendency"": 0.16849006897807361, ""adhd_hyperactive_impulsive.cognitive.impulse_override"": 0.3059772548528654, ""adhd_hyperactive_impulsive.cognitive.plan_consistency"": -0.4925356054072325, ""adhd_hyperactive_impulsive.emotional.anger"": 0.16371805241973256, ""adhd_hyperactive_impulsive.emotional.excitement"": 0.1883301650085188, ""adhd_inattentive.cognitive.att_bandwidth"": -1, ""adhd_inattentive.cognitive.plan_consistency"": -0.39866569947260566, ""adhd_inattentive.cognitive.retention"": -4, ""adhd_inattentive.cognitive.task_initiation_delay"": 0.3414126785471357, ""adhd_inattentive.emotional.frustration"": 0.24408182848958, ""adhd_inattentive.emotional.self_esteem"": -0.28766788117013264, ""adhd_inattentive.emotional.shame"": 0.15434148782660892, ""base_cognitive.att_bandwidth"": 2, ""base_cognitive.conflict_tendency"": 0.11154792871065457, ""base_cognitive.importance_trigger"": 148.29508525932252, ""base_cognitive.impulse_override"": 0.03508391268901701, ""base_cognitive.plan_consistency"": 0.8542519254453621, ""base_cognitive.recency_decay"": 0.9888358463127935, ""base_cognitive.retention"": 5, ""base_cognitive.social_sensitivity"": 0.30173484838809717, ""base_cognitive.task_initiation_delay"": 0.09690632181069442, ""base_cognitive.vision_r"": 4, ""base_emotional.anger"": 0.036430291897995404, ""base_emotional.anxiety"": 0.10503466741117035, ""base_emotional.excitement"": 0.21192542071974585, ""base_emotional.frustration"": 0.06665598696967218, ""base_emotional.loneliness"": 0.13824960607535003, ""base_emotional.self_esteem"": 0.6844913313721404, ""base_emotional.shame"": 0.06610622787930337, ""base_emotional.trust_in_teacher"": 0.7019846807383769}"		
1778045938.336	2	33	0.794226	0.810918	0.769189	0.000000	"{""adhd_hyperactive_impulsive.cognitive.conflict_tendency"": 0.20715185407927367, ""adhd_hyperactive_impulsive.cognitive.impulse_override"": 0.39860666347570717, ""adhd_hyperactive_impulsive.cognitive.plan_consistency"": -0.35205619911415675, ""adhd_hyperactive_impulsive.emotional.anger"": 0.21455461550977478, ""adhd_hyperactive_impulsive.emotional.excitement"": 0.11073499017176758, ""adhd_inattentive.cognitive.att_bandwidth"": -2, ""adhd_inattentive.cognitive.plan_consistency"": -0.2552621107509762, ""adhd_inattentive.cognitive.retention"": -4, ""adhd_inattentive.cognitive.task_initiation_delay"": 0.4426444232923913, ""adhd_inattentive.emotional.frustration"": 0.14888314655188667, ""adhd_inattentive.emotional.self_esteem"": -0.20538541859662432, ""adhd_inattentive.emotional.shame"": 0.21057203293814464, ""base_cognitive.att_bandwidth"": 2, ""base_cognitive.conflict_tendency"": 0.10182425469441271, ""base_cognitive.importance_trigger"": 112.44256067849871, ""base_cognitive.impulse_override"": 0.09031029267403146, ""base_cognitive.plan_consistency"": 0.7901544292614038, ""base_cognitive.recency_decay"": 0.9922653651665106, ""base_cognitive.retention"": 6, ""base_cognitive.social_sensitivity"": 0.39715582386629605, ""base_cognitive.task_initiation_delay"": 0.07806111597988585, ""base_cognitive.vision_r"": 5, ""base_emotional.anger"": 0.09199840586630859, ""base_emotional.anxiety"": 0.17223578207553203, ""base_emotional.excitement"": 0.2868538043877712, ""base_emotional.frustration"": 0.06841830058836403, ""base_emotional.loneliness"": 0.14893123599035984, ""base_emotional.self_esteem"": 0.6583040316009972, ""base_emotional.shame"": 0.06927001342501252, ""base_emotional.trust_in_teacher"": 0.6141230197832734}"		
1778045938.995	2	34	0.777976	0.801499	0.742690	0.000000	"{""adhd_hyperactive_impulsive.cognitive.conflict_tendency"": 0.1841208577098229, ""adhd_hyperactive_impulsive.cognitive.impulse_override"": 0.2883754420009624, ""adhd_hyperactive_impulsive.cognitive.plan_consistency"": -0.3633140457907663, ""adhd_hyperactive_impulsive.emotional.anger"": 0.17484083803651587, ""adhd_hyperactive_impulsive.emotional.excitement"": 0.12447900061651071, ""adhd_inattentive.cognitive.att_bandwidth"": -2, ""adhd_inattentive.cognitive.plan_consistency"": -0.3247228223399401, ""adhd_inattentive.cognitive.retention"": -3, ""adhd_inattentive.cognitive.task_initiation_delay"": 0.4529188983886303, ""adhd_inattentive.emotional.frustration"": 0.21539980295509376, ""adhd_inattentive.emotional.self_esteem"": -0.1909239211776674, ""adhd_inattentive.emotional.shame"": 0.12424194013924943, ""base_cognitive.att_bandwidth"": 4, ""base_cognitive.conflict_tendency"": 0.07777815926279648, ""base_cognitive.importance_trigger"": 165.06485633973864, ""base_cognitive.impulse_override"": 0.11378203408220594, ""base_cognitive.plan_consistency"": 0.9367758768304023, ""base_cognitive.recency_decay"": 0.9863255063652052, ""base_cognitive.retention"": 6, ""base_cognitive.social_sensitivity"": 0.5520988076818873, ""base_cognitive.task_initiation_delay"": 0.06712216119344079, ""base_cognitive.vision_r"": 4, ""base_emotional.anger"": 0.05310814540259273, ""base_emotional.anxiety"": 0.1575826868100389, ""base_emotional.excitement"": 0.24675975092615832, ""base_emotional.frustration"": 0.11409102047574696, ""base_emotional.loneliness"": 0.06944659634844771, ""base_emotional.self_esteem"": 0.729486325313836, ""base_emotional.shame"": 0.14377888154365032, ""base_emotional.trust_in_teacher"": 0.5605559516042538}"		
1778045939.578	2	35	0.743886	0.732309	0.761253	0.000000	"{""adhd_hyperactive_impulsive.cognitive.conflict_tendency"": 0.2007172600744908, ""adhd_hyperactive_impulsive.cognitive.impulse_override"": 0.26638461744607805, ""adhd_hyperactive_impulsive.cognitive.plan_consistency"": -0.5219805422872157, ""adhd_hyperactive_impulsive.emotional.anger"": 0.23914212544700958, ""adhd_hyperactive_impulsive.emotional.excitement"": 0.20906189029021327, ""adhd_inattentive.cognitive.att_bandwidth"": -3, ""adhd_inattentive.cognitive.plan_consistency"": -0.3818852098599105, ""adhd_inattentive.cognitive.retention"": -4, ""adhd_inattentive.cognitive.task_initiation_delay"": 0.396366265442228, ""adhd_inattentive.emotional.frustration"": 0.20010121555625, ""adhd_inattentive.emotional.self_esteem"": -0.21290485982791732, ""adhd_inattentive.emotional.shame"": 0.23279966962682172, ""base_cognitive.att_bandwidth"": 4, ""base_cognitive.conflict_tendency"": 0.04585812428255704, ""base_cognitive.importance_trigger"": 127.79394862788534, ""base_cognitive.impulse_override"": 0.09365642662483648, ""base_cognitive.plan_consistency"": 0.9267961371532446, ""base_cognitive.recency_decay"": 0.990320892313375, ""base_cognitive.retention"": 5, ""base_cognitive.social_sensitivity"": 0.35514056719803244, ""base_cognitive.task_initiation_delay"": 0.04553173635045991, ""base_cognitive.vision_r"": 4, ""base_emotional.anger"": 0.07093867254624833, ""base_emotional.anxiety"": 0.13990562251704913, ""base_emotional.excitement"": 0.2499725471653534, ""base_emotional.frustration"": 0.11755780375618276, ""base_emotional.loneliness"": 0.06466720901829348, ""base_emotional.self_esteem"": 0.7909877395567293, ""base_emotional.shame"": 0.05409869980096722, ""base_emotional.trust_in_teacher"": 0.5704020486788538}"		
1778045940.164	2	36	0.643124	0.547130	0.787116	0.000000	"{""adhd_hyperactive_impulsive.cognitive.conflict_tendency"": 0.1231373234905895, ""adhd_hyperactive_impulsive.cognitive.impulse_override"": 0.3438549578038713, ""adhd_hyperactive_impulsive.cognitive.plan_consistency"": -0.5052365010680147, ""adhd_hyperactive_impulsive.emotional.anger"": 0.231021191831042, ""adhd_hyperactive_impulsive.emotional.excitement"": 0.10282646637503538, ""adhd_inattentive.cognitive.att_bandwidth"": -3, ""adhd_inattentive.cognitive.plan_consistency"": -0.3285948524492115, ""adhd_inattentive.cognitive.retention"": -4, ""adhd_inattentive.cognitive.task_initiation_delay"": 0.3819228773394478, ""adhd_inattentive.emotional.frustration"": 0.168604026718507, ""adhd_inattentive.emotional.self_esteem"": -0.29292874096356364, ""adhd_inattentive.emotional.shame"": 0.23889301288606815, ""base_cognitive.att_bandwidth"": 4, ""base_cognitive.conflict_tendency"": 0.08252102120223803, ""base_cognitive.importance_trigger"": 140.18575275119255, ""base_cognitive.impulse_override"": 0.09755014586707206, ""base_cognitive.plan_consistency"": 0.802961676284829, ""base_cognitive.recency_decay"": 0.9939500114663382, ""base_cognitive.retention"": 5, ""base_cognitive.social_sensitivity"": 0.52609403085583, ""base_cognitive.task_initiation_delay"": 0.01889160023775717, ""base_cognitive.vision_r"": 4, ""base_emotional.anger"": 0.11728033196723843, ""base_emotional.anxiety"": 0.15563860705934712, ""base_emotional.excitement"": 0.2413060804837897, ""base_emotional.frustration"": 0.1704835816797085, ""base_emotional.loneliness"": 0.0764701036897878, ""base_emotional.self_esteem"": 0.7526139789618704, ""base_emotional.shame"": 0.04190893444389241, ""base_emotional.trust_in_teacher"": 0.7906070119499697}"		
1778045940.695	2	37	0.715392	0.649830	0.813736	0.000000	"{""adhd_hyperactive_impulsive.cognitive.conflict_tendency"": 0.13695009731420088, ""adhd_hyperactive_impulsive.cognitive.impulse_override"": 0.33550211627972243, ""adhd_hyperactive_impulsive.cognitive.plan_consistency"": -0.5417039816116342, ""adhd_hyperactive_impulsive.emotional.anger"": 0.24692096519308435, ""adhd_hyperactive_impulsive.emotional.excitement"": 0.10620647960176725, ""adhd_inattentive.cognitive.att_bandwidth"": -2, ""adhd_inattentive.cognitive.plan_consistency"": -0.43764467122380857, ""adhd_inattentive.cognitive.retention"": -2, ""adhd_inattentive.cognitive.task_initiation_delay"": 0.44982606817294946, ""adhd_inattentive.emotional.frustration"": 0.2013188014535655, ""adhd_inattentive.emotional.self_esteem"": -0.312092031760733, ""adhd_inattentive.emotional.shame"": 0.10097541894514654, ""base_cognitive.att_bandwidth"": 3, ""base_cognitive.conflict_tendency"": 0.058409990854708965, ""base_cognitive.importance_trigger"": 113.37200080407156, ""base_cognitive.impulse_override"": 0.03350389788432851, ""base_cognitive.plan_consistency"": 0.7838011694360093, ""base_cognitive.recency_decay"": 0.9908377224393465, ""base_cognitive.retention"": 4, ""base_cognitive.social_sensitivity"": 0.489768637028831, ""base_cognitive.task_initiation_delay"": 0.002124126178998625, ""base_cognitive.vision_r"": 4, ""base_emotional.anger"": 0.14176721974064277, ""base_emotional.anxiety"": 0.05069741935532408, ""base_emotional.excitement"": 0.25318615918810716, ""base_emotional.frustration"": 0.1517147372891005, ""base_emotional.loneliness"": 0.0584816078149181, ""base_emotional.self_esteem"": 0.6522353512842831, ""base_emotional.shame"": 0.03676016203480293, ""base_emotional.trust_in_teacher"": 0.738785420787329}"		
1778045941.198	2	38	0.797789	0.807416	0.783349	0.000000	"{""adhd_hyperactive_impulsive.cognitive.conflict_tendency"": 0.10174004075974928, ""adhd_hyperactive_impulsive.cognitive.impulse_override"": 0.2567866596991309, ""adhd_hyperactive_impulsive.cognitive.plan_consistency"": -0.5376102690749947, ""adhd_hyperactive_impulsive.emotional.anger"": 0.17261368529672036, ""adhd_hyperactive_impulsive.emotional.excitement"": 0.1995586212728538, ""adhd_inattentive.cognitive.att_bandwidth"": -1, ""adhd_inattentive.cognitive.plan_consistency"": -0.32163721402453216, ""adhd_inattentive.cognitive.retention"": -3, ""adhd_inattentive.cognitive.task_initiation_delay"": 0.3044291121908637, ""adhd_inattentive.emotional.frustration"": 0.16452119108820448, ""adhd_inattentive.emotional.self_esteem"": -0.34875045839925695, ""adhd_inattentive.emotional.shame"": 0.22202502279587008, ""base_cognitive.att_bandwidth"": 2, ""base_cognitive.conflict_tendency"": 0.034263602128635814, ""base_cognitive.importance_trigger"": 102.95863141726761, ""base_cognitive.impulse_override"": 0.06202435151286125, ""base_cognitive.plan_consistency"": 0.8238616860352608, ""base_cognitive.recency_decay"": 0.982651623687958, ""base_cognitive.retention"": 4, ""base_cognitive.social_sensitivity"": 0.5863574347141631, ""base_cognitive.task_initiation_delay"": 0.057670554063607854, ""base_cognitive.vision_r"": 4, ""base_emotional.anger"": 0.08093745217927045, ""base_emotional.anxiety"": 0.13034981981971341, ""base_emotional.excitement"": 0.20044326997078674, ""base_emotional.frustration"": 0.0971663917393156, ""base_emotional.loneliness"": 0.06610710003836118, ""base_emotional.self_esteem"": 0.6707384461258941, ""base_emotional.shame"": 0.07211396124553615, ""base_emotional.trust_in_teacher"": 0.7520255970572971}"		
1778045941.727	2	39	0.643682	0.537523	0.802919	0.000000	"{""adhd_hyperactive_impulsive.cognitive.conflict_tendency"": 0.1771113262423053, ""adhd_hyperactive_impulsive.cognitive.impulse_override"": 0.3782802472219331, ""adhd_hyperactive_impulsive.cognitive.plan_consistency"": -0.36944167891573976, ""adhd_hyperactive_impulsive.emotional.anger"": 0.19125270156717308, ""adhd_hyperactive_impulsive.emotional.excitement"": 0.13501978629936426, ""adhd_inattentive.cognitive.att_bandwidth"": -3, ""adhd_inattentive.cognitive.plan_consistency"": -0.4450764934975362, ""adhd_inattentive.cognitive.retention"": -3, ""adhd_inattentive.cognitive.task_initiation_delay"": 0.41135568120169025, ""adhd_inattentive.emotional.frustration"": 0.2120215360404234, ""adhd_inattentive.emotional.self_esteem"": -0.18026371284681392, ""adhd_inattentive.emotional.shame"": 0.1849120238656573, ""base_cognitive.att_bandwidth"": 3, ""base_cognitive.conflict_tendency"": 0.11480797522208597, ""base_cognitive.importance_trigger"": 109.16205450822864, ""base_cognitive.impulse_override"": 0.08464781175753736, ""base_cognitive.plan_consistency"": 0.9005078852335084, ""base_cognitive.recency_decay"": 0.9802290682726349, ""base_cognitive.retention"": 4, ""base_cognitive.social_sensitivity"": 0.39081512570890753, ""base_cognitive.task_initiation_delay"": 0.02614158617571263, ""base_cognitive.vision_r"": 5, ""base_emotional.anger"": 0.12503345960510376, ""base_emotional.anxiety"": 0.07807783743442087, ""base_emotional.excitement"": 0.16541847381501892, ""base_emotional.frustration"": 0.13328809194937044, ""base_emotional.loneliness"": 0.11916044399328096, ""base_emotional.self_esteem"": 0.7785261296319326, ""base_emotional.shame"": 0.0510883232223604, ""base_emotional.trust_in_teacher"": 0.7296131605381072}"		
1778045942.258	2	40	0.657900	0.544885	0.827422	0.000000	"{""adhd_hyperactive_impulsive.cognitive.conflict_tendency"": 0.10647113232888925, ""adhd_hyperactive_impulsive.cognitive.impulse_override"": 0.3219978793331916, ""adhd_hyperactive_impulsive.cognitive.plan_consistency"": -0.4302157291158635, ""adhd_hyperactive_impulsive.emotional.anger"": 0.1688690848358806, ""adhd_hyperactive_impulsive.emotional.excitement"": 0.18133301710596839, ""adhd_inattentive.cognitive.att_bandwidth"": -1, ""adhd_inattentive.cognitive.plan_consistency"": -0.4484859301974968, ""adhd_inattentive.cognitive.retention"": -3, ""adhd_inattentive.cognitive.task_initiation_delay"": 0.4315058714879829, ""adhd_inattentive.emotional.frustration"": 0.13125733324939914, ""adhd_inattentive.emotional.self_esteem"": -0.3048581026829499, ""adhd_inattentive.emotional.shame"": 0.1633557538713009, ""base_cognitive.att_bandwidth"": 2, ""base_cognitive.conflict_tendency"": 0.0915309162572844, ""base_cognitive.importance_trigger"": 116.97853783473774, ""base_cognitive.impulse_override"": 0.08703095324277411, ""base_cognitive.plan_consistency"": 0.8106808303455626, ""base_cognitive.recency_decay"": 0.987157910066142, ""base_cognitive.retention"": 5, ""base_cognitive.social_sensitivity"": 0.5154786333657766, ""base_cognitive.task_initiation_delay"": 0.033226073123383396, ""base_cognitive.vision_r"": 3, ""base_emotional.anger"": 0.03331193591621381, ""base_emotional.anxiety"": 0.14582142400576345, ""base_emotional.excitement"": 0.17516093431806548, ""base_emotional.frustration"": 0.18554616193539414, ""base_emotional.loneliness"": 0.13431305930666385, ""base_emotional.self_esteem"": 0.736581690885993, ""base_emotional.shame"": 0.14200013811363754, ""base_emotional.trust_in_teacher"": 0.7130677554147413}"		
1778045942.838	2	41	0.631184	0.511310	0.810995	0.000000	"{""adhd_hyperactive_impulsive.cognitive.conflict_tendency"": 0.2338088420197097, ""adhd_hyperactive_impulsive.cognitive.impulse_override"": 0.34191993334161463, ""adhd_hyperactive_impulsive.cognitive.plan_consistency"": -0.35892231495284876, ""adhd_hyperactive_impulsive.emotional.anger"": 0.19315334082038577, ""adhd_hyperactive_impulsive.emotional.excitement"": 0.22455427413910672, ""adhd_inattentive.cognitive.att_bandwidth"": -1, ""adhd_inattentive.cognitive.plan_consistency"": -0.31710240593316136, ""adhd_inattentive.cognitive.retention"": -4, ""adhd_inattentive.cognitive.task_initiation_delay"": 0.312970141033973, ""adhd_inattentive.emotional.frustration"": 0.2382262904520222, ""adhd_inattentive.emotional.self_esteem"": -0.33333181263673134, ""adhd_inattentive.emotional.shame"": 0.1704827885121563, ""base_cognitive.att_bandwidth"": 3, ""base_cognitive.conflict_tendency"": 0.06130901815891321, ""base_cognitive.importance_trigger"": 162.2047727313909, ""base_cognitive.impulse_override"": 0.04961156382415083, ""base_cognitive.plan_consistency"": 0.7600964124966589, ""base_cognitive.recency_decay"": 0.9883806634610087, ""base_cognitive.retention"": 5, ""base_cognitive.social_sensitivity"": 0.3723529276273695, ""base_cognitive.task_initiation_delay"": 0.029538294772900577, ""base_cognitive.vision_r"": 4, ""base_emotional.anger"": 0.0743912934524599, ""base_emotional.anxiety"": 0.15107273684916206, ""base_emotional.excitement"": 0.28336481913967565, ""base_emotional.frustration"": 0.13765719645595853, ""base_emotional.loneliness"": 0.09139064731453808, ""base_emotional.self_esteem"": 0.7758553757520945, ""base_emotional.shame"": 0.11392148147973673, ""base_emotional.trust_in_teacher"": 0.6723696665258624}"		
1778045943.380	2	42	0.796787	0.812304	0.773510	0.000000	"{""adhd_hyperactive_impulsive.cognitive.conflict_tendency"": 0.20339287545512139, ""adhd_hyperactive_impulsive.cognitive.impulse_override"": 0.39233811887241243, ""adhd_hyperactive_impulsive.cognitive.plan_consistency"": -0.543413353490582, ""adhd_hyperactive_impulsive.emotional.anger"": 0.1662028167834914, ""adhd_hyperactive_impulsive.emotional.excitement"": 0.18021939093892192, ""adhd_inattentive.cognitive.att_bandwidth"": -2, ""adhd_inattentive.cognitive.plan_consistency"": -0.26579935050447534, ""adhd_inattentive.cognitive.retention"": -2, ""adhd_inattentive.cognitive.task_initiation_delay"": 0.31949422820721435, ""adhd_inattentive.emotional.frustration"": 0.18644118342117483, ""adhd_inattentive.emotional.self_esteem"": -0.28255450259612164, ""adhd_inattentive.emotional.shame"": 0.20215538926092208, ""base_cognitive.att_bandwidth"": 3, ""base_cognitive.conflict_tendency"": 0.08889569852620122, ""base_cognitive.importance_trigger"": 134.9520854060042, ""base_cognitive.impulse_override"": 0.07566985896252637, ""base_cognitive.plan_consistency"": 0.7811600080150473, ""base_cognitive.recency_decay"": 0.9942361853018878, ""base_cognitive.retention"": 4, ""base_cognitive.social_sensitivity"": 0.5340802645139209, ""base_cognitive.task_initiation_delay"": 0.03510804651590676, ""base_cognitive.vision_r"": 5, ""base_emotional.anger"": 0.059167634204344365, ""base_emotional.anxiety"": 0.07048456511700385, ""base_emotional.excitement"": 0.2668001170204781, ""base_emotional.frustration"": 0.08690018409070178, ""base_emotional.loneliness"": 0.1451390277492167, ""base_emotional.self_esteem"": 0.6433491592494103, ""base_emotional.shame"": 0.10958630440756165, ""base_emotional.trust_in_teacher"": 0.7219052190482894}"		
1778045943.917	2	43	0.600425	0.505582	0.742690	0.000000	"{""adhd_hyperactive_impulsive.cognitive.conflict_tendency"": 0.17818336013362263, ""adhd_hyperactive_impulsive.cognitive.impulse_override"": 0.3179555944171215, ""adhd_hyperactive_impulsive.cognitive.plan_consistency"": -0.3962106050110157, ""adhd_hyperactive_impulsive.emotional.anger"": 0.13301954423396525, ""adhd_hyperactive_impulsive.emotional.excitement"": 0.20375819899603015, ""adhd_inattentive.cognitive.att_bandwidth"": -3, ""adhd_inattentive.cognitive.plan_consistency"": -0.2598198480894975, ""adhd_inattentive.cognitive.retention"": -3, ""adhd_inattentive.cognitive.task_initiation_delay"": 0.4721031946538016, ""adhd_inattentive.emotional.frustration"": 0.2103146445606033, ""adhd_inattentive.emotional.self_esteem"": -0.20233780710106064, ""adhd_inattentive.emotional.shame"": 0.23140729239095092, ""base_cognitive.att_bandwidth"": 2, ""base_cognitive.conflict_tendency"": 0.047577475985644734, ""base_cognitive.importance_trigger"": 139.04438338127915, ""base_cognitive.impulse_override"": 0.08111725968145986, ""base_cognitive.plan_consistency"": 0.9125290908934134, ""base_cognitive.recency_decay"": 0.9830634739268357, ""base_cognitive.retention"": 5, ""base_cognitive.social_sensitivity"": 0.45782233116886367, ""base_cognitive.task_initiation_delay"": 0.006419341882111535, ""base_cognitive.vision_r"": 5, ""base_emotional.anger"": 0.11172888995427045, ""base_emotional.anxiety"": 0.1435513721193838, ""base_emotional.excitement"": 0.2729797033843643, ""base_emotional.frustration"": 0.1929570278346499, ""base_emotional.loneliness"": 0.10698918867873995, ""base_emotional.self_esteem"": 0.6307524082620655, ""base_emotional.shame"": 0.045101412425751615, ""base_emotional.trust_in_teacher"": 0.6164751442779222}"		
1778045944.454	2	44	0.615266	0.503141	0.783455	0.000000	"{""adhd_hyperactive_impulsive.cognitive.conflict_tendency"": 0.15691561862730377, ""adhd_hyperactive_impulsive.cognitive.impulse_override"": 0.27369873571013137, ""adhd_hyperactive_impulsive.cognitive.plan_consistency"": -0.41558064804930295, ""adhd_hyperactive_impulsive.emotional.anger"": 0.18999460398009244, ""adhd_hyperactive_impulsive.emotional.excitement"": 0.17110618287681717, ""adhd_inattentive.cognitive.att_bandwidth"": -2, ""adhd_inattentive.cognitive.plan_consistency"": -0.4325779923101984, ""adhd_inattentive.cognitive.retention"": -4, ""adhd_inattentive.cognitive.task_initiation_delay"": 0.4129173979439947, ""adhd_inattentive.emotional.frustration"": 0.21764799498854343, ""adhd_inattentive.emotional.self_esteem"": -0.26065064074302113, ""adhd_inattentive.emotional.shame"": 0.2263251193455016, ""base_cognitive.att_bandwidth"": 2, ""base_cognitive.conflict_tendency"": 0.06908355152838708, ""base_cognitive.importance_trigger"": 165.8242772558375, ""base_cognitive.impulse_override"": 0.1018602250934109, ""base_cognitive.plan_consistency"": 0.8680298527916647, ""base_cognitive.recency_decay"": 0.9837735379989451, ""base_cognitive.retention"": 5, ""base_cognitive.social_sensitivity"": 0.33175028570401766, ""base_cognitive.task_initiation_delay"": 0.07613537904296835, ""base_cognitive.vision_r"": 5, ""base_emotional.anger"": 0.04013925915543859, ""base_emotional.anxiety"": 0.10286785731998072, ""base_emotional.excitement"": 0.18127556248340443, ""base_emotional.frustration"": 0.16643979724116004, ""base_emotional.loneliness"": 0.12167469210593243, ""base_emotional.self_esteem"": 0.7816461792931256, ""base_emotional.shame"": 0.10548092487523962, ""base_emotional.trust_in_teacher"": 0.7451409256816818}"		
1778045944.978	2	45	0.787693	0.792069	0.781128	0.000000	"{""adhd_hyperactive_impulsive.cognitive.conflict_tendency"": 0.19208052217912142, ""adhd_hyperactive_impulsive.cognitive.impulse_override"": 0.37962984105332054, ""adhd_hyperactive_impulsive.cognitive.plan_consistency"": -0.454399544324093, ""adhd_hyperactive_impulsive.emotional.anger"": 0.20897905453621166, ""adhd_hyperactive_impulsive.emotional.excitement"": 0.12329601983789705, ""adhd_inattentive.cognitive.att_bandwidth"": -2, ""adhd_inattentive.cognitive.plan_consistency"": -0.29816588547043865, ""adhd_inattentive.cognitive.retention"": -2, ""adhd_inattentive.cognitive.task_initiation_delay"": 0.4874800070468711, ""adhd_inattentive.emotional.frustration"": 0.1525470081192957, ""adhd_inattentive.emotional.self_esteem"": -0.21835108359776187, ""adhd_inattentive.emotional.shame"": 0.2494806515075736, ""base_cognitive.att_bandwidth"": 3, ""base_cognitive.conflict_tendency"": 0.030889355653995317, ""base_cognitive.importance_trigger"": 119.30228163669028, ""base_cognitive.impulse_override"": 0.10462410959797899, ""base_cognitive.plan_consistency"": 0.8215085317199164, ""base_cognitive.recency_decay"": 0.99016397205136, ""base_cognitive.retention"": 4, ""base_cognitive.social_sensitivity"": 0.5166898185527753, ""base_cognitive.task_initiation_delay"": 0.08909451018672522, ""base_cognitive.vision_r"": 5, ""base_emotional.anger"": 0.07070823757898485, ""base_emotional.anxiety"": 0.09747617398028671, ""base_emotional.excitement"": 0.1591149283010903, ""base_emotional.frustration"": 0.11103404927397817, ""base_emotional.loneliness"": 0.11321790978977123, ""base_emotional.self_esteem"": 0.744473077851132, ""base_emotional.shame"": 0.12071457471672203, ""base_emotional.trust_in_teacher"": 0.6616763564341446}"		
1778045945.624	2	46	0.779863	0.801788	0.746976	0.000000	"{""adhd_hyperactive_impulsive.cognitive.conflict_tendency"": 0.18804151252590026, ""adhd_hyperactive_impulsive.cognitive.impulse_override"": 0.2547086662309787, ""adhd_hyperactive_impulsive.cognitive.plan_consistency"": -0.4723118720557496, ""adhd_hyperactive_impulsive.emotional.anger"": 0.1534898377299156, ""adhd_hyperactive_impulsive.emotional.excitement"": 0.13252536140187324, ""adhd_inattentive.cognitive.att_bandwidth"": -1, ""adhd_inattentive.cognitive.plan_consistency"": -0.3071122958292734, ""adhd_inattentive.cognitive.retention"": -3, ""adhd_inattentive.cognitive.task_initiation_delay"": 0.35635164096723826, ""adhd_inattentive.emotional.frustration"": 0.13984532656307397, ""adhd_inattentive.emotional.self_esteem"": -0.1993947266903824, ""adhd_inattentive.emotional.shame"": 0.17989387608441082, ""base_cognitive.att_bandwidth"": 3, ""base_cognitive.conflict_tendency"": 0.06276739435594911, ""base_cognitive.importance_trigger"": 160.09654584462535, ""base_cognitive.impulse_override"": 0.09200814805820814, ""base_cognitive.plan_consistency"": 0.8704763231871695, ""base_cognitive.recency_decay"": 0.9872093457550201, ""base_cognitive.retention"": 6, ""base_cognitive.social_sensitivity"": 0.5760196492011187, ""base_cognitive.task_initiation_delay"": 0.06317320181536391, ""base_cognitive.vision_r"": 3, ""base_emotional.anger"": 0.09936067176872446, ""base_emotional.anxiety"": 0.11865698800564267, ""base_emotional.excitement"": 0.15780391851352937, ""base_emotional.frustration"": 0.15530236107759182, ""base_emotional.loneliness"": 0.0824883593372248, ""base_emotional.self_esteem"": 0.7157487763196401, ""base_emotional.shame"": 0.12785872685564392, ""base_emotional.trust_in_teacher"": 0.6752483999142225}"		
1778045946.200	2	47	0.787059	0.808333	0.755147	0.000000	"{""adhd_hyperactive_impulsive.cognitive.conflict_tendency"": 0.16155224783193856, ""adhd_hyperactive_impulsive.cognitive.impulse_override"": 0.2638064925851561, ""adhd_hyperactive_impulsive.cognitive.plan_consistency"": -0.4361880959472999, ""adhd_hyperactive_impulsive.emotional.anger"": 0.14890159877608397, ""adhd_hyperactive_impulsive.emotional.excitement"": 0.18442033277552916, ""adhd_inattentive.cognitive.att_bandwidth"": -3, ""adhd_inattentive.cognitive.plan_consistency"": -0.2951315525544428, ""adhd_inattentive.cognitive.retention"": -3, ""adhd_inattentive.cognitive.task_initiation_delay"": 0.32192388036056563, ""adhd_inattentive.emotional.frustration"": 0.13307418469953358, ""adhd_inattentive.emotional.self_esteem"": -0.2459337610490718, ""adhd_inattentive.emotional.shame"": 0.24279999084894127, ""base_cognitive.att_bandwidth"": 3, ""base_cognitive.conflict_tendency"": 0.04967210916448221, ""base_cognitive.importance_trigger"": 135.46835650643172, ""base_cognitive.impulse_override"": 0.06512103892532237, ""base_cognitive.plan_consistency"": 0.8967245545380035, ""base_cognitive.recency_decay"": 0.9896804168101816, ""base_cognitive.retention"": 5, ""base_cognitive.social_sensitivity"": 0.5656415644483208, ""base_cognitive.task_initiation_delay"": 0.0805447121818412, ""base_cognitive.vision_r"": 4, ""base_emotional.anger"": 0.07721782136387359, ""base_emotional.anxiety"": 0.13569394401693785, ""base_emotional.excitement"": 0.21812421128668286, ""base_emotional.frustration"": 0.13616195560124747, ""base_emotional.loneliness"": 0.07374741410052106, ""base_emotional.self_esteem"": 0.6186507004294358, ""base_emotional.shame"": 0.03896582865737162, ""base_emotional.trust_in_teacher"": 0.777199630823689}"		
1778045946.776	2	48	0.706921	0.663468	0.772101	0.000000	"{""adhd_hyperactive_impulsive.cognitive.conflict_tendency"": 0.15055485313467548, ""adhd_hyperactive_impulsive.cognitive.impulse_override"": 0.3272846188687124, ""adhd_hyperactive_impulsive.cognitive.plan_consistency"": -0.47885866787546627, ""adhd_hyperactive_impulsive.emotional.anger"": 0.24181824129660023, ""adhd_hyperactive_impulsive.emotional.excitement"": 0.1563698555458246, ""adhd_inattentive.cognitive.att_bandwidth"": -2, ""adhd_inattentive.cognitive.plan_consistency"": -0.27040454698452715, ""adhd_inattentive.cognitive.retention"": -3, ""adhd_inattentive.cognitive.task_initiation_delay"": 0.42395169096468766, ""adhd_inattentive.emotional.frustration"": 0.19743488802469095, ""adhd_inattentive.emotional.self_esteem"": -0.25200491214323106, ""adhd_inattentive.emotional.shame"": 0.2459059886950687, ""base_cognitive.att_bandwidth"": 2, ""base_cognitive.conflict_tendency"": 0.07408700751541716, ""base_cognitive.importance_trigger"": 132.13988311926767, ""base_cognitive.impulse_override"": 0.04285892417596766, ""base_cognitive.plan_consistency"": 0.771719918837291, ""base_cognitive.recency_decay"": 0.9835429745592073, ""base_cognitive.retention"": 6, ""base_cognitive.social_sensitivity"": 0.34573093580422265, ""base_cognitive.task_initiation_delay"": 0.01295702205265546, ""base_cognitive.vision_r"": 4, ""base_emotional.anger"": 0.03889227078760598, ""base_emotional.anxiety"": 0.1307679416878813, ""base_emotional.excitement"": 0.18738873833424896, ""base_emotional.frustration"": 0.12556284961211095, ""base_emotional.loneliness"": 0.12471054370210535, ""base_emotional.self_esteem"": 0.784002451731213, ""base_emotional.shame"": 0.12948668294387, ""base_emotional.trust_in_teacher"": 0.7584425857882471}"		
1778045947.350	2	49	0.609251	0.513412	0.753010	0.000000	"{""adhd_hyperactive_impulsive.cognitive.conflict_tendency"": 0.2194120762950763, ""adhd_hyperactive_impulsive.cognitive.impulse_override"": 0.3135356941400876, ""adhd_hyperactive_impulsive.cognitive.plan_consistency"": -0.4515768602153766, ""adhd_hyperactive_impulsive.emotional.anger"": 0.17894587564342446, ""adhd_hyperactive_impulsive.emotional.excitement"": 0.10363184043397983, ""adhd_inattentive.cognitive.att_bandwidth"": -2, ""adhd_inattentive.cognitive.plan_consistency"": -0.30463393381431175, ""adhd_inattentive.cognitive.retention"": -4, ""adhd_inattentive.cognitive.task_initiation_delay"": 0.4070883997349301, ""adhd_inattentive.emotional.frustration"": 0.22867259241225651, ""adhd_inattentive.emotional.self_esteem"": -0.32891087328219326, ""adhd_inattentive.emotional.shame"": 0.1617954424681428, ""base_cognitive.att_bandwidth"": 3, ""base_cognitive.conflict_tendency"": 0.11802454079097326, ""base_cognitive.importance_trigger"": 129.30038894747494, ""base_cognitive.impulse_override"": 0.09892715804888645, ""base_cognitive.plan_consistency"": 0.909808616349235, ""base_cognitive.recency_decay"": 0.9854861779293739, ""base_cognitive.retention"": 5, ""base_cognitive.social_sensitivity"": 0.4774638758205568, ""base_cognitive.task_initiation_delay"": 0.07323517299586736, ""base_cognitive.vision_r"": 3, ""base_emotional.anger"": 0.046284871486568825, ""base_emotional.anxiety"": 0.11357269331718348, ""base_emotional.excitement"": 0.24498735691818863, ""base_emotional.frustration"": 0.16368243897942109, ""base_emotional.loneliness"": 0.10508269784105741, ""base_emotional.self_esteem"": 0.7090310481806089, ""base_emotional.shame"": 0.03161178239622652, ""base_emotional.trust_in_teacher"": 0.707041197890501}"		
1778045947.994	2	50	0.654454	0.578361	0.768594	0.000000	"{""adhd_hyperactive_impulsive.cognitive.conflict_tendency"": 0.15863834421319506, ""adhd_hyperactive_impulsive.cognitive.impulse_override"": 0.3722834188340501, ""adhd_hyperactive_impulsive.cognitive.plan_consistency"": -0.4842761705845184, ""adhd_hyperactive_impulsive.emotional.anger"": 0.22469196193909735, ""adhd_hyperactive_impulsive.emotional.excitement"": 0.21403454004215597, ""adhd_inattentive.cognitive.att_bandwidth"": -2, ""adhd_inattentive.cognitive.plan_consistency"": -0.4263986685431319, ""adhd_inattentive.cognitive.retention"": -3, ""adhd_inattentive.cognitive.task_initiation_delay"": 0.3865611644351657, ""adhd_inattentive.emotional.frustration"": 0.2304629945669025, ""adhd_inattentive.emotional.self_esteem"": -0.19468873468057044, ""adhd_inattentive.emotional.shame"": 0.13769515081344944, ""base_cognitive.att_bandwidth"": 3, ""base_cognitive.conflict_tendency"": 0.0717148815533693, ""base_cognitive.importance_trigger"": 151.69583756255165, ""base_cognitive.impulse_override"": 0.0412749420980927, ""base_cognitive.plan_consistency"": 0.9245391425921052, ""base_cognitive.recency_decay"": 0.9947313648022023, ""base_cognitive.retention"": 6, ""base_cognitive.social_sensitivity"": 0.543099743637207, ""base_cognitive.task_initiation_delay"": 0.09185589922397594, ""base_cognitive.vision_r"": 4, ""base_emotional.anger"": 0.14390079589670707, ""base_emotional.anxiety"": 0.09540538643988042, ""base_emotional.excitement"": 0.27418679229551124, ""base_emotional.frustration"": 0.14709415157143046, ""base_emotional.loneliness"": 0.055093412888776616, ""base_emotional.self_esteem"": 0.6155835331419411, ""base_emotional.shame"": 0.12428342282319595, ""base_emotional.trust_in_teacher"": 0.6558395676515383}"		
1778045948.558	3	1	0.659622	0.588146	0.766835	0.000000	"{""adhd_hyperactive_impulsive.cognitive.conflict_tendency"": 0.15205861466125978, ""adhd_hyperactive_impulsive.cognitive.impulse_override"": 0.27045806859389365, ""adhd_hyperactive_impulsive.cognitive.plan_consistency"": -0.4448859810333556, ""adhd_hyperactive_impulsive.emotional.anger"": 0.24095486725270976, ""adhd_hyperactive_impulsive.emotional.excitement"": 0.16693009879859716, ""adhd_inattentive.cognitive.att_bandwidth"": -1, ""adhd_inattentive.cognitive.plan_consistency"": -0.3729965436932717, ""adhd_inattentive.cognitive.retention"": -3, ""adhd_inattentive.cognitive.task_initiation_delay"": 0.4523564537039839, ""adhd_inattentive.emotional.frustration"": 0.22129054167758222, ""adhd_inattentive.emotional.self_esteem"": -0.24903540361406795, ""adhd_inattentive.emotional.shame"": 0.20774908903569034, ""base_cognitive.att_bandwidth"": 3, ""base_cognitive.conflict_tendency"": 0.032651100847129445, ""base_cognitive.importance_trigger"": 108.1268813509216, ""base_cognitive.impulse_override"": 0.10124915758902134, ""base_cognitive.plan_consistency"": 0.9175843834074514, ""base_cognitive.recency_decay"": 0.9949498858006403, ""base_cognitive.retention"": 5, ""base_cognitive.social_sensitivity"": 0.36566298967204613, ""base_cognitive.task_initiation_delay"": 0.028876079606679407, ""base_cognitive.vision_r"": 4, ""base_emotional.anger"": 0.05435695834965, ""base_emotional.anxiety"": 0.06291282885885344, ""base_emotional.excitement"": 0.2857276532954651, ""base_emotional.frustration"": 0.11961654441349043, ""base_emotional.loneliness"": 0.07863094408545573, ""base_emotional.self_esteem"": 0.6086025615435527, ""base_emotional.shame"": 0.06810907900467283, ""base_emotional.trust_in_teacher"": 0.5552810258394286}"		
1778045949.086	3	2	0.702432	0.638322	0.798597	0.000000	"{""adhd_hyperactive_impulsive.cognitive.conflict_tendency"": 0.23812155917548247, ""adhd_hyperactive_impulsive.cognitive.impulse_override"": 0.27234018424652706, ""adhd_hyperactive_impulsive.cognitive.plan_consistency"": -0.401653400689989, ""adhd_hyperactive_impulsive.emotional.anger"": 0.2323715926354198, ""adhd_hyperactive_impulsive.emotional.excitement"": 0.24203480612118833, ""adhd_inattentive.cognitive.att_bandwidth"": -3, ""adhd_inattentive.cognitive.plan_consistency"": -0.38001594540519473, ""adhd_inattentive.cognitive.retention"": -2, ""adhd_inattentive.cognitive.task_initiation_delay"": 0.3644536811093632, ""adhd_inattentive.emotional.frustration"": 0.18331102357212034, ""adhd_inattentive.emotional.self_esteem"": -0.3164271183128285, ""adhd_inattentive.emotional.shame"": 0.23395621804810737, ""base_cognitive.att_bandwidth"": 4, ""base_cognitive.conflict_tendency"": 0.031439319700201994, ""base_cognitive.importance_trigger"": 116.02929590061947, ""base_cognitive.impulse_override"": 0.03156614118497437, ""base_cognitive.plan_consistency"": 0.8422536554946335, ""base_cognitive.recency_decay"": 0.9849005809890194, ""base_cognitive.retention"": 4, ""base_cognitive.social_sensitivity"": 0.3336083855623391, ""base_cognitive.task_initiation_delay"": 0.04937431537323038, ""base_cognitive.vision_r"": 4, ""base_emotional.anger"": 0.0910036157872891, ""base_emotional.anxiety"": 0.1327528887071211, ""base_emotional.excitement"": 0.2234878732702078, ""base_emotional.frustration"": 0.12570294067334187, ""base_emotional.loneliness"": 0.11713983731873406, ""base_emotional.self_esteem"": 0.6538671986152509, ""base_emotional.shame"": 0.08159829917748448, ""base_emotional.trust_in_teacher"": 0.7215776989132976}"		
1778045949.655	3	3	0.724487	0.671937	0.803311	0.000000	"{""adhd_hyperactive_impulsive.cognitive.conflict_tendency"": 0.19345863556379608, ""adhd_hyperactive_impulsive.cognitive.impulse_override"": 0.37720234204445996, ""adhd_hyperactive_impulsive.cognitive.plan_consistency"": -0.4826370738095893, ""adhd_hyperactive_impulsive.emotional.anger"": 0.16093010208012856, ""adhd_hyperactive_impulsive.emotional.excitement"": 0.1752343391777408, ""adhd_inattentive.cognitive.att_bandwidth"": -2, ""adhd_inattentive.cognitive.plan_consistency"": -0.44265463060780086, ""adhd_inattentive.cognitive.retention"": -3, ""adhd_inattentive.cognitive.task_initiation_delay"": 0.43757706127009255, ""adhd_inattentive.emotional.frustration"": 0.20951600250385866, ""adhd_inattentive.emotional.self_esteem"": -0.2773975452457108, ""adhd_inattentive.emotional.shame"": 0.13137149730919745, ""base_cognitive.att_bandwidth"": 3, ""base_cognitive.conflict_tendency"": 0.09372073534840945, ""base_cognitive.importance_trigger"": 157.95265564467175, ""base_cognitive.impulse_override"": 0.11702128084380883, ""base_cognitive.plan_consistency"": 0.8769995376932243, ""base_cognitive.recency_decay"": 0.993363888419422, ""base_cognitive.retention"": 5, ""base_cognitive.social_sensitivity"": 0.5621300116400418, ""base_cognitive.task_initiation_delay"": 0.051853005703069846, ""base_cognitive.vision_r"": 3, ""base_emotional.anger"": 0.0651588420817987, ""base_emotional.anxiety"": 0.11988021665040588, ""base_emotional.excitement"": 0.18493235127803093, ""base_emotional.frustration"": 0.0819856142229249, ""base_emotional.loneliness"": 0.05918343731502089, ""base_emotional.self_esteem"": 0.6131332473865422, ""base_emotional.shame"": 0.10117634049202022, ""base_emotional.trust_in_teacher"": 0.7565070271512736}"		
1778045950.238	3	4	0.815863	0.809700	0.825108	0.000000	"{""adhd_hyperactive_impulsive.cognitive.conflict_tendency"": 0.1399295856080569, ""adhd_hyperactive_impulsive.cognitive.impulse_override"": 0.39348697278566613, ""adhd_hyperactive_impulsive.cognitive.plan_consistency"": -0.4815860170222298, ""adhd_hyperactive_impulsive.emotional.anger"": 0.15717389196441478, ""adhd_hyperactive_impulsive.emotional.excitement"": 0.18410740015778204, ""adhd_inattentive.cognitive.att_bandwidth"": -2, ""adhd_inattentive.cognitive.plan_consistency"": -0.36213992696378117, ""adhd_inattentive.cognitive.retention"": -4, ""adhd_inattentive.cognitive.task_initiation_delay"": 0.3498892898801781, ""adhd_inattentive.emotional.frustration"": 0.19603357438351665, ""adhd_inattentive.emotional.self_esteem"": -0.1818574160761868, ""adhd_inattentive.emotional.shame"": 0.15447324668184634, ""base_cognitive.att_bandwidth"": 4, ""base_cognitive.conflict_tendency"": 0.057222896256087466, ""base_cognitive.importance_trigger"": 118.56002940525516, ""base_cognitive.impulse_override"": 0.055972541879162716, ""base_cognitive.plan_consistency"": 0.7762932335079595, ""base_cognitive.recency_decay"": 0.9944025863618585, ""base_cognitive.retention"": 5, ""base_cognitive.social_sensitivity"": 0.4243806575467946, ""base_cognitive.task_initiation_delay"": 0.052420934216167975, ""base_cognitive.vision_r"": 3, ""base_emotional.anger"": 0.14441696503995943, ""base_emotional.anxiety"": 0.09279089345013347, ""base_emotional.excitement"": 0.2575417502590852, ""base_emotional.frustration"": 0.05666189532658611, ""base_emotional.loneliness"": 0.04763329893798257, ""base_emotional.self_esteem"": 0.7852812013505515, ""base_emotional.shame"": 0.11204213917882144, ""base_emotional.trust_in_teacher"": 0.6059867332033838}"		
1778045950.825	3	5	0.620225	0.523293	0.765624	0.000000	"{""adhd_hyperactive_impulsive.cognitive.conflict_tendency"": 0.24668452002884297, ""adhd_hyperactive_impulsive.cognitive.impulse_override"": 0.31086554615119355, ""adhd_hyperactive_impulsive.cognitive.plan_consistency"": -0.463324726824853, ""adhd_hyperactive_impulsive.emotional.anger"": 0.23855622462946327, ""adhd_hyperactive_impulsive.emotional.excitement"": 0.20552236262173393, ""adhd_inattentive.cognitive.att_bandwidth"": -3, ""adhd_inattentive.cognitive.plan_consistency"": -0.34869892324939433, ""adhd_inattentive.cognitive.retention"": -2, ""adhd_inattentive.cognitive.task_initiation_delay"": 0.4899718912001916, ""adhd_inattentive.emotional.frustration"": 0.22375133068314354, ""adhd_inattentive.emotional.self_esteem"": -0.25320808197248057, ""adhd_inattentive.emotional.shame"": 0.1297167059977286, ""base_cognitive.att_bandwidth"": 3, ""base_cognitive.conflict_tendency"": 0.04654749720985048, ""base_cognitive.importance_trigger"": 132.99186364575175, ""base_cognitive.impulse_override"": 0.06407450096117887, ""base_cognitive.plan_consistency"": 0.8677813683001501, ""base_cognitive.recency_decay"": 0.9812464629172228, ""base_cognitive.retention"": 5, ""base_cognitive.social_sensitivity"": 0.474452426292694, ""base_cognitive.task_initiation_delay"": 0.08098602316305618, ""base_cognitive.vision_r"": 3, ""base_emotional.anger"": 0.11494345365975842, ""base_emotional.anxiety"": 0.0589634264622884, ""base_emotional.excitement"": 0.217736838048356, ""base_emotional.frustration"": 0.15393827859537534, ""base_emotional.loneliness"": 0.10849668713376447, ""base_emotional.self_esteem"": 0.6605072054153072, ""base_emotional.shame"": 0.13827752587361536, ""base_emotional.trust_in_teacher"": 0.6549645724398807}"		
1778045951.394	3	6	0.783802	0.802682	0.755482	0.000000	"{""adhd_hyperactive_impulsive.cognitive.conflict_tendency"": 0.1481693100665838, ""adhd_hyperactive_impulsive.cognitive.impulse_override"": 0.39023513833832757, ""adhd_hyperactive_impulsive.cognitive.plan_consistency"": -0.3833270727505961, ""adhd_hyperactive_impulsive.emotional.anger"": 0.15109573357391193, ""adhd_hyperactive_impulsive.emotional.excitement"": 0.23332691809286366, ""adhd_inattentive.cognitive.att_bandwidth"": -2, ""adhd_inattentive.cognitive.plan_consistency"": -0.2516759825393125, ""adhd_inattentive.cognitive.retention"": -3, ""adhd_inattentive.cognitive.task_initiation_delay"": 0.3933868003821034, ""adhd_inattentive.emotional.frustration"": 0.1910884837411818, ""adhd_inattentive.emotional.self_esteem"": -0.2871270955826971, ""adhd_inattentive.emotional.shame"": 0.15253775297500324, ""base_cognitive.att_bandwidth"": 3, ""base_cognitive.conflict_tendency"": 0.10672967874404098, ""base_cognitive.importance_trigger"": 137.67502374241334, ""base_cognitive.impulse_override"": 0.1156235923989169, ""base_cognitive.plan_consistency"": 0.8481591795238215, ""base_cognitive.recency_decay"": 0.9921084999494123, ""base_cognitive.retention"": 5, ""base_cognitive.social_sensitivity"": 0.3154484377948898, ""base_cognitive.task_initiation_delay"": 0.07348043473772728, ""base_cognitive.vision_r"": 3, ""base_emotional.anger"": 0.09526667158836842, ""base_emotional.anxiety"": 0.08818212256377134, ""base_emotional.excitement"": 0.20729713383427062, ""base_emotional.frustration"": 0.1081642837084171, ""base_emotional.loneliness"": 0.14292563506778916, ""base_emotional.self_esteem"": 0.7977721487199367, ""base_emotional.shame"": 0.08730337866202856, ""base_emotional.trust_in_teacher"": 0.5867271903296648}"		
1778045951.912	3	7	0.633755	0.514231	0.813041	0.000000	"{""adhd_hyperactive_impulsive.cognitive.conflict_tendency"": 0.22179549150140232, ""adhd_hyperactive_impulsive.cognitive.impulse_override"": 0.31745575513446583, ""adhd_hyperactive_impulsive.cognitive.plan_consistency"": -0.3693758529896157, ""adhd_hyperactive_impulsive.emotional.anger"": 0.162625820862656, ""adhd_hyperactive_impulsive.emotional.excitement"": 0.23963114063689944, ""adhd_inattentive.cognitive.att_bandwidth"": -2, ""adhd_inattentive.cognitive.plan_consistency"": -0.37707838371810537, ""adhd_inattentive.cognitive.retention"": -2, ""adhd_inattentive.cognitive.task_initiation_delay"": 0.4316018226514772, ""adhd_inattentive.emotional.frustration"": 0.15304625155877116, ""adhd_inattentive.emotional.self_esteem"": -0.34538683229668354, ""adhd_inattentive.emotional.shame"": 0.1791158027255994, ""base_cognitive.att_bandwidth"": 3, ""base_cognitive.conflict_tendency"": 0.09101820494114997, ""base_cognitive.importance_trigger"": 147.51606081653722, ""base_cognitive.impulse_override"": 0.09730687488536084, ""base_cognitive.plan_consistency"": 0.7730440178775112, ""base_cognitive.recency_decay"": 0.9827894245379207, ""base_cognitive.retention"": 4, ""base_cognitive.social_sensitivity"": 0.594105405859759, ""base_cognitive.task_initiation_delay"": 0.0012474106421737337, ""base_cognitive.vision_r"": 4, ""base_emotional.anger"": 0.11040207670279854, ""base_emotional.anxiety"": 0.1238515765557648, ""base_emotional.excitement"": 0.2944785901085617, ""base_emotional.frustration"": 0.18988604457724895, ""base_emotional.loneliness"": 0.08386619457619965, ""base_emotional.self_esteem"": 0.6370636938137136, ""base_emotional.shame"": 0.050731365119490786, ""base_emotional.trust_in_teacher"": 0.7000814801883015}"		
1778045952.440	3	8	0.799048	0.807860	0.785829	0.000000	"{""adhd_hyperactive_impulsive.cognitive.conflict_tendency"": 0.19767678166841862, ""adhd_hyperactive_impulsive.cognitive.impulse_override"": 0.3544101812498074, ""adhd_hyperactive_impulsive.cognitive.plan_consistency"": -0.4379011853080019, ""adhd_hyperactive_impulsive.emotional.anger"": 0.12522234271181729, ""adhd_hyperactive_impulsive.emotional.excitement"": 0.14658187507699227, ""adhd_inattentive.cognitive.att_bandwidth"": -1, ""adhd_inattentive.cognitive.plan_consistency"": -0.26720913491726545, ""adhd_inattentive.cognitive.retention"": -2, ""adhd_inattentive.cognitive.task_initiation_delay"": 0.33078645150674596, ""adhd_inattentive.emotional.frustration"": 0.17782279467927598, ""adhd_inattentive.emotional.self_esteem"": -0.3066954569795328, ""adhd_inattentive.emotional.shame"": 0.1834437511022043, ""base_cognitive.att_bandwidth"": 4, ""base_cognitive.conflict_tendency"": 0.11267987888566135, ""base_cognitive.importance_trigger"": 122.25537040824075, ""base_cognitive.impulse_override"": 0.06179261315809311, ""base_cognitive.plan_consistency"": 0.7679341917400178, ""base_cognitive.recency_decay"": 0.9935160054250182, ""base_cognitive.retention"": 4, ""base_cognitive.social_sensitivity"": 0.43912177528927465, ""base_cognitive.task_initiation_delay"": 0.057867579756485335, ""base_cognitive.vision_r"": 4, ""base_emotional.anger"": 0.05672926310790434, ""base_emotional.anxiety"": 0.14452591123590847, ""base_emotional.excitement"": 0.2159246714474361, ""base_emotional.frustration"": 0.08708397390654718, ""base_emotional.loneliness"": 0.056444428042015465, ""base_emotional.self_esteem"": 0.6738464758549262, ""base_emotional.shame"": 0.11024456860664854, ""base_emotional.trust_in_teacher"": 0.6101772105919914}"		
1778045953.048	3	9	0.810498	0.809774	0.811583	0.000000	"{""adhd_hyperactive_impulsive.cognitive.conflict_tendency"": 0.2145168621320807, ""adhd_hyperactive_impulsive.cognitive.impulse_override"": 0.33231463612967005, ""adhd_hyperactive_impulsive.cognitive.plan_consistency"": -0.49356434409503464, ""adhd_hyperactive_impulsive.emotional.anger"": 0.24849156787659543, ""adhd_hyperactive_impulsive.emotional.excitement"": 0.11484267637577587, ""adhd_inattentive.cognitive.att_bandwidth"": -1, ""adhd_inattentive.cognitive.plan_consistency"": -0.4377313920628258, ""adhd_inattentive.cognitive.retention"": -4, ""adhd_inattentive.cognitive.task_initiation_delay"": 0.3231348671443743, ""adhd_inattentive.emotional.frustration"": 0.16526165011433983, ""adhd_inattentive.emotional.self_esteem"": -0.2704849342140364, ""adhd_inattentive.emotional.shame"": 0.1671981943880036, ""base_cognitive.att_bandwidth"": 4, ""base_cognitive.conflict_tendency"": 0.04328362274657403, ""base_cognitive.importance_trigger"": 114.52882429258506, ""base_cognitive.impulse_override"": 0.0961408127640807, ""base_cognitive.plan_consistency"": 0.8964961059468092, ""base_cognitive.recency_decay"": 0.9923870943952928, ""base_cognitive.retention"": 5, ""base_cognitive.social_sensitivity"": 0.34145189141096427, ""base_cognitive.task_initiation_delay"": 0.035527338397034744, ""base_cognitive.vision_r"": 5, ""base_emotional.anger"": 0.0676143252605762, ""base_emotional.anxiety"": 0.1417846081481823, ""base_emotional.excitement"": 0.26717886879310615, ""base_emotional.frustration"": 0.07718401253765642, ""base_emotional.loneliness"": 0.09686179384972406, ""base_emotional.self_esteem"": 0.6258119492819666, ""base_emotional.shame"": 0.0744861276844187, ""base_emotional.trust_in_teacher"": 0.7890111315691972}"		
1778045953.572	3	10	0.614308	0.518679	0.757750	0.000000	"{""adhd_hyperactive_impulsive.cognitive.conflict_tendency"": 0.2138942511604615, ""adhd_hyperactive_impulsive.cognitive.impulse_override"": 0.2746796358063069, ""adhd_hyperactive_impulsive.cognitive.plan_consistency"": -0.5254517334427921, ""adhd_hyperactive_impulsive.emotional.anger"": 0.21845811659194672, ""adhd_hyperactive_impulsive.emotional.excitement"": 0.1275425928413973, ""adhd_inattentive.cognitive.att_bandwidth"": -2, ""adhd_inattentive.cognitive.plan_consistency"": -0.31342388599482607, ""adhd_inattentive.cognitive.retention"": -3, ""adhd_inattentive.cognitive.task_initiation_delay"": 0.39737523028891863, ""adhd_inattentive.emotional.frustration"": 0.2461738756558072, ""adhd_inattentive.emotional.self_esteem"": -0.18407793265664602, ""adhd_inattentive.emotional.shame"": 0.2367396662292458, ""base_cognitive.att_bandwidth"": 3, ""base_cognitive.conflict_tendency"": 0.10775567732382114, ""base_cognitive.importance_trigger"": 106.23966957649905, ""base_cognitive.impulse_override"": 0.03768929617049826, ""base_cognitive.plan_consistency"": 0.9102697382324151, ""base_cognitive.recency_decay"": 0.9941946728272213, ""base_cognitive.retention"": 4, ""base_cognitive.social_sensitivity"": 0.5382723933042928, ""base_cognitive.task_initiation_delay"": 0.04156807495315098, ""base_cognitive.vision_r"": 5, ""base_emotional.anger"": 0.09970117516560008, ""base_emotional.anxiety"": 0.11337164650703478, ""base_emotional.excitement"": 0.27864165962457144, ""base_emotional.frustration"": 0.14532299349497366, ""base_emotional.loneliness"": 0.07181279995396372, ""base_emotional.self_esteem"": 0.7508111359908523, ""base_emotional.shame"": 0.1422710073571759, ""base_emotional.trust_in_teacher"": 0.5677434994394804}"		
1778045954.097	3	11	0.692126	0.634027	0.779275	0.000000	"{""adhd_hyperactive_impulsive.cognitive.conflict_tendency"": 0.11799628008614677, ""adhd_hyperactive_impulsive.cognitive.impulse_override"": 0.3656528115759597, ""adhd_hyperactive_impulsive.cognitive.plan_consistency"": -0.5034950155708444, ""adhd_hyperactive_impulsive.emotional.anger"": 0.131763307473738, ""adhd_hyperactive_impulsive.emotional.excitement"": 0.1741150135048376, ""adhd_inattentive.cognitive.att_bandwidth"": -2, ""adhd_inattentive.cognitive.plan_consistency"": -0.32188582959824774, ""adhd_inattentive.cognitive.retention"": -4, ""adhd_inattentive.cognitive.task_initiation_delay"": 0.4437771121021251, ""adhd_inattentive.emotional.frustration"": 0.19357448340558453, ""adhd_inattentive.emotional.self_esteem"": -0.2900386605528205, ""adhd_inattentive.emotional.shame"": 0.20991221442809016, ""base_cognitive.att_bandwidth"": 2, ""base_cognitive.conflict_tendency"": 0.06532635963379257, ""base_cognitive.importance_trigger"": 100.61790856867079, ""base_cognitive.impulse_override"": 0.07317588816138698, ""base_cognitive.plan_consistency"": 0.8140382071397092, ""base_cognitive.recency_decay"": 0.9832910978987951, ""base_cognitive.retention"": 5, ""base_cognitive.social_sensitivity"": 0.5106845483783031, ""base_cognitive.task_initiation_delay"": 0.021656949613050473, ""base_cognitive.vision_r"": 4, ""base_emotional.anger"": 0.08668067896264871, ""base_emotional.anxiety"": 0.13483254315629575, ""base_emotional.excitement"": 0.2725679283237953, ""base_emotional.frustration"": 0.13499420059842546, ""base_emotional.loneliness"": 0.07364358300853141, ""base_emotional.self_esteem"": 0.7090865475930301, ""base_emotional.shame"": 0.07212470510470514, ""base_emotional.trust_in_teacher"": 0.7128060599721486}"		
1778045954.679	3	12	0.831020	0.807708	0.865989	0.000000	"{""adhd_hyperactive_impulsive.cognitive.conflict_tendency"": 0.10478151532515108, ""adhd_hyperactive_impulsive.cognitive.impulse_override"": 0.2671683396091997, ""adhd_hyperactive_impulsive.cognitive.plan_consistency"": -0.5313271047366107, ""adhd_hyperactive_impulsive.emotional.anger"": 0.23014844290952807, ""adhd_hyperactive_impulsive.emotional.excitement"": 0.15291098607938935, ""adhd_inattentive.cognitive.att_bandwidth"": -2, ""adhd_inattentive.cognitive.plan_consistency"": -0.4230684019926217, ""adhd_inattentive.cognitive.retention"": -3, ""adhd_inattentive.cognitive.task_initiation_delay"": 0.45615664266554024, ""adhd_inattentive.emotional.frustration"": 0.12060731951517083, ""adhd_inattentive.emotional.self_esteem"": -0.2831589271487603, ""adhd_inattentive.emotional.shame"": 0.15997088022855802, ""base_cognitive.att_bandwidth"": 3, ""base_cognitive.conflict_tendency"": 0.04179169660091184, ""base_cognitive.importance_trigger"": 111.77548080982659, ""base_cognitive.impulse_override"": 0.05927442647442484, ""base_cognitive.plan_consistency"": 0.7577123163483414, ""base_cognitive.recency_decay"": 0.9817397761657106, ""base_cognitive.retention"": 5, ""base_cognitive.social_sensitivity"": 0.37389579012790436, ""base_cognitive.task_initiation_delay"": 0.09177656207305845, ""base_cognitive.vision_r"": 4, ""base_emotional.anger"": 0.14244377715553735, ""base_emotional.anxiety"": 0.1675458796843411, ""base_emotional.excitement"": 0.20428519264045264, ""base_emotional.frustration"": 0.13125810843659355, ""base_emotional.loneliness"": 0.04619940102899573, ""base_emotional.self_esteem"": 0.6888079091747458, ""base_emotional.shame"": 0.1358605339313628, ""base_emotional.trust_in_teacher"": 0.6794355194847416}"		
1778045955.218	3	13	0.780753	0.806129	0.742690	0.000000	"{""adhd_hyperactive_impulsive.cognitive.conflict_tendency"": 0.1709710170666897, ""adhd_hyperactive_impulsive.cognitive.impulse_override"": 0.280590294441068, ""adhd_hyperactive_impulsive.cognitive.plan_consistency"": -0.46872675787308626, ""adhd_hyperactive_impulsive.emotional.anger"": 0.20695600234327255, ""adhd_hyperactive_impulsive.emotional.excitement"": 0.1810224537571684, ""adhd_inattentive.cognitive.att_bandwidth"": -2, ""adhd_inattentive.cognitive.plan_consistency"": -0.3042642462205296, ""adhd_inattentive.cognitive.retention"": -3, ""adhd_inattentive.cognitive.task_initiation_delay"": 0.3751128609258127, ""adhd_inattentive.emotional.frustration"": 0.14025121765775356, ""adhd_inattentive.emotional.self_esteem"": -0.24732009949846712, ""adhd_inattentive.emotional.shame"": 0.1439798976335083, ""base_cognitive.att_bandwidth"": 2, ""base_cognitive.conflict_tendency"": 0.09263094114322624, ""base_cognitive.importance_trigger"": 139.52490873699716, ""base_cognitive.impulse_override"": 0.05738272617510029, ""base_cognitive.plan_consistency"": 0.9189213447027142, ""base_cognitive.recency_decay"": 0.9851138207647488, ""base_cognitive.retention"": 5, ""base_cognitive.social_sensitivity"": 0.49197221702911414, ""base_cognitive.task_initiation_delay"": 0.08423642942588883, ""base_cognitive.vision_r"": 5, ""base_emotional.anger"": 0.14686110574798134, ""base_emotional.anxiety"": 0.15173302051156712, ""base_emotional.excitement"": 0.23753311517048595, ""base_emotional.frustration"": 0.11016735323138357, ""base_emotional.loneliness"": 0.14578245912244764, ""base_emotional.self_esteem"": 0.7630716061455596, ""base_emotional.shame"": 0.03208614798257083, ""base_emotional.trust_in_teacher"": 0.6170478783305633}"		
1778045955.748	3	14	0.787752	0.811394	0.752287	0.000000	"{""adhd_hyperactive_impulsive.cognitive.conflict_tendency"": 0.18421007716932636, ""adhd_hyperactive_impulsive.cognitive.impulse_override"": 0.34753572845237596, ""adhd_hyperactive_impulsive.cognitive.plan_consistency"": -0.5450855268134077, ""adhd_hyperactive_impulsive.emotional.anger"": 0.17982820271942676, ""adhd_hyperactive_impulsive.emotional.excitement"": 0.12167011809592079, ""adhd_inattentive.cognitive.att_bandwidth"": -2, ""adhd_inattentive.cognitive.plan_consistency"": -0.32917046020369695, ""adhd_inattentive.cognitive.retention"": -4, ""adhd_inattentive.cognitive.task_initiation_delay"": 0.3872667871601433, ""adhd_inattentive.emotional.frustration"": 0.14688574788042238, ""adhd_inattentive.emotional.self_esteem"": -0.267287300214665, ""adhd_inattentive.emotional.shame"": 0.2292092061007195, ""base_cognitive.att_bandwidth"": 2, ""base_cognitive.conflict_tendency"": 0.05459543812245525, ""base_cognitive.importance_trigger"": 110.33502876892307, ""base_cognitive.impulse_override"": 0.04777620328198018, ""base_cognitive.plan_consistency"": 0.9292099794825435, ""base_cognitive.recency_decay"": 0.9821387220095794, ""base_cognitive.retention"": 5, ""base_cognitive.social_sensitivity"": 0.48182601782463763, ""base_cognitive.task_initiation_delay"": 0.04559914714290319, ""base_cognitive.vision_r"": 4, ""base_emotional.anger"": 0.09246801436923402, ""base_emotional.anxiety"": 0.0766518955785276, ""base_emotional.excitement"": 0.22652735865840656, ""base_emotional.frustration"": 0.10636804733686778, ""base_emotional.loneliness"": 0.13413679271360132, ""base_emotional.self_esteem"": 0.6804097983719264, ""base_emotional.shame"": 0.09794143812940899, ""base_emotional.trust_in_teacher"": 0.7601237422798595}"		
1778045956.365	3	15	0.785889	0.803255	0.759841	0.000000	"{""adhd_hyperactive_impulsive.cognitive.conflict_tendency"": 0.1890607212876885, ""adhd_hyperactive_impulsive.cognitive.impulse_override"": 0.2556290743511775, ""adhd_hyperactive_impulsive.cognitive.plan_consistency"": -0.3711212214064865, ""adhd_hyperactive_impulsive.emotional.anger"": 0.12398834475995174, ""adhd_hyperactive_impulsive.emotional.excitement"": 0.2015204278239171, ""adhd_inattentive.cognitive.att_bandwidth"": -3, ""adhd_inattentive.cognitive.plan_consistency"": -0.27438086960370467, ""adhd_inattentive.cognitive.retention"": -3, ""adhd_inattentive.cognitive.task_initiation_delay"": 0.46406136529895525, ""adhd_inattentive.emotional.frustration"": 0.21525685943153627, ""adhd_inattentive.emotional.self_esteem"": -0.18948591988172214, ""adhd_inattentive.emotional.shame"": 0.23958106729629458, ""base_cognitive.att_bandwidth"": 3, ""base_cognitive.conflict_tendency"": 0.10199357270956776, ""base_cognitive.importance_trigger"": 164.70343890209966, ""base_cognitive.impulse_override"": 0.07778935573233775, ""base_cognitive.plan_consistency"": 0.8522622142848315, ""base_cognitive.recency_decay"": 0.9913037554269636, ""base_cognitive.retention"": 6, ""base_cognitive.social_sensitivity"": 0.4673027078378543, ""base_cognitive.task_initiation_delay"": 0.061709462282798416, ""base_cognitive.vision_r"": 4, ""base_emotional.anger"": 0.037000480273525344, ""base_emotional.anxiety"": 0.14897336049099402, ""base_emotional.excitement"": 0.26260923661441665, ""base_emotional.frustration"": 0.071241263965758, ""base_emotional.loneliness"": 0.037014952573183, ""base_emotional.self_esteem"": 0.6222540802698852, ""base_emotional.shame"": 0.09466541270188221, ""base_emotional.trust_in_teacher"": 0.7796372168537591}"		
1778045956.956	3	16	0.620704	0.514238	0.780402	0.000000	"{""adhd_hyperactive_impulsive.cognitive.conflict_tendency"": 0.21001844413437976, ""adhd_hyperactive_impulsive.cognitive.impulse_override"": 0.3988997220059095, ""adhd_hyperactive_impulsive.cognitive.plan_consistency"": -0.38844490107545004, ""adhd_hyperactive_impulsive.emotional.anger"": 0.1671422820168605, ""adhd_hyperactive_impulsive.emotional.excitement"": 0.10550427058809381, ""adhd_inattentive.cognitive.att_bandwidth"": -2, ""adhd_inattentive.cognitive.plan_consistency"": -0.39201699073033264, ""adhd_inattentive.cognitive.retention"": -2, ""adhd_inattentive.cognitive.task_initiation_delay"": 0.35451263276921036, ""adhd_inattentive.emotional.frustration"": 0.23688630673025157, ""adhd_inattentive.emotional.self_esteem"": -0.2923749484550221, ""adhd_inattentive.emotional.shame"": 0.12113024586332014, ""base_cognitive.att_bandwidth"": 4, ""base_cognitive.conflict_tendency"": 0.05884632893746415, ""base_cognitive.importance_trigger"": 139.09331595683454, ""base_cognitive.impulse_override"": 0.051389649337856946, ""base_cognitive.plan_consistency"": 0.862598182941416, ""base_cognitive.recency_decay"": 0.9807580296234208, ""base_cognitive.retention"": 5, ""base_cognitive.social_sensitivity"": 0.4705526715967281, ""base_cognitive.task_initiation_delay"": 0.08757520879533502, ""base_cognitive.vision_r"": 5, ""base_emotional.anger"": 0.1301642945686457, ""base_emotional.anxiety"": 0.05195091901998831, ""base_emotional.excitement"": 0.16983302915443926, ""base_emotional.frustration"": 0.09896095019034146, ""base_emotional.loneliness"": 0.13893165057896129, ""base_emotional.self_esteem"": 0.7457078939048459, ""base_emotional.shame"": 0.060450822349779096, ""base_emotional.trust_in_teacher"": 0.7716905798421241}"		
1778045957.544	3	17	0.632506	0.524202	0.794961	0.000000	"{""adhd_hyperactive_impulsive.cognitive.conflict_tendency"": 0.1463083647912068, ""adhd_hyperactive_impulsive.cognitive.impulse_override"": 0.25901877136898627, ""adhd_hyperactive_impulsive.cognitive.plan_consistency"": -0.528962771601046, ""adhd_hyperactive_impulsive.emotional.anger"": 0.13682861287009948, ""adhd_hyperactive_impulsive.emotional.excitement"": 0.23658408419702578, ""adhd_inattentive.cognitive.att_bandwidth"": -1, ""adhd_inattentive.cognitive.plan_consistency"": -0.3517267734332385, ""adhd_inattentive.cognitive.retention"": -3, ""adhd_inattentive.cognitive.task_initiation_delay"": 0.3692881458203291, ""adhd_inattentive.emotional.frustration"": 0.2164072582029974, ""adhd_inattentive.emotional.self_esteem"": -0.3222400653274498, ""adhd_inattentive.emotional.shame"": 0.19535308751385852, ""base_cognitive.att_bandwidth"": 3, ""base_cognitive.conflict_tendency"": 0.07740506932044056, ""base_cognitive.importance_trigger"": 134.30730887554267, ""base_cognitive.impulse_override"": 0.04296421147627869, ""base_cognitive.plan_consistency"": 0.8238303129114952, ""base_cognitive.recency_decay"": 0.9800237079407405, ""base_cognitive.retention"": 5, ""base_cognitive.social_sensitivity"": 0.32391681408433537, ""base_cognitive.task_initiation_delay"": 0.015236728829885802, ""base_cognitive.vision_r"": 3, ""base_emotional.anger"": 0.11841852266979712, ""base_emotional.anxiety"": 0.054014142334134665, ""base_emotional.excitement"": 0.2811499544072625, ""base_emotional.frustration"": 0.14652295647361846, ""base_emotional.loneliness"": 0.13182266012327776, ""base_emotional.self_esteem"": 0.713897939586344, ""base_emotional.shame"": 0.040898970906036704, ""base_emotional.trust_in_teacher"": 0.7504622693268028}"		
1778045958.118	3	18	0.710198	0.640392	0.814906	0.000000	"{""adhd_hyperactive_impulsive.cognitive.conflict_tendency"": 0.1813166877468778, ""adhd_hyperactive_impulsive.cognitive.impulse_override"": 0.29797437695241363, ""adhd_hyperactive_impulsive.cognitive.plan_consistency"": -0.4972294759660099, ""adhd_hyperactive_impulsive.emotional.anger"": 0.1445520294996706, ""adhd_hyperactive_impulsive.emotional.excitement"": 0.2253907733985344, ""adhd_inattentive.cognitive.att_bandwidth"": -3, ""adhd_inattentive.cognitive.plan_consistency"": -0.4025251533475744, ""adhd_inattentive.cognitive.retention"": -3, ""adhd_inattentive.cognitive.task_initiation_delay"": 0.4202132630392808, ""adhd_inattentive.emotional.frustration"": 0.1422552134877934, ""adhd_inattentive.emotional.self_esteem"": -0.31267437629671674, ""adhd_inattentive.emotional.shame"": 0.16106508642914052, ""base_cognitive.att_bandwidth"": 2, ""base_cognitive.conflict_tendency"": 0.07663295348164686, ""base_cognitive.importance_trigger"": 155.90768955417832, ""base_cognitive.impulse_override"": 0.07330236431302249, ""base_cognitive.plan_consistency"": 0.8269880677958303, ""base_cognitive.recency_decay"": 0.988294583405189, ""base_cognitive.retention"": 6, ""base_cognitive.social_sensitivity"": 0.5235467807065333, ""base_cognitive.task_initiation_delay"": 0.011386360594345174, ""base_cognitive.vision_r"": 4, ""base_emotional.anger"": 0.048904820678300334, ""base_emotional.anxiety"": 0.1173425054921472, ""base_emotional.excitement"": 0.2544429622984659, ""base_emotional.frustration"": 0.1592458923721466, ""base_emotional.loneliness"": 0.14264913501190477, ""base_emotional.self_esteem"": 0.741563501983522, ""base_emotional.shame"": 0.07039624607625816, ""base_emotional.trust_in_teacher"": 0.7817440732920948}"		
1778045958.746	3	19	0.796006	0.805659	0.781526	0.000000	"{""adhd_hyperactive_impulsive.cognitive.conflict_tendency"": 0.2074719578019113, ""adhd_hyperactive_impulsive.cognitive.impulse_override"": 0.2620928523624735, ""adhd_hyperactive_impulsive.cognitive.plan_consistency"": -0.5172069547197317, ""adhd_hyperactive_impulsive.emotional.anger"": 0.13324431789941038, ""adhd_hyperactive_impulsive.emotional.excitement"": 0.19662262248382634, ""adhd_inattentive.cognitive.att_bandwidth"": -1, ""adhd_inattentive.cognitive.plan_consistency"": -0.3948622362181475, ""adhd_inattentive.cognitive.retention"": -2, ""adhd_inattentive.cognitive.task_initiation_delay"": 0.4830256881805056, ""adhd_inattentive.emotional.frustration"": 0.19946640315574596, ""adhd_inattentive.emotional.self_esteem"": -0.34195492172923736, ""adhd_inattentive.emotional.shame"": 0.19257200977629163, ""base_cognitive.att_bandwidth"": 3, ""base_cognitive.conflict_tendency"": 0.035777911175328164, ""base_cognitive.importance_trigger"": 156.10038736558965, ""base_cognitive.impulse_override"": 0.0991262077865923, ""base_cognitive.plan_consistency"": 0.8712166248926968, ""base_cognitive.recency_decay"": 0.9886984382930729, ""base_cognitive.retention"": 6, ""base_cognitive.social_sensitivity"": 0.5479502910601712, ""base_cognitive.task_initiation_delay"": 0.01206196838526083, ""base_cognitive.vision_r"": 4, ""base_emotional.anger"": 0.12730078430917854, ""base_emotional.anxiety"": 0.12554068224362153, ""base_emotional.excitement"": 0.288120687973377, ""base_emotional.frustration"": 0.05376072233351962, ""base_emotional.loneliness"": 0.05098304186447364, ""base_emotional.self_esteem"": 0.6344072844223321, ""base_emotional.shame"": 0.13166292642330665, ""base_emotional.trust_in_teacher"": 0.6649947500982967}"		
1778045959.309	3	20	0.783321	0.810408	0.742690	0.000000	"{""adhd_hyperactive_impulsive.cognitive.conflict_tendency"": 0.23641019021923312, ""adhd_hyperactive_impulsive.cognitive.impulse_override"": 0.293904510900214, ""adhd_hyperactive_impulsive.cognitive.plan_consistency"": -0.4125290748244826, ""adhd_hyperactive_impulsive.emotional.anger"": 0.13838104016680058, ""adhd_hyperactive_impulsive.emotional.excitement"": 0.20262806393727545, ""adhd_inattentive.cognitive.att_bandwidth"": -1, ""adhd_inattentive.cognitive.plan_consistency"": -0.30925129575822774, ""adhd_inattentive.cognitive.retention"": -4, ""adhd_inattentive.cognitive.task_initiation_delay"": 0.40909041655405726, ""adhd_inattentive.emotional.frustration"": 0.16089219501418067, ""adhd_inattentive.emotional.self_esteem"": -0.3113579665962594, ""adhd_inattentive.emotional.shame"": 0.13792215622853304, ""base_cognitive.att_bandwidth"": 2, ""base_cognitive.conflict_tendency"": 0.09724733843766917, ""base_cognitive.importance_trigger"": 141.26530848320627, ""base_cognitive.impulse_override"": 0.06976137804192856, ""base_cognitive.plan_consistency"": 0.9404057068016402, ""base_cognitive.recency_decay"": 0.9927578042076834, ""base_cognitive.retention"": 6, ""base_cognitive.social_sensitivity"": 0.5520413769965404, ""base_cognitive.task_initiation_delay"": 0.07824860889614588, ""base_cognitive.vision_r"": 3, ""base_emotional.anger"": 0.1344191406287849, ""base_emotional.anxiety"": 0.06733855599828589, ""base_emotional.excitement"": 0.2913120811478208, ""base_emotional.frustration"": 0.16258617062846487, ""base_emotional.loneliness"": 0.11417411319547895, ""base_emotional.self_esteem"": 0.7795029592339192, ""base_emotional.shame"": 0.1473952071001774, ""base_emotional.trust_in_teacher"": 0.6889334401024445}"		
1778045959.901	3	21	0.742584	0.717305	0.780503	0.000000	"{""adhd_hyperactive_impulsive.cognitive.conflict_tendency"": 0.13830751359628699, ""adhd_hyperactive_impulsive.cognitive.impulse_override"": 0.25744856640736563, ""adhd_hyperactive_impulsive.cognitive.plan_consistency"": -0.41453090914465424, ""adhd_hyperactive_impulsive.emotional.anger"": 0.19987526276524026, ""adhd_hyperactive_impulsive.emotional.excitement"": 0.14977105640535915, ""adhd_inattentive.cognitive.att_bandwidth"": -2, ""adhd_inattentive.cognitive.plan_consistency"": -0.38339516009819197, ""adhd_inattentive.cognitive.retention"": -4, ""adhd_inattentive.cognitive.task_initiation_delay"": 0.3049135948118362, ""adhd_inattentive.emotional.frustration"": 0.20065930367551343, ""adhd_inattentive.emotional.self_esteem"": -0.3362989707053992, ""adhd_inattentive.emotional.shame"": 0.11872965881206946, ""base_cognitive.att_bandwidth"": 3, ""base_cognitive.conflict_tendency"": 0.08225970861557415, ""base_cognitive.importance_trigger"": 159.65143657386616, ""base_cognitive.impulse_override"": 0.09382360975656041, ""base_cognitive.plan_consistency"": 0.8890629850745544, ""base_cognitive.recency_decay"": 0.9855579667744905, ""base_cognitive.retention"": 5, ""base_cognitive.social_sensitivity"": 0.30049927249725966, ""base_cognitive.task_initiation_delay"": 0.019951190387635053, ""base_cognitive.vision_r"": 5, ""base_emotional.anger"": 0.08147060580203529, ""base_emotional.anxiety"": 0.16522696924744817, ""base_emotional.excitement"": 0.18068886249526317, ""base_emotional.frustration"": 0.13937958533347056, ""base_emotional.loneliness"": 0.1202003833799835, ""base_emotional.self_esteem"": 0.7538170077598048, ""base_emotional.shame"": 0.13488526349274121, ""base_emotional.trust_in_teacher"": 0.7979925900554946}"		
1778045960.384	3	22	0.649246	0.523818	0.837388	0.000000	"{""adhd_hyperactive_impulsive.cognitive.conflict_tendency"": 0.24764330604366844, ""adhd_hyperactive_impulsive.cognitive.impulse_override"": 0.29102004997564984, ""adhd_hyperactive_impulsive.cognitive.plan_consistency"": -0.43164999390530745, ""adhd_hyperactive_impulsive.emotional.anger"": 0.21518561146776904, ""adhd_hyperactive_impulsive.emotional.excitement"": 0.13874417350681037, ""adhd_inattentive.cognitive.att_bandwidth"": -2, ""adhd_inattentive.cognitive.plan_consistency"": -0.4138013570100124, ""adhd_inattentive.cognitive.retention"": -4, ""adhd_inattentive.cognitive.task_initiation_delay"": 0.4454964309695041, ""adhd_inattentive.emotional.frustration"": 0.2064970670464693, ""adhd_inattentive.emotional.self_esteem"": -0.23489716091961715, ""adhd_inattentive.emotional.shame"": 0.14085343261524672, ""base_cognitive.att_bandwidth"": 2, ""base_cognitive.conflict_tendency"": 0.08691557142590461, ""base_cognitive.importance_trigger"": 113.30652506600676, ""base_cognitive.impulse_override"": 0.06421203998739522, ""base_cognitive.plan_consistency"": 0.7854201507803625, ""base_cognitive.recency_decay"": 0.9837205708091659, ""base_cognitive.retention"": 4, ""base_cognitive.social_sensitivity"": 0.5914113860325744, ""base_cognitive.task_initiation_delay"": 0.006520305537631977, ""base_cognitive.vision_r"": 3, ""base_emotional.anger"": 0.043065998781385124, ""base_emotional.anxiety"": 0.14775369331372643, ""base_emotional.excitement"": 0.22982867100378815, ""base_emotional.frustration"": 0.1154064911530884, ""base_emotional.loneliness"": 0.053458787284537165, ""base_emotional.self_esteem"": 0.6792756631489554, ""base_emotional.shame"": 0.05301408803777907, ""base_emotional.trust_in_teacher"": 0.6654419183313209}"		
1778045960.894	3	23	0.730651	0.714929	0.754234	0.000000	"{""adhd_hyperactive_impulsive.cognitive.conflict_tendency"": 0.1214824581855683, ""adhd_hyperactive_impulsive.cognitive.impulse_override"": 0.28792065529732247, ""adhd_hyperactive_impulsive.cognitive.plan_consistency"": -0.48822905210939854, ""adhd_hyperactive_impulsive.emotional.anger"": 0.15130271759610733, ""adhd_hyperactive_impulsive.emotional.excitement"": 0.1402868579875329, ""adhd_inattentive.cognitive.att_bandwidth"": -3, ""adhd_inattentive.cognitive.plan_consistency"": -0.35536668427292045, ""adhd_inattentive.cognitive.retention"": -4, ""adhd_inattentive.cognitive.task_initiation_delay"": 0.4723689041960373, ""adhd_inattentive.emotional.frustration"": 0.14896235209119774, ""adhd_inattentive.emotional.self_esteem"": -0.19373391156510142, ""adhd_inattentive.emotional.shame"": 0.21861600112779211, ""base_cognitive.att_bandwidth"": 3, ""base_cognitive.conflict_tendency"": 0.1137073224244643, ""base_cognitive.importance_trigger"": 167.52897061141772, ""base_cognitive.impulse_override"": 0.09034318555101616, ""base_cognitive.plan_consistency"": 0.9429704744687345, ""base_cognitive.recency_decay"": 0.9857555162539712, ""base_cognitive.retention"": 4, ""base_cognitive.social_sensitivity"": 0.37138112790640265, ""base_cognitive.task_initiation_delay"": 0.003401262784125448, ""base_cognitive.vision_r"": 5, ""base_emotional.anger"": 0.07128814637963876, ""base_emotional.anxiety"": 0.07162378884392875, ""base_emotional.excitement"": 0.16040534046291371, ""base_emotional.frustration"": 0.17792861483309902, ""base_emotional.loneliness"": 0.09803781236893261, ""base_emotional.self_esteem"": 0.734109610281118, ""base_emotional.shame"": 0.1436551887463639, ""base_emotional.trust_in_teacher"": 0.5549185259239368}"		
1778045961.468	3	24	0.783261	0.810309	0.742690	0.000000	"{""adhd_hyperactive_impulsive.cognitive.conflict_tendency"": 0.13557386025623683, ""adhd_hyperactive_impulsive.cognitive.impulse_override"": 0.33650720831552366, ""adhd_hyperactive_impulsive.cognitive.plan_consistency"": -0.5067583827546321, ""adhd_hyperactive_impulsive.emotional.anger"": 0.15602862648405783, ""adhd_hyperactive_impulsive.emotional.excitement"": 0.11680494164948135, ""adhd_inattentive.cognitive.att_bandwidth"": -3, ""adhd_inattentive.cognitive.plan_consistency"": -0.2826017915851665, ""adhd_inattentive.cognitive.retention"": -3, ""adhd_inattentive.cognitive.task_initiation_delay"": 0.32711741043079695, ""adhd_inattentive.emotional.frustration"": 0.1710443672498999, ""adhd_inattentive.emotional.self_esteem"": -0.2072376437535996, ""adhd_inattentive.emotional.shame"": 0.1693445650883743, ""base_cognitive.att_bandwidth"": 2, ""base_cognitive.conflict_tendency"": 0.05087122381239044, ""base_cognitive.importance_trigger"": 153.3833747209349, ""base_cognitive.impulse_override"": 0.06653433197950143, ""base_cognitive.plan_consistency"": 0.9091600609565555, ""base_cognitive.recency_decay"": 0.986125020281233, ""base_cognitive.retention"": 6, ""base_cognitive.social_sensitivity"": 0.5447092541877102, ""base_cognitive.task_initiation_delay"": 0.05926698757130222, ""base_cognitive.vision_r"": 5, ""base_emotional.anger"": 0.03157032814160662, ""base_emotional.anxiety"": 0.07462646482109386, ""base_emotional.excitement"": 0.29884502574336846, ""base_emotional.frustration"": 0.09178159929061896, ""base_emotional.loneliness"": 0.030975361305900794, ""base_emotional.self_esteem"": 0.6515882844734174, ""base_emotional.shame"": 0.12279460318903784, ""base_emotional.trust_in_teacher"": 0.6492966554358692}"		
1778045962.137	3	25	0.681807	0.641219	0.742690	0.000000	"{""adhd_hyperactive_impulsive.cognitive.conflict_tendency"": 0.13143351748449078, ""adhd_hyperactive_impulsive.cognitive.impulse_override"": 0.2519546581067062, ""adhd_hyperactive_impulsive.cognitive.plan_consistency"": -0.4068279941620919, ""adhd_hyperactive_impulsive.emotional.anger"": 0.16955256319319315, ""adhd_hyperactive_impulsive.emotional.excitement"": 0.22612946739765724, ""adhd_inattentive.cognitive.att_bandwidth"": -3, ""adhd_inattentive.cognitive.plan_consistency"": -0.2785887977035624, ""adhd_inattentive.cognitive.retention"": -3, ""adhd_inattentive.cognitive.task_initiation_delay"": 0.4993208909835685, ""adhd_inattentive.emotional.frustration"": 0.2115172945501395, ""adhd_inattentive.emotional.self_esteem"": -0.3278930710012981, ""adhd_inattentive.emotional.shame"": 0.11348304138105661, ""base_cognitive.att_bandwidth"": 4, ""base_cognitive.conflict_tendency"": 0.1023247142750742, ""base_cognitive.importance_trigger"": 123.31376574272271, ""base_cognitive.impulse_override"": 0.06884918929373549, ""base_cognitive.plan_consistency"": 0.9026456338981729, ""base_cognitive.recency_decay"": 0.9902050767934825, ""base_cognitive.retention"": 6, ""base_cognitive.social_sensitivity"": 0.4296310102204324, ""base_cognitive.task_initiation_delay"": 0.07457242036229451, ""base_cognitive.vision_r"": 5, ""base_emotional.anger"": 0.11370767573705015, ""base_emotional.anxiety"": 0.08515668550368435, ""base_emotional.excitement"": 0.18930102316037595, ""base_emotional.frustration"": 0.150941856356685, ""base_emotional.loneliness"": 0.06827734872318905, ""base_emotional.self_esteem"": 0.7826780459352877, ""base_emotional.shame"": 0.04560430181911959, ""base_emotional.trust_in_teacher"": 0.6934707456684024}"		
1778045962.632	3	26	0.731039	0.683395	0.802504	0.000000	"{""adhd_hyperactive_impulsive.cognitive.conflict_tendency"": 0.21742150265679094, ""adhd_hyperactive_impulsive.cognitive.impulse_override"": 0.3604274549401996, ""adhd_hyperactive_impulsive.cognitive.plan_consistency"": -0.5018708014091289, ""adhd_hyperactive_impulsive.emotional.anger"": 0.12835186053826203, ""adhd_hyperactive_impulsive.emotional.excitement"": 0.1329132930806216, ""adhd_inattentive.cognitive.att_bandwidth"": -2, ""adhd_inattentive.cognitive.plan_consistency"": -0.44166325842023857, ""adhd_inattentive.cognitive.retention"": -3, ""adhd_inattentive.cognitive.task_initiation_delay"": 0.3472748820064048, ""adhd_inattentive.emotional.frustration"": 0.23339850989255523, ""adhd_inattentive.emotional.self_esteem"": -0.3242146104090466, ""adhd_inattentive.emotional.shame"": 0.1173313995417126, ""base_cognitive.att_bandwidth"": 2, ""base_cognitive.conflict_tendency"": 0.05688021198318716, ""base_cognitive.importance_trigger"": 102.61683968806318, ""base_cognitive.impulse_override"": 0.053363115103646205, ""base_cognitive.plan_consistency"": 0.8902609493186668, ""base_cognitive.recency_decay"": 0.9896560897775661, ""base_cognitive.retention"": 4, ""base_cognitive.social_sensitivity"": 0.5177463143820651, ""base_cognitive.task_initiation_delay"": 0.0479657166281401, ""base_cognitive.vision_r"": 5, ""base_emotional.anger"": 0.12269108560909694, ""base_emotional.anxiety"": 0.09026279141056806, ""base_emotional.excitement"": 0.19476632495924787, ""base_emotional.frustration"": 0.09793498875878806, ""base_emotional.loneliness"": 0.043011171907541945, ""base_emotional.self_esteem"": 0.7947230203623785, ""base_emotional.shame"": 0.042576277071259154, ""base_emotional.trust_in_teacher"": 0.7169412490346471}"		
1778045963.219	3	27	0.810934	0.808399	0.814736	0.000000	"{""adhd_hyperactive_impulsive.cognitive.conflict_tendency"": 0.1765338778061713, ""adhd_hyperactive_impulsive.cognitive.impulse_override"": 0.33934629130957783, ""adhd_hyperactive_impulsive.cognitive.plan_consistency"": -0.5130918108520868, ""adhd_hyperactive_impulsive.emotional.anger"": 0.14100303104902048, ""adhd_hyperactive_impulsive.emotional.excitement"": 0.11939476548533713, ""adhd_inattentive.cognitive.att_bandwidth"": -1, ""adhd_inattentive.cognitive.plan_consistency"": -0.2877413710790429, ""adhd_inattentive.cognitive.retention"": -4, ""adhd_inattentive.cognitive.task_initiation_delay"": 0.378850545894198, ""adhd_inattentive.emotional.frustration"": 0.1568421167145061, ""adhd_inattentive.emotional.self_esteem"": -0.2579384802074497, ""adhd_inattentive.emotional.shame"": 0.11153453577552348, ""base_cognitive.att_bandwidth"": 3, ""base_cognitive.conflict_tendency"": 0.10500141682542473, ""base_cognitive.importance_trigger"": 152.848145131384, ""base_cognitive.impulse_override"": 0.08417707197016466, ""base_cognitive.plan_consistency"": 0.7616384906966004, ""base_cognitive.recency_decay"": 0.9905681386188963, ""base_cognitive.retention"": 5, ""base_cognitive.social_sensitivity"": 0.49750717236770414, ""base_cognitive.task_initiation_delay"": 0.016408211386979274, ""base_cognitive.vision_r"": 4, ""base_emotional.anger"": 0.10476330641295611, ""base_emotional.anxiety"": 0.09920998204561733, ""base_emotional.excitement"": 0.16605950818844445, ""base_emotional.frustration"": 0.059764448959486384, ""base_emotional.loneliness"": 0.09266371299344188, ""base_emotional.self_esteem"": 0.7314530354149547, ""base_emotional.shame"": 0.0584473399072009, ""base_emotional.trust_in_teacher"": 0.599741244551498}"		
1778045963.810	3	28	0.658104	0.522067	0.862160	0.000000	"{""adhd_hyperactive_impulsive.cognitive.conflict_tendency"": 0.19199489549327065, ""adhd_hyperactive_impulsive.cognitive.impulse_override"": 0.2857363134319967, ""adhd_hyperactive_impulsive.cognitive.plan_consistency"": -0.39323822384488616, ""adhd_hyperactive_impulsive.emotional.anger"": 0.24394706792169024, ""adhd_hyperactive_impulsive.emotional.excitement"": 0.12441389906131042, ""adhd_inattentive.cognitive.att_bandwidth"": -1, ""adhd_inattentive.cognitive.plan_consistency"": -0.4481005476360968, ""adhd_inattentive.cognitive.retention"": -3, ""adhd_inattentive.cognitive.task_initiation_delay"": 0.31257606067008015, ""adhd_inattentive.emotional.frustration"": 0.18105378879088935, ""adhd_inattentive.emotional.self_esteem"": -0.24072188104245065, ""adhd_inattentive.emotional.shame"": 0.10665286424219576, ""base_cognitive.att_bandwidth"": 3, ""base_cognitive.conflict_tendency"": 0.05316200967058647, ""base_cognitive.importance_trigger"": 164.16826609903023, ""base_cognitive.impulse_override"": 0.11862930429036972, ""base_cognitive.plan_consistency"": 0.7884086501191194, ""base_cognitive.recency_decay"": 0.9894032671141668, ""base_cognitive.retention"": 5, ""base_cognitive.social_sensitivity"": 0.39317255140531054, ""base_cognitive.task_initiation_delay"": 0.0927951162674845, ""base_cognitive.vision_r"": 5, ""base_emotional.anger"": 0.08400372427840193, ""base_emotional.anxiety"": 0.16263229387737, ""base_emotional.excitement"": 0.2102717139215334, ""base_emotional.frustration"": 0.13091297245067418, ""base_emotional.loneliness"": 0.12756315021789277, ""base_emotional.self_esteem"": 0.7747616232031731, ""base_emotional.shame"": 0.06457998640272188, ""base_emotional.trust_in_teacher"": 0.6422507487210978}"		
1778045964.455	3	29	0.796179	0.808148	0.778227	0.000000	"{""adhd_hyperactive_impulsive.cognitive.conflict_tendency"": 0.11377058730112029, ""adhd_hyperactive_impulsive.cognitive.impulse_override"": 0.3020991630614666, ""adhd_hyperactive_impulsive.cognitive.plan_consistency"": -0.47528868589384277, ""adhd_hyperactive_impulsive.emotional.anger"": 0.17498569686599247, ""adhd_hyperactive_impulsive.emotional.excitement"": 0.21031416785962376, ""adhd_inattentive.cognitive.att_bandwidth"": -2, ""adhd_inattentive.cognitive.plan_consistency"": -0.32490173582857546, ""adhd_inattentive.cognitive.retention"": -3, ""adhd_inattentive.cognitive.task_initiation_delay"": 0.47105593325853623, ""adhd_inattentive.emotional.frustration"": 0.1343568566041403, ""adhd_inattentive.emotional.self_esteem"": -0.26112869450017717, ""adhd_inattentive.emotional.shame"": 0.2285657776856609, ""base_cognitive.att_bandwidth"": 3, ""base_cognitive.conflict_tendency"": 0.06094499675968478, ""base_cognitive.importance_trigger"": 143.97452817978348, ""base_cognitive.impulse_override"": 0.05503116339093482, ""base_cognitive.plan_consistency"": 0.8339678627723852, ""base_cognitive.recency_decay"": 0.9846740511741353, ""base_cognitive.retention"": 6, ""base_cognitive.social_sensitivity"": 0.41979718336736127, ""base_cognitive.task_initiation_delay"": 0.08907463673685972, ""base_cognitive.vision_r"": 4, ""base_emotional.anger"": 0.10839563330337626, ""base_emotional.anxiety"": 0.15929895012365533, ""base_emotional.excitement"": 0.1532226686880508, ""base_emotional.frustration"": 0.0848571465108062, ""base_emotional.loneliness"": 0.0870268116454818, ""base_emotional.self_esteem"": 0.7684822406654432, ""base_emotional.shame"": 0.07811276918467583, ""base_emotional.trust_in_teacher"": 0.70585918665959}"		
1778045965.048	3	30	0.789330	0.785506	0.795064	0.000000	"{""adhd_hyperactive_impulsive.cognitive.conflict_tendency"": 0.2022066780807697, ""adhd_hyperactive_impulsive.cognitive.impulse_override"": 0.32148726932606037, ""adhd_hyperactive_impulsive.cognitive.plan_consistency"": -0.4739623056151623, ""adhd_hyperactive_impulsive.emotional.anger"": 0.20069716925541625, ""adhd_hyperactive_impulsive.emotional.excitement"": 0.1884475143697159, ""adhd_inattentive.cognitive.att_bandwidth"": -1, ""adhd_inattentive.cognitive.plan_consistency"": -0.3590698660074574, ""adhd_inattentive.cognitive.retention"": -2, ""adhd_inattentive.cognitive.task_initiation_delay"": 0.3194327359300526, ""adhd_inattentive.emotional.frustration"": 0.24957031876018954, ""adhd_inattentive.emotional.self_esteem"": -0.21384409606654745, ""adhd_inattentive.emotional.shame"": 0.17561769335102517, ""base_cognitive.att_bandwidth"": 3, ""base_cognitive.conflict_tendency"": 0.08045309877411916, ""base_cognitive.importance_trigger"": 104.18339185031064, ""base_cognitive.impulse_override"": 0.11188183769109886, ""base_cognitive.plan_consistency"": 0.795427640250388, ""base_cognitive.recency_decay"": 0.9869450092722429, ""base_cognitive.retention"": 5, ""base_cognitive.social_sensitivity"": 0.38637573290731597, ""base_cognitive.task_initiation_delay"": 0.022765905744901158, ""base_cognitive.vision_r"": 5, ""base_emotional.anger"": 0.12375048187158798, ""base_emotional.anxiety"": 0.0994608431810259, ""base_emotional.excitement"": 0.23307395209718984, ""base_emotional.frustration"": 0.19856911068747568, ""base_emotional.loneliness"": 0.1226752148489917, ""base_emotional.self_esteem"": 0.6998227969871389, ""base_emotional.shame"": 0.12562386154565633, ""base_emotional.trust_in_teacher"": 0.7685525202068169}"		
1778045965.671	3	31	0.608591	0.486000	0.792476	0.000000	"{""adhd_hyperactive_impulsive.cognitive.conflict_tendency"": 0.10030341928475062, ""adhd_hyperactive_impulsive.cognitive.impulse_override"": 0.31406235356544365, ""adhd_hyperactive_impulsive.cognitive.plan_consistency"": -0.35822471015392643, ""adhd_hyperactive_impulsive.emotional.anger"": 0.18861232581590767, ""adhd_hyperactive_impulsive.emotional.excitement"": 0.13576528418815775, ""adhd_inattentive.cognitive.att_bandwidth"": -2, ""adhd_inattentive.cognitive.plan_consistency"": -0.4299451920509428, ""adhd_inattentive.cognitive.retention"": -3, ""adhd_inattentive.cognitive.task_initiation_delay"": 0.310171827331594, ""adhd_inattentive.emotional.frustration"": 0.2266139162984278, ""adhd_inattentive.emotional.self_esteem"": -0.2251727189636235, ""adhd_inattentive.emotional.shame"": 0.21168554406087328, ""base_cognitive.att_bandwidth"": 3, ""base_cognitive.conflict_tendency"": 0.07427539210534853, ""base_cognitive.importance_trigger"": 145.13814105236688, ""base_cognitive.impulse_override"": 0.11448015973607262, ""base_cognitive.plan_consistency"": 0.8855891021846573, ""base_cognitive.recency_decay"": 0.9940830247615599, ""base_cognitive.retention"": 5, ""base_cognitive.social_sensitivity"": 0.5000815945387238, ""base_cognitive.task_initiation_delay"": 0.03016408821408936, ""base_cognitive.vision_r"": 4, ""base_emotional.anger"": 0.049857957590505736, ""base_emotional.anxiety"": 0.08277791686598898, ""base_emotional.excitement"": 0.1771896218263165, ""base_emotional.frustration"": 0.16860357713903007, ""base_emotional.loneliness"": 0.08146938349292313, ""base_emotional.self_esteem"": 0.6469791852042928, ""base_emotional.shame"": 0.11475476111938389, ""base_emotional.trust_in_teacher"": 0.6972920545620347}"		
1778045966.231	3	32	0.747438	0.750603	0.742690	0.000000	"{""adhd_hyperactive_impulsive.cognitive.conflict_tendency"": 0.15997352761938477, ""adhd_hyperactive_impulsive.cognitive.impulse_override"": 0.3255476034423848, ""adhd_hyperactive_impulsive.cognitive.plan_consistency"": -0.5209148998340087, ""adhd_hyperactive_impulsive.emotional.anger"": 0.2467756626317876, ""adhd_hyperactive_impulsive.emotional.excitement"": 0.220041800214966, ""adhd_inattentive.cognitive.att_bandwidth"": -2, ""adhd_inattentive.cognitive.plan_consistency"": -0.2907226535678899, ""adhd_inattentive.cognitive.retention"": -3, ""adhd_inattentive.cognitive.task_initiation_delay"": 0.3359984018498655, ""adhd_inattentive.emotional.frustration"": 0.2432983944048365, ""adhd_inattentive.emotional.self_esteem"": -0.22117754106051188, ""adhd_inattentive.emotional.shame"": 0.17337622190187835, ""base_cognitive.att_bandwidth"": 4, ""base_cognitive.conflict_tendency"": 0.08030981068836696, ""base_cognitive.importance_trigger"": 124.1713483315548, ""base_cognitive.impulse_override"": 0.04015973929950596, ""base_cognitive.plan_consistency"": 0.9463457583021045, ""base_cognitive.recency_decay"": 0.9810086299467929, ""base_cognitive.retention"": 4, ""base_cognitive.social_sensitivity"": 0.43709950083763827, ""base_cognitive.task_initiation_delay"": 0.033575478855731165, ""base_cognitive.vision_r"": 5, ""base_emotional.anger"": 0.05254842020957272, ""base_emotional.anxiety"": 0.1730849490056373, ""base_emotional.excitement"": 0.2590077682224319, ""base_emotional.frustration"": 0.1181208038917703, ""base_emotional.loneliness"": 0.12434381669876318, ""base_emotional.self_esteem"": 0.6924835816804886, ""base_emotional.shame"": 0.03335000004463386, ""base_emotional.trust_in_teacher"": 0.6033373995967889}"		
1778045966.815	3	33	0.607439	0.517272	0.742690	0.000000	"{""adhd_hyperactive_impulsive.cognitive.conflict_tendency"": 0.23235935528282314, ""adhd_hyperactive_impulsive.cognitive.impulse_override"": 0.3964473700437845, ""adhd_hyperactive_impulsive.cognitive.plan_consistency"": -0.37734464997603334, ""adhd_hyperactive_impulsive.emotional.anger"": 0.1960865460020894, ""adhd_hyperactive_impulsive.emotional.excitement"": 0.19071694513764084, ""adhd_inattentive.cognitive.att_bandwidth"": -1, ""adhd_inattentive.cognitive.plan_consistency"": -0.2564936642667429, ""adhd_inattentive.cognitive.retention"": -2, ""adhd_inattentive.cognitive.task_initiation_delay"": 0.4242593886905913, ""adhd_inattentive.emotional.frustration"": 0.1862998112771283, ""adhd_inattentive.emotional.self_esteem"": -0.24441625596056957, ""adhd_inattentive.emotional.shame"": 0.18697768310898594, ""base_cognitive.att_bandwidth"": 2, ""base_cognitive.conflict_tendency"": 0.04039638819896672, ""base_cognitive.importance_trigger"": 131.28758219052366, ""base_cognitive.impulse_override"": 0.079576414508639, ""base_cognitive.plan_consistency"": 0.8988085700181824, ""base_cognitive.recency_decay"": 0.9867147954688339, ""base_cognitive.retention"": 5, ""base_cognitive.social_sensitivity"": 0.5329050012504679, ""base_cognitive.task_initiation_delay"": 0.09910493724758243, ""base_cognitive.vision_r"": 4, ""base_emotional.anger"": 0.07939474704106327, ""base_emotional.anxiety"": 0.056800818693352864, ""base_emotional.excitement"": 0.27392865423013624, ""base_emotional.frustration"": 0.17544046614825853, ""base_emotional.loneliness"": 0.09096502007795032, ""base_emotional.self_esteem"": 0.7268110738367202, ""base_emotional.shame"": 0.14880405919564527, ""base_emotional.trust_in_teacher"": 0.7467718110326241}"		
1778045967.454	3	34	0.719736	0.633319	0.849363	0.000000	"{""adhd_hyperactive_impulsive.cognitive.conflict_tendency"": 0.2230381758311233, ""adhd_hyperactive_impulsive.cognitive.impulse_override"": 0.3808052723235746, ""adhd_hyperactive_impulsive.cognitive.plan_consistency"": -0.4266650108924045, ""adhd_hyperactive_impulsive.emotional.anger"": 0.1861241090114363, ""adhd_hyperactive_impulsive.emotional.excitement"": 0.1432898027202763, ""adhd_inattentive.cognitive.att_bandwidth"": -3, ""adhd_inattentive.cognitive.plan_consistency"": -0.4330438845770556, ""adhd_inattentive.cognitive.retention"": -3, ""adhd_inattentive.cognitive.task_initiation_delay"": 0.47829503779115173, ""adhd_inattentive.emotional.frustration"": 0.17255989427850282, ""adhd_inattentive.emotional.self_esteem"": -0.2984188084002629, ""adhd_inattentive.emotional.shame"": 0.19738440910563598, ""base_cognitive.att_bandwidth"": 2, ""base_cognitive.conflict_tendency"": 0.07045219786973081, ""base_cognitive.importance_trigger"": 117.75502007529127, ""base_cognitive.impulse_override"": 0.08763166054314903, ""base_cognitive.plan_consistency"": 0.79176203561462, ""base_cognitive.recency_decay"": 0.9834368412096486, ""base_cognitive.retention"": 6, ""base_cognitive.social_sensitivity"": 0.3996463567278012, ""base_cognitive.task_initiation_delay"": 0.004196613640355909, ""base_cognitive.vision_r"": 4, ""base_emotional.anger"": 0.04161690936114985, ""base_emotional.anxiety"": 0.0697399682727639, ""base_emotional.excitement"": 0.2202853917123837, ""base_emotional.frustration"": 0.18141127732253126, ""base_emotional.loneliness"": 0.03993269709087634, ""base_emotional.self_esteem"": 0.7569865932133356, ""base_emotional.shame"": 0.07668985223665709, ""base_emotional.trust_in_teacher"": 0.6388174202146705}"		
1778045968.068	3	35	0.780956	0.764283	0.805964	0.000000	"{""adhd_hyperactive_impulsive.cognitive.conflict_tendency"": 0.22695449411416774, ""adhd_hyperactive_impulsive.cognitive.impulse_override"": 0.2984679723766477, ""adhd_hyperactive_impulsive.cognitive.plan_consistency"": -0.3781698993500946, ""adhd_hyperactive_impulsive.emotional.anger"": 0.1929195418397726, ""adhd_hyperactive_impulsive.emotional.excitement"": 0.10202789691830327, ""adhd_inattentive.cognitive.att_bandwidth"": -2, ""adhd_inattentive.cognitive.plan_consistency"": -0.29464023156958463, ""adhd_inattentive.cognitive.retention"": -3, ""adhd_inattentive.cognitive.task_initiation_delay"": 0.33636942523875635, ""adhd_inattentive.emotional.frustration"": 0.135976013154297, ""adhd_inattentive.emotional.self_esteem"": -0.20378412843156626, ""adhd_inattentive.emotional.shame"": 0.13550316815856786, ""base_cognitive.att_bandwidth"": 3, ""base_cognitive.conflict_tendency"": 0.0387148573321912, ""base_cognitive.importance_trigger"": 129.14114964379718, ""base_cognitive.impulse_override"": 0.03494416592139177, ""base_cognitive.plan_consistency"": 0.7637483779826589, ""base_cognitive.recency_decay"": 0.9908646082786496, ""base_cognitive.retention"": 5, ""base_cognitive.social_sensitivity"": 0.40470488182955483, ""base_cognitive.task_initiation_delay"": 0.026868423200745468, ""base_cognitive.vision_r"": 3, ""base_emotional.anger"": 0.14974650433265135, ""base_emotional.anxiety"": 0.1781379072052332, ""base_emotional.excitement"": 0.19691563011523897, ""base_emotional.frustration"": 0.19558189754790456, ""base_emotional.loneliness"": 0.11026181519072638, ""base_emotional.self_esteem"": 0.7027995627994167, ""base_emotional.shame"": 0.10364480085009568, ""base_emotional.trust_in_teacher"": 0.6561757560750938}"		
1778045968.808	3	36	0.683768	0.599216	0.810597	0.000000	"{""adhd_hyperactive_impulsive.cognitive.conflict_tendency"": 0.16464416655729094, ""adhd_hyperactive_impulsive.cognitive.impulse_override"": 0.3745933453516484, ""adhd_hyperactive_impulsive.cognitive.plan_consistency"": -0.3966171161723735, ""adhd_hyperactive_impulsive.emotional.anger"": 0.205591758271632, ""adhd_hyperactive_impulsive.emotional.excitement"": 0.23096546932509393, ""adhd_inattentive.cognitive.att_bandwidth"": -2, ""adhd_inattentive.cognitive.plan_consistency"": -0.3338182224051063, ""adhd_inattentive.cognitive.retention"": -4, ""adhd_inattentive.cognitive.task_initiation_delay"": 0.43393599331359434, ""adhd_inattentive.emotional.frustration"": 0.14434682733076026, ""adhd_inattentive.emotional.self_esteem"": -0.33150191966908726, ""adhd_inattentive.emotional.shame"": 0.20156388455276394, ""base_cognitive.att_bandwidth"": 4, ""base_cognitive.conflict_tendency"": 0.11721790110479874, ""base_cognitive.importance_trigger"": 125.5402261225976, ""base_cognitive.impulse_override"": 0.08651092704139308, ""base_cognitive.plan_consistency"": 0.7797984860318774, ""base_cognitive.recency_decay"": 0.9824639797941109, ""base_cognitive.retention"": 4, ""base_cognitive.social_sensitivity"": 0.3546621895607242, ""base_cognitive.task_initiation_delay"": 0.06894177597893981, ""base_cognitive.vision_r"": 4, ""base_emotional.anger"": 0.11936279734229013, ""base_emotional.anxiety"": 0.09531570142007993, ""base_emotional.excitement"": 0.16292986575942886, ""base_emotional.frustration"": 0.16683723144613266, ""base_emotional.loneliness"": 0.1294725684927704, ""base_emotional.self_esteem"": 0.6176272924217261, ""base_emotional.shame"": 0.08832807301672972, ""base_emotional.trust_in_teacher"": 0.6832003630877903}"		
1778045970.093	3	37	0.635455	0.563966	0.742690	0.000000	"{""adhd_hyperactive_impulsive.cognitive.conflict_tendency"": 0.12502997171784588, ""adhd_hyperactive_impulsive.cognitive.impulse_override"": 0.30421436281671466, ""adhd_hyperactive_impulsive.cognitive.plan_consistency"": -0.4567360963347268, ""adhd_hyperactive_impulsive.emotional.anger"": 0.2240781925474944, ""adhd_hyperactive_impulsive.emotional.excitement"": 0.15504294197300683, ""adhd_inattentive.cognitive.att_bandwidth"": -2, ""adhd_inattentive.cognitive.plan_consistency"": -0.2617887351629933, ""adhd_inattentive.cognitive.retention"": -2, ""adhd_inattentive.cognitive.task_initiation_delay"": 0.41948728242032085, ""adhd_inattentive.emotional.frustration"": 0.23790766817894882, ""adhd_inattentive.emotional.self_esteem"": -0.19889826271943584, ""adhd_inattentive.emotional.shame"": 0.21548828272616233, ""base_cognitive.att_bandwidth"": 2, ""base_cognitive.conflict_tendency"": 0.03383630183224513, ""base_cognitive.importance_trigger"": 169.45666918838725, ""base_cognitive.impulse_override"": 0.09229616593428389, ""base_cognitive.plan_consistency"": 0.9347273476052961, ""base_cognitive.recency_decay"": 0.9872000622620658, ""base_cognitive.retention"": 6, ""base_cognitive.social_sensitivity"": 0.5851836945401183, ""base_cognitive.task_initiation_delay"": 0.09402434265821352, ""base_cognitive.vision_r"": 4, ""base_emotional.anger"": 0.07704580530401936, ""base_emotional.anxiety"": 0.1299533115100101, ""base_emotional.excitement"": 0.2834628584314205, ""base_emotional.frustration"": 0.14221949213733576, ""base_emotional.loneliness"": 0.03738921360311382, ""base_emotional.self_esteem"": 0.7188032913390693, ""base_emotional.shame"": 0.0617209742526751, ""base_emotional.trust_in_teacher"": 0.6309328376716274}"		
1778045971.370	3	38	0.779156	0.803466	0.742690	0.000000	"{""adhd_hyperactive_impulsive.cognitive.conflict_tendency"": 0.1447539067506925, ""adhd_hyperactive_impulsive.cognitive.impulse_override"": 0.38273519848188436, ""adhd_hyperactive_impulsive.cognitive.plan_consistency"": -0.5345831450813693, ""adhd_hyperactive_impulsive.emotional.anger"": 0.19211610347140462, ""adhd_hyperactive_impulsive.emotional.excitement"": 0.21448878834395402, ""adhd_inattentive.cognitive.att_bandwidth"": -2, ""adhd_inattentive.cognitive.plan_consistency"": -0.29870769731041014, ""adhd_inattentive.cognitive.retention"": -3, ""adhd_inattentive.cognitive.task_initiation_delay"": 0.3639297181845751, ""adhd_inattentive.emotional.frustration"": 0.16383200440195214, ""adhd_inattentive.emotional.self_esteem"": -0.29992816306461056, ""adhd_inattentive.emotional.shame"": 0.12532187909726297, ""base_cognitive.att_bandwidth"": 3, ""base_cognitive.conflict_tendency"": 0.06394782881966615, ""base_cognitive.importance_trigger"": 130.500395742111, ""base_cognitive.impulse_override"": 0.10212698994001641, ""base_cognitive.plan_consistency"": 0.9233577420427876, ""base_cognitive.recency_decay"": 0.9876602876265944, ""base_cognitive.retention"": 5, ""base_cognitive.social_sensitivity"": 0.3479592112191473, ""base_cognitive.task_initiation_delay"": 0.03934663712863187, ""base_cognitive.vision_r"": 4, ""base_emotional.anger"": 0.1378194804677998, ""base_emotional.anxiety"": 0.15706849686986407, ""base_emotional.excitement"": 0.17546736566873652, ""base_emotional.frustration"": 0.17214067191428145, ""base_emotional.loneliness"": 0.06332151355671811, ""base_emotional.self_esteem"": 0.7372799482645445, ""base_emotional.shame"": 0.056335277439556804, ""base_emotional.trust_in_teacher"": 0.7285300006312408}"		
1778045972.737	3	39	0.633489	0.523664	0.798227	0.000000	"{""adhd_hyperactive_impulsive.cognitive.conflict_tendency"": 0.24174442020329961, ""adhd_hyperactive_impulsive.cognitive.impulse_override"": 0.2791442912550403, ""adhd_hyperactive_impulsive.cognitive.plan_consistency"": -0.5494712061516989, ""adhd_hyperactive_impulsive.emotional.anger"": 0.12043962585463866, ""adhd_hyperactive_impulsive.emotional.excitement"": 0.16541469389621763, ""adhd_inattentive.cognitive.att_bandwidth"": -2, ""adhd_inattentive.cognitive.plan_consistency"": -0.4198621589170714, ""adhd_inattentive.cognitive.retention"": -3, ""adhd_inattentive.cognitive.task_initiation_delay"": 0.40418411338165044, ""adhd_inattentive.emotional.frustration"": 0.22943538540025482, ""adhd_inattentive.emotional.self_esteem"": -0.3489671446334706, ""adhd_inattentive.emotional.shame"": 0.2464813175830885, ""base_cognitive.att_bandwidth"": 3, ""base_cognitive.conflict_tendency"": 0.06874878222973856, ""base_cognitive.importance_trigger"": 120.73697164416663, ""base_cognitive.impulse_override"": 0.03264685518066484, ""base_cognitive.plan_consistency"": 0.8376845296311667, ""base_cognitive.recency_decay"": 0.9841349311070217, ""base_cognitive.retention"": 6, ""base_cognitive.social_sensitivity"": 0.5738566545386317, ""base_cognitive.task_initiation_delay"": 0.008891143590371754, ""base_cognitive.vision_r"": 3, ""base_emotional.anger"": 0.038530641777484706, ""base_emotional.anxiety"": 0.10677506160377276, ""base_emotional.excitement"": 0.24247470202045907, ""base_emotional.frustration"": 0.10295648286318816, ""base_emotional.loneliness"": 0.10469893088788249, ""base_emotional.self_esteem"": 0.6655482421721541, ""base_emotional.shame"": 0.108772097774314, ""base_emotional.trust_in_teacher"": 0.7351539775232747}"		
1778045973.602	3	40	0.632273	0.520065	0.800584	0.000000	"{""adhd_hyperactive_impulsive.cognitive.conflict_tendency"": 0.17461542401512148, ""adhd_hyperactive_impulsive.cognitive.impulse_override"": 0.330610937039488, ""adhd_hyperactive_impulsive.cognitive.plan_consistency"": -0.42264292699295836, ""adhd_hyperactive_impulsive.emotional.anger"": 0.23468030507291848, ""adhd_hyperactive_impulsive.emotional.excitement"": 0.21349026924258035, ""adhd_inattentive.cognitive.att_bandwidth"": -2, ""adhd_inattentive.cognitive.plan_consistency"": -0.3423354545359683, ""adhd_inattentive.cognitive.retention"": -4, ""adhd_inattentive.cognitive.task_initiation_delay"": 0.48678241722870935, ""adhd_inattentive.emotional.frustration"": 0.18923437999948212, ""adhd_inattentive.emotional.self_esteem"": -0.2633825798314273, ""adhd_inattentive.emotional.shame"": 0.24909610111788896, ""base_cognitive.att_bandwidth"": 4, ""base_cognitive.conflict_tendency"": 0.08935768753515147, ""base_cognitive.importance_trigger"": 161.57442612302577, ""base_cognitive.impulse_override"": 0.08232783941236053, ""base_cognitive.plan_consistency"": 0.8095698002100391, ""base_cognitive.recency_decay"": 0.9879179863355376, ""base_cognitive.retention"": 5, ""base_cognitive.social_sensitivity"": 0.4544480688665935, ""base_cognitive.task_initiation_delay"": 0.036884485408562685, ""base_cognitive.vision_r"": 4, ""base_emotional.anger"": 0.045831028896359045, ""base_emotional.anxiety"": 0.17723851810766872, ""base_emotional.excitement"": 0.24432342544566554, ""base_emotional.frustration"": 0.1576849469182357, ""base_emotional.loneliness"": 0.1032785010079819, ""base_emotional.self_esteem"": 0.6686156753485301, ""base_emotional.shame"": 0.08285729331558506, ""base_emotional.trust_in_teacher"": 0.584943857062506}"		
1778045974.135	3	41	1.026546	1.188971	0.782909	0.000000	"{""adhd_hyperactive_impulsive.cognitive.conflict_tendency"": 0.1671454259556393, ""adhd_hyperactive_impulsive.cognitive.impulse_override"": 0.3505461252118438, ""adhd_hyperactive_impulsive.cognitive.plan_consistency"": -0.3526038592432908, ""adhd_hyperactive_impulsive.emotional.anger"": 0.22316404919193283, ""adhd_hyperactive_impulsive.emotional.excitement"": 0.2192417071490191, ""adhd_inattentive.cognitive.att_bandwidth"": -1, ""adhd_inattentive.cognitive.plan_consistency"": -0.27175184611876196, ""adhd_inattentive.cognitive.retention"": -3, ""adhd_inattentive.cognitive.task_initiation_delay"": 0.34064469474498343, ""adhd_inattentive.emotional.frustration"": 0.24090716357693892, ""adhd_inattentive.emotional.self_esteem"": -0.2741191285389515, ""adhd_inattentive.emotional.shame"": 0.2038484392611935, ""base_cognitive.att_bandwidth"": 3, ""base_cognitive.conflict_tendency"": 0.09515598267784987, ""base_cognitive.importance_trigger"": 142.6541274084438, ""base_cognitive.impulse_override"": 0.04594709304110436, ""base_cognitive.plan_consistency"": 0.8059511896862205, ""base_cognitive.recency_decay"": 0.9843163574406194, ""base_cognitive.retention"": 4, ""base_cognitive.social_sensitivity"": 0.3105019297519225, ""base_cognitive.task_initiation_delay"": 0.07686011640916295, ""base_cognitive.vision_r"": 4, ""base_emotional.anger"": 0.08973609055214175, ""base_emotional.anxiety"": 0.07989503829198642, ""base_emotional.excitement"": 0.24658794375665133, ""base_emotional.frustration"": 0.19134279795905007, ""base_emotional.loneliness"": 0.08771178532825184, ""base_emotional.self_esteem"": 0.6586148642272018, ""base_emotional.shame"": 0.12082179632920913, ""base_emotional.trust_in_teacher"": 0.7903671819265661}"		
1778045974.674	3	42	0.791583	0.782220	0.805629	0.000000	"{""adhd_hyperactive_impulsive.cognitive.conflict_tendency"": 0.16285015448920417, ""adhd_hyperactive_impulsive.cognitive.impulse_override"": 0.3448329636156199, ""adhd_hyperactive_impulsive.cognitive.plan_consistency"": -0.5382520575768124, ""adhd_hyperactive_impulsive.emotional.anger"": 0.20930863823165421, ""adhd_hyperactive_impulsive.emotional.excitement"": 0.15936605266054354, ""adhd_inattentive.cognitive.att_bandwidth"": -3, ""adhd_inattentive.cognitive.plan_consistency"": -0.3355215697212234, ""adhd_inattentive.cognitive.retention"": -2, ""adhd_inattentive.cognitive.task_initiation_delay"": 0.4124324744624349, ""adhd_inattentive.emotional.frustration"": 0.20522728655073724, ""adhd_inattentive.emotional.self_esteem"": -0.3375503612703672, ""adhd_inattentive.emotional.shame"": 0.10338344495976227, ""base_cognitive.att_bandwidth"": 3, ""base_cognitive.conflict_tendency"": 0.10998713791071095, ""base_cognitive.importance_trigger"": 109.7412878445126, ""base_cognitive.impulse_override"": 0.11025092715666367, ""base_cognitive.plan_consistency"": 0.7991445411018617, ""base_cognitive.recency_decay"": 0.9865382093098002, ""base_cognitive.retention"": 4, ""base_cognitive.social_sensitivity"": 0.34907064453362496, ""base_cognitive.task_initiation_delay"": 0.0624499457872644, ""base_cognitive.vision_r"": 3, ""base_emotional.anger"": 0.09752601658929679, ""base_emotional.anxiety"": 0.1112756505588222, ""base_emotional.excitement"": 0.20211197685184404, ""base_emotional.frustration"": 0.06707993878099107, ""base_emotional.loneliness"": 0.13725210613901093, ""base_emotional.self_esteem"": 0.7051907255212654, ""base_emotional.shame"": 0.11726834035537985, ""base_emotional.trust_in_teacher"": 0.6293290079842755}"		
1778045975.203	3	43	0.652527	0.510028	0.866275	0.000000	"{""adhd_hyperactive_impulsive.cognitive.conflict_tendency"": 0.10680888396050828, ""adhd_hyperactive_impulsive.cognitive.impulse_override"": 0.36876792890315535, ""adhd_hyperactive_impulsive.cognitive.plan_consistency"": -0.4389076926174992, ""adhd_hyperactive_impulsive.emotional.anger"": 0.17411092725220575, ""adhd_hyperactive_impulsive.emotional.excitement"": 0.16178223200839792, ""adhd_inattentive.cognitive.att_bandwidth"": -2, ""adhd_inattentive.cognitive.plan_consistency"": -0.39902992703284623, ""adhd_inattentive.cognitive.retention"": -3, ""adhd_inattentive.cognitive.task_initiation_delay"": 0.46161220876973935, ""adhd_inattentive.emotional.frustration"": 0.22511701713718002, ""adhd_inattentive.emotional.self_esteem"": -0.218522466792481, ""adhd_inattentive.emotional.shame"": 0.18739949781146586, ""base_cognitive.att_bandwidth"": 3, ""base_cognitive.conflict_tendency"": 0.048342184611625545, ""base_cognitive.importance_trigger"": 147.99921131310612, ""base_cognitive.impulse_override"": 0.10764882943691584, ""base_cognitive.plan_consistency"": 0.753137603118796, ""base_cognitive.recency_decay"": 0.9803419334281134, ""base_cognitive.retention"": 4, ""base_cognitive.social_sensitivity"": 0.4455974662245842, ""base_cognitive.task_initiation_delay"": 0.042744928055761224, ""base_cognitive.vision_r"": 4, ""base_emotional.anger"": 0.07000421379408099, ""base_emotional.anxiety"": 0.10372646007304763, ""base_emotional.excitement"": 0.2518073641836442, ""base_emotional.frustration"": 0.07624868628254253, ""base_emotional.loneliness"": 0.11261410593650142, ""base_emotional.self_esteem"": 0.764319043355927, ""base_emotional.shame"": 0.03814935645183229, ""base_emotional.trust_in_teacher"": 0.576805115904558}"		
1778045975.800	3	44	0.782472	0.808994	0.742690	0.000000	"{""adhd_hyperactive_impulsive.cognitive.conflict_tendency"": 0.23194392819033416, ""adhd_hyperactive_impulsive.cognitive.impulse_override"": 0.3240553669872214, ""adhd_hyperactive_impulsive.cognitive.plan_consistency"": -0.35423551776261425, ""adhd_hyperactive_impulsive.emotional.anger"": 0.1780237591097426, ""adhd_hyperactive_impulsive.emotional.excitement"": 0.24718037505691776, ""adhd_inattentive.cognitive.att_bandwidth"": -2, ""adhd_inattentive.cognitive.plan_consistency"": -0.2647031530419916, ""adhd_inattentive.cognitive.retention"": -4, ""adhd_inattentive.cognitive.task_initiation_delay"": 0.3038078698957658, ""adhd_inattentive.emotional.frustration"": 0.15480853003440068, ""adhd_inattentive.emotional.self_esteem"": -0.2280500592407032, ""adhd_inattentive.emotional.shame"": 0.14691591822407385, ""base_cognitive.att_bandwidth"": 4, ""base_cognitive.conflict_tendency"": 0.07305348445571402, ""base_cognitive.importance_trigger"": 150.5361312892108, ""base_cognitive.impulse_override"": 0.049330476720084, ""base_cognitive.plan_consistency"": 0.8599383060248018, ""base_cognitive.recency_decay"": 0.9888374332198815, ""base_cognitive.retention"": 5, ""base_cognitive.social_sensitivity"": 0.5801907964219057, ""base_cognitive.task_initiation_delay"": 0.055889187593549355, ""base_cognitive.vision_r"": 3, ""base_emotional.anger"": 0.07365745148934613, ""base_emotional.anxiety"": 0.12032505052802414, ""base_emotional.excitement"": 0.20071845960159013, ""base_emotional.frustration"": 0.09392588592587305, ""base_emotional.loneliness"": 0.05587370088091441, ""base_emotional.self_esteem"": 0.7227748471544612, ""base_emotional.shame"": 0.03480742187955224, ""base_emotional.trust_in_teacher"": 0.6226806675350162}"		
1778045976.294	3	45	0.802134	0.796668	0.810333	0.000000	"{""adhd_hyperactive_impulsive.cognitive.conflict_tendency"": 0.11819579188074582, ""adhd_hyperactive_impulsive.cognitive.impulse_override"": 0.30987562203555835, ""adhd_hyperactive_impulsive.cognitive.plan_consistency"": -0.4047368265802246, ""adhd_hyperactive_impulsive.emotional.anger"": 0.21999046709549447, ""adhd_hyperactive_impulsive.emotional.excitement"": 0.17052610836167892, ""adhd_inattentive.cognitive.att_bandwidth"": -1, ""adhd_inattentive.cognitive.plan_consistency"": -0.41517391985508806, ""adhd_inattentive.cognitive.retention"": -3, ""adhd_inattentive.cognitive.task_initiation_delay"": 0.449987344390648, ""adhd_inattentive.emotional.frustration"": 0.12875429415433615, ""adhd_inattentive.emotional.self_esteem"": -0.23364837593825138, ""adhd_inattentive.emotional.shame"": 0.24315840686350265, ""base_cognitive.att_bandwidth"": 2, ""base_cognitive.conflict_tendency"": 0.11476174704144389, ""base_cognitive.importance_trigger"": 166.63044763480542, ""base_cognitive.impulse_override"": 0.10463408449479261, ""base_cognitive.plan_consistency"": 0.838343245375498, ""base_cognitive.recency_decay"": 0.9919849573977648, ""base_cognitive.retention"": 4, ""base_cognitive.social_sensitivity"": 0.38388939739283395, ""base_cognitive.task_initiation_delay"": 0.06654624017618062, ""base_cognitive.vision_r"": 3, ""base_emotional.anger"": 0.13922495605866958, ""base_emotional.anxiety"": 0.15505675557829474, ""base_emotional.excitement"": 0.17101817214978027, ""base_emotional.frustration"": 0.06461151498970262, ""base_emotional.loneliness"": 0.14866762962877106, ""base_emotional.self_esteem"": 0.7885148590149668, ""base_emotional.shame"": 0.12762713555918295, ""base_emotional.trust_in_teacher"": 0.5718978791132424}"		
1778045976.965	3	46	0.789180	0.812446	0.754283	0.000000	"{""adhd_hyperactive_impulsive.cognitive.conflict_tendency"": 0.20110457290365855, ""adhd_hyperactive_impulsive.cognitive.impulse_override"": 0.3630865367982635, ""adhd_hyperactive_impulsive.cognitive.plan_consistency"": -0.3654588418794149, ""adhd_hyperactive_impulsive.emotional.anger"": 0.1663414871809454, ""adhd_hyperactive_impulsive.emotional.excitement"": 0.2450699581280351, ""adhd_inattentive.cognitive.att_bandwidth"": -3, ""adhd_inattentive.cognitive.plan_consistency"": -0.3406308957698855, ""adhd_inattentive.cognitive.retention"": -2, ""adhd_inattentive.cognitive.task_initiation_delay"": 0.3910056144268162, ""adhd_inattentive.emotional.frustration"": 0.16939924820421065, ""adhd_inattentive.emotional.self_esteem"": -0.2063034365417284, ""adhd_inattentive.emotional.shame"": 0.10282024217937022, ""base_cognitive.att_bandwidth"": 3, ""base_cognitive.conflict_tendency"": 0.09945846669497113, ""base_cognitive.importance_trigger"": 161.7549651826613, ""base_cognitive.impulse_override"": 0.04087527032570128, ""base_cognitive.plan_consistency"": 0.9337633604708931, ""base_cognitive.recency_decay"": 0.9929670456228811, ""base_cognitive.retention"": 6, ""base_cognitive.social_sensitivity"": 0.4124949765634191, ""base_cognitive.task_initiation_delay"": 0.08204323785450701, ""base_cognitive.vision_r"": 4, ""base_emotional.anger"": 0.034547644804052, ""base_emotional.anxiety"": 0.06557306019523607, ""base_emotional.excitement"": 0.18783821066150969, ""base_emotional.frustration"": 0.12296529750805135, ""base_emotional.loneliness"": 0.10018365749890562, ""base_emotional.self_esteem"": 0.6417187993079074, ""base_emotional.shame"": 0.047797480943348125, ""base_emotional.trust_in_teacher"": 0.7436749421525197}"		
1778045977.566	3	47	0.806958	0.810012	0.802375	0.000000	"{""adhd_hyperactive_impulsive.cognitive.conflict_tendency"": 0.12855156041651078, ""adhd_hyperactive_impulsive.cognitive.impulse_override"": 0.3559409871931731, ""adhd_hyperactive_impulsive.cognitive.plan_consistency"": -0.4590600468246502, ""adhd_hyperactive_impulsive.emotional.anger"": 0.2284847197723126, ""adhd_hyperactive_impulsive.emotional.excitement"": 0.17841675381986397, ""adhd_inattentive.cognitive.att_bandwidth"": -2, ""adhd_inattentive.cognitive.plan_consistency"": -0.38830595569807885, ""adhd_inattentive.cognitive.retention"": -3, ""adhd_inattentive.cognitive.task_initiation_delay"": 0.38297909876928066, ""adhd_inattentive.emotional.frustration"": 0.1246046570332647, ""adhd_inattentive.emotional.self_esteem"": -0.30466652875531997, ""adhd_inattentive.emotional.shame"": 0.1480416632679285, ""base_cognitive.att_bandwidth"": 4, ""base_cognitive.conflict_tendency"": 0.04602135857378929, ""base_cognitive.importance_trigger"": 136.02122230453847, ""base_cognitive.impulse_override"": 0.07526295158246439, ""base_cognitive.plan_consistency"": 0.8180640730239558, ""base_cognitive.recency_decay"": 0.9818030202503318, ""base_cognitive.retention"": 5, ""base_cognitive.social_sensitivity"": 0.5061439839011348, ""base_cognitive.task_initiation_delay"": 0.07035273365815801, ""base_cognitive.vision_r"": 5, ""base_emotional.anger"": 0.05979144309124596, ""base_emotional.anxiety"": 0.13660649191397772, ""base_emotional.excitement"": 0.1514333090915082, ""base_emotional.frustration"": 0.06814742073356511, ""base_emotional.loneliness"": 0.06510319874634404, ""base_emotional.self_esteem"": 0.6310418729717118, ""base_emotional.shame"": 0.09064135246385824, ""base_emotional.trust_in_teacher"": 0.563386541156787}"		
1778045978.152	3	48	0.796233	0.812285	0.772155	0.000000	"{""adhd_hyperactive_impulsive.cognitive.conflict_tendency"": 0.1567340604890169, ""adhd_hyperactive_impulsive.cognitive.impulse_override"": 0.3878907559292796, ""adhd_hyperactive_impulsive.cognitive.plan_consistency"": -0.4509898679905976, ""adhd_hyperactive_impulsive.emotional.anger"": 0.1483899525296277, ""adhd_hyperactive_impulsive.emotional.excitement"": 0.19369092389574982, ""adhd_inattentive.cognitive.att_bandwidth"": -2, ""adhd_inattentive.cognitive.plan_consistency"": -0.3151386673432608, ""adhd_inattentive.cognitive.retention"": -3, ""adhd_inattentive.cognitive.task_initiation_delay"": 0.4926550818861652, ""adhd_inattentive.emotional.frustration"": 0.13110521423746335, ""adhd_inattentive.emotional.self_esteem"": -0.1908607717945352, ""adhd_inattentive.emotional.shame"": 0.22228224622821127, ""base_cognitive.att_bandwidth"": 3, ""base_cognitive.conflict_tendency"": 0.06716621227608222, ""base_cognitive.importance_trigger"": 150.25597238689818, ""base_cognitive.impulse_override"": 0.03642023975672998, ""base_cognitive.plan_consistency"": 0.8544908560639753, ""base_cognitive.recency_decay"": 0.9899355971618816, ""base_cognitive.retention"": 5, ""base_cognitive.social_sensitivity"": 0.45648561628640827, ""base_cognitive.task_initiation_delay"": 0.09618618360258499, ""base_cognitive.vision_r"": 4, ""base_emotional.anger"": 0.10322089524184208, ""base_emotional.anxiety"": 0.13871606808060294, ""base_emotional.excitement"": 0.15874824213194813, ""base_emotional.frustration"": 0.052618290093069384, ""base_emotional.loneliness"": 0.06966456358709239, ""base_emotional.self_esteem"": 0.6064117777125025, ""base_emotional.shame"": 0.09642334623126284, ""base_emotional.trust_in_teacher"": 0.5926996379895725}"		
1778045978.831	3	49	0.698315	0.639883	0.785963	0.000000	"{""adhd_hyperactive_impulsive.cognitive.conflict_tendency"": 0.1110659623598656, ""adhd_hyperactive_impulsive.cognitive.impulse_override"": 0.3705881841027829, ""adhd_hyperactive_impulsive.cognitive.plan_consistency"": -0.41991920862140014, ""adhd_hyperactive_impulsive.emotional.anger"": 0.21262248389209326, ""adhd_hyperactive_impulsive.emotional.excitement"": 0.10653525758096011, ""adhd_inattentive.cognitive.att_bandwidth"": -3, ""adhd_inattentive.cognitive.plan_consistency"": -0.4062703195161699, ""adhd_inattentive.cognitive.retention"": -2, ""adhd_inattentive.cognitive.task_initiation_delay"": 0.35836478596377164, ""adhd_inattentive.emotional.frustration"": 0.17593304377445945, ""adhd_inattentive.emotional.self_esteem"": -0.21537833583546145, ""adhd_inattentive.emotional.shame"": 0.22333488677065594, ""base_cognitive.att_bandwidth"": 4, ""base_cognitive.conflict_tendency"": 0.11911411898436568, ""base_cognitive.importance_trigger"": 126.81150394715053, ""base_cognitive.impulse_override"": 0.10707818729308596, ""base_cognitive.plan_consistency"": 0.8787295584084817, ""base_cognitive.recency_decay"": 0.9892958031282835, ""base_cognitive.retention"": 6, ""base_cognitive.social_sensitivity"": 0.5668770246277552, ""base_cognitive.task_initiation_delay"": 0.025390947749528894, ""base_cognitive.vision_r"": 3, ""base_emotional.anger"": 0.1314895176322694, ""base_emotional.anxiety"": 0.17212568995083677, ""base_emotional.excitement"": 0.2655198850029048, ""base_emotional.frustration"": 0.1862354120914837, ""base_emotional.loneliness"": 0.07704558465526952, ""base_emotional.self_esteem"": 0.6855082940504915, ""base_emotional.shame"": 0.10658406103823254, ""base_emotional.trust_in_teacher"": 0.7323074677786969}"		
1778045979.427	3	50	0.644103	0.518075	0.833144	0.000000	"{""adhd_hyperactive_impulsive.cognitive.conflict_tendency"": 0.17844241871097233, ""adhd_hyperactive_impulsive.cognitive.impulse_override"": 0.34157254840805956, ""adhd_hyperactive_impulsive.cognitive.plan_consistency"": -0.449581570843386, ""adhd_hyperactive_impulsive.emotional.anger"": 0.18336584927195898, ""adhd_hyperactive_impulsive.emotional.excitement"": 0.10949375029819529, ""adhd_inattentive.cognitive.att_bandwidth"": -3, ""adhd_inattentive.cognitive.plan_consistency"": -0.36841380476512414, ""adhd_inattentive.cognitive.retention"": -4, ""adhd_inattentive.cognitive.task_initiation_delay"": 0.40128049022983336, ""adhd_inattentive.emotional.frustration"": 0.12779508273337653, ""adhd_inattentive.emotional.self_esteem"": -0.2789802926488208, ""adhd_inattentive.emotional.shame"": 0.1657263914191917, ""base_cognitive.att_bandwidth"": 2, ""base_cognitive.conflict_tendency"": 0.08410683040917738, ""base_cognitive.importance_trigger"": 104.33719534514417, ""base_cognitive.impulse_override"": 0.0813889998224217, ""base_cognitive.plan_consistency"": 0.8114933246616054, ""base_cognitive.recency_decay"": 0.9914329780605976, ""base_cognitive.retention"": 6, ""base_cognitive.social_sensitivity"": 0.32799957830588955, ""base_cognitive.task_initiation_delay"": 0.06440759134869255, ""base_cognitive.vision_r"": 4, ""base_emotional.anger"": 0.0620776363580279, ""base_emotional.anxiety"": 0.10799683165014629, ""base_emotional.excitement"": 0.23685526493058612, ""base_emotional.frustration"": 0.1820348880956963, ""base_emotional.loneliness"": 0.03251985647562719, ""base_emotional.self_esteem"": 0.6037373065742222, ""base_emotional.shame"": 0.13024756633189644, ""base_emotional.trust_in_teacher"": 0.6731272844528484}"		
1778045980.070	4	1	0.772196	0.778364	0.762945	0.000000	"{""adhd_hyperactive_impulsive.cognitive.conflict_tendency"": 0.18375384369932518, ""adhd_hyperactive_impulsive.cognitive.impulse_override"": 0.29619877788081006, ""adhd_hyperactive_impulsive.cognitive.plan_consistency"": -0.5336944336113012, ""adhd_hyperactive_impulsive.emotional.anger"": 0.23992822430212654, ""adhd_hyperactive_impulsive.emotional.excitement"": 0.23238634021734783, ""adhd_inattentive.cognitive.att_bandwidth"": -2, ""adhd_inattentive.cognitive.plan_consistency"": -0.2562620883934576, ""adhd_inattentive.cognitive.retention"": -3, ""adhd_inattentive.cognitive.task_initiation_delay"": 0.3547933285894784, ""adhd_inattentive.emotional.frustration"": 0.23076257277547463, ""adhd_inattentive.emotional.self_esteem"": -0.3130526017085052, ""adhd_inattentive.emotional.shame"": 0.11139220553832506, ""base_cognitive.att_bandwidth"": 3, ""base_cognitive.conflict_tendency"": 0.07404339194460247, ""base_cognitive.importance_trigger"": 102.67160728313031, ""base_cognitive.impulse_override"": 0.11971904408880699, ""base_cognitive.plan_consistency"": 0.8222305873071252, ""base_cognitive.recency_decay"": 0.9882030402571956, ""base_cognitive.retention"": 6, ""base_cognitive.social_sensitivity"": 0.4960402242238824, ""base_cognitive.task_initiation_delay"": 0.07468060330511311, ""base_cognitive.vision_r"": 5, ""base_emotional.anger"": 0.09681333068480354, ""base_emotional.anxiety"": 0.10748211210416705, ""base_emotional.excitement"": 0.15777257979223555, ""base_emotional.frustration"": 0.08544439445428083, ""base_emotional.loneliness"": 0.08165266768103946, ""base_emotional.self_esteem"": 0.7514614026647369, ""base_emotional.shame"": 0.04138222460559692, ""base_emotional.trust_in_teacher"": 0.6694774538494271}"		
1778045980.672	4	2	0.705683	0.649425	0.790071	0.000000	"{""adhd_hyperactive_impulsive.cognitive.conflict_tendency"": 0.10959289287520287, ""adhd_hyperactive_impulsive.cognitive.impulse_override"": 0.33532200057403777, ""adhd_hyperactive_impulsive.cognitive.plan_consistency"": -0.36291362552146617, ""adhd_hyperactive_impulsive.emotional.anger"": 0.2123475849032993, ""adhd_hyperactive_impulsive.emotional.excitement"": 0.17578202256116648, ""adhd_inattentive.cognitive.att_bandwidth"": -2, ""adhd_inattentive.cognitive.plan_consistency"": -0.4231534369492585, ""adhd_inattentive.cognitive.retention"": -3, ""adhd_inattentive.cognitive.task_initiation_delay"": 0.4157090390948169, ""adhd_inattentive.emotional.frustration"": 0.24985259738146226, ""adhd_inattentive.emotional.self_esteem"": -0.2932903562216471, ""adhd_inattentive.emotional.shame"": 0.16697958397658644, ""base_cognitive.att_bandwidth"": 4, ""base_cognitive.conflict_tendency"": 0.10869550041909944, ""base_cognitive.importance_trigger"": 129.45178270991204, ""base_cognitive.impulse_override"": 0.09216101989621736, ""base_cognitive.plan_consistency"": 0.8709398371482391, ""base_cognitive.recency_decay"": 0.9861476302515834, ""base_cognitive.retention"": 5, ""base_cognitive.social_sensitivity"": 0.5553793872480364, ""base_cognitive.task_initiation_delay"": 0.016779518694457953, ""base_cognitive.vision_r"": 4, ""base_emotional.anger"": 0.09432770113848561, ""base_emotional.anxiety"": 0.17329885070469675, ""base_emotional.excitement"": 0.1819678685725647, ""base_emotional.frustration"": 0.19427720617827698, ""base_emotional.loneliness"": 0.05687815472685599, ""base_emotional.self_esteem"": 0.6354583044109517, ""base_emotional.shame"": 0.04469628999082151, ""base_emotional.trust_in_teacher"": 0.5707859796825109}"		
1778045981.252	4	3	0.713003	0.667674	0.780995	0.000000	"{""adhd_hyperactive_impulsive.cognitive.conflict_tendency"": 0.2346511034108406, ""adhd_hyperactive_impulsive.cognitive.impulse_override"": 0.2856151767017222, ""adhd_hyperactive_impulsive.cognitive.plan_consistency"": -0.3605401709661252, ""adhd_hyperactive_impulsive.emotional.anger"": 0.2222807724326015, ""adhd_hyperactive_impulsive.emotional.excitement"": 0.24035175354213986, ""adhd_inattentive.cognitive.att_bandwidth"": -2, ""adhd_inattentive.cognitive.plan_consistency"": -0.37001338799236194, ""adhd_inattentive.cognitive.retention"": -3, ""adhd_inattentive.cognitive.task_initiation_delay"": 0.42562768383304417, ""adhd_inattentive.emotional.frustration"": 0.23580365106854254, ""adhd_inattentive.emotional.self_esteem"": -0.30387791258242114, ""adhd_inattentive.emotional.shame"": 0.2486407020180915, ""base_cognitive.att_bandwidth"": 2, ""base_cognitive.conflict_tendency"": 0.10208043934389133, ""base_cognitive.importance_trigger"": 159.95829445100372, ""base_cognitive.impulse_override"": 0.06017137165257623, ""base_cognitive.plan_consistency"": 0.9439036720705987, ""base_cognitive.recency_decay"": 0.9859367945551692, ""base_cognitive.retention"": 6, ""base_cognitive.social_sensitivity"": 0.37585317731242346, ""base_cognitive.task_initiation_delay"": 0.033772457657466705, ""base_cognitive.vision_r"": 4, ""base_emotional.anger"": 0.10884856534722154, ""base_emotional.anxiety"": 0.1043472672302435, ""base_emotional.excitement"": 0.25752099101877685, ""base_emotional.frustration"": 0.10663345631193044, ""base_emotional.loneliness"": 0.07380990066326223, ""base_emotional.self_esteem"": 0.6579534159121997, ""base_emotional.shame"": 0.11035090783015665, ""base_emotional.trust_in_teacher"": 0.5784061192122535}"		
1778045981.864	4	4	0.624724	0.519309	0.782846	0.000000	"{""adhd_hyperactive_impulsive.cognitive.conflict_tendency"": 0.22819527315937557, ""adhd_hyperactive_impulsive.cognitive.impulse_override"": 0.3682810721351275, ""adhd_hyperactive_impulsive.cognitive.plan_consistency"": -0.40342582893058493, ""adhd_hyperactive_impulsive.emotional.anger"": 0.13442812491933748, ""adhd_hyperactive_impulsive.emotional.excitement"": 0.2068604388743691, ""adhd_inattentive.cognitive.att_bandwidth"": -3, ""adhd_inattentive.cognitive.plan_consistency"": -0.2824302347060288, ""adhd_inattentive.cognitive.retention"": -2, ""adhd_inattentive.cognitive.task_initiation_delay"": 0.32683011196942235, ""adhd_inattentive.emotional.frustration"": 0.23318110512586684, ""adhd_inattentive.emotional.self_esteem"": -0.22781201530596717, ""adhd_inattentive.emotional.shame"": 0.1538642699768819, ""base_cognitive.att_bandwidth"": 2, ""base_cognitive.conflict_tendency"": 0.11620384187333657, ""base_cognitive.importance_trigger"": 145.0640912744089, ""base_cognitive.impulse_override"": 0.057759616017556956, ""base_cognitive.plan_consistency"": 0.769206930971126, ""base_cognitive.recency_decay"": 0.9922676996944066, ""base_cognitive.retention"": 6, ""base_cognitive.social_sensitivity"": 0.38079148860784756, ""base_cognitive.task_initiation_delay"": 0.03577675001465829, ""base_cognitive.vision_r"": 4, ""base_emotional.anger"": 0.11253041297768064, ""base_emotional.anxiety"": 0.14250811687069595, ""base_emotional.excitement"": 0.2705893602064016, ""base_emotional.frustration"": 0.09623243008265875, ""base_emotional.loneliness"": 0.0921277389668744, ""base_emotional.self_esteem"": 0.6238007573844548, ""base_emotional.shame"": 0.10720650528404446, ""base_emotional.trust_in_teacher"": 0.77617764670238}"		
1778045982.457	4	5	0.631109	0.522441	0.794112	0.000000	"{""adhd_hyperactive_impulsive.cognitive.conflict_tendency"": 0.15676284858009135, ""adhd_hyperactive_impulsive.cognitive.impulse_override"": 0.3618291529383488, ""adhd_hyperactive_impulsive.cognitive.plan_consistency"": -0.5410862335783225, ""adhd_hyperactive_impulsive.emotional.anger"": 0.23675997442115215, ""adhd_hyperactive_impulsive.emotional.excitement"": 0.23606625036166698, ""adhd_inattentive.cognitive.att_bandwidth"": -3, ""adhd_inattentive.cognitive.plan_consistency"": -0.31766970733238775, ""adhd_inattentive.cognitive.retention"": -3, ""adhd_inattentive.cognitive.task_initiation_delay"": 0.3508145436489848, ""adhd_inattentive.emotional.frustration"": 0.14396331563651968, ""adhd_inattentive.emotional.self_esteem"": -0.1886490213386491, ""adhd_inattentive.emotional.shame"": 0.19611289086967315, ""base_cognitive.att_bandwidth"": 3, ""base_cognitive.conflict_tendency"": 0.11936565614541073, ""base_cognitive.importance_trigger"": 139.1112754208698, ""base_cognitive.impulse_override"": 0.03015464810938795, ""base_cognitive.plan_consistency"": 0.7562032631565274, ""base_cognitive.recency_decay"": 0.9890107351456932, ""base_cognitive.retention"": 5, ""base_cognitive.social_sensitivity"": 0.49164533096685836, ""base_cognitive.task_initiation_delay"": 0.06488830965981003, ""base_cognitive.vision_r"": 4, ""base_emotional.anger"": 0.036684280771620684, ""base_emotional.anxiety"": 0.1655195181515946, ""base_emotional.excitement"": 0.19327445912602192, ""base_emotional.frustration"": 0.15455297113536332, ""base_emotional.loneliness"": 0.07077113822471726, ""base_emotional.self_esteem"": 0.6146648972280365, ""base_emotional.shame"": 0.11217435245799347, ""base_emotional.trust_in_teacher"": 0.7829232695786721}"		
1778045983.044	4	6	0.791940	0.807532	0.768551	0.000000	"{""adhd_hyperactive_impulsive.cognitive.conflict_tendency"": 0.15190276546909823, ""adhd_hyperactive_impulsive.cognitive.impulse_override"": 0.3494768524921592, ""adhd_hyperactive_impulsive.cognitive.plan_consistency"": -0.41428220042233554, ""adhd_hyperactive_impulsive.emotional.anger"": 0.18910137404732283, ""adhd_hyperactive_impulsive.emotional.excitement"": 0.15073837885212385, ""adhd_inattentive.cognitive.att_bandwidth"": -2, ""adhd_inattentive.cognitive.plan_consistency"": -0.31925998155290136, ""adhd_inattentive.cognitive.retention"": -4, ""adhd_inattentive.cognitive.task_initiation_delay"": 0.4575254032383761, ""adhd_inattentive.emotional.frustration"": 0.16189416934298684, ""adhd_inattentive.emotional.self_esteem"": -0.2526167010442417, ""adhd_inattentive.emotional.shame"": 0.2128264741569609, ""base_cognitive.att_bandwidth"": 3, ""base_cognitive.conflict_tendency"": 0.11781898250611857, ""base_cognitive.importance_trigger"": 135.16537831700236, ""base_cognitive.impulse_override"": 0.11595908907637262, ""base_cognitive.plan_consistency"": 0.9155272448957474, ""base_cognitive.recency_decay"": 0.9813265339631928, ""base_cognitive.retention"": 5, ""base_cognitive.social_sensitivity"": 0.571101801287575, ""base_cognitive.task_initiation_delay"": 0.05260060188868652, ""base_cognitive.vision_r"": 4, ""base_emotional.anger"": 0.08963481815511286, ""base_emotional.anxiety"": 0.07233717780905911, ""base_emotional.excitement"": 0.16234228669752723, ""base_emotional.frustration"": 0.08977204665015372, ""base_emotional.loneliness"": 0.08539020695027186, ""base_emotional.self_esteem"": 0.7021847474205306, ""base_emotional.shame"": 0.05317958524779529, ""base_emotional.trust_in_teacher"": 0.6297839928152057}"		
1778045983.687	4	7	0.794194	0.814701	0.763434	0.000000	"{""adhd_hyperactive_impulsive.cognitive.conflict_tendency"": 0.19469059744461442, ""adhd_hyperactive_impulsive.cognitive.impulse_override"": 0.28151692615786356, ""adhd_hyperactive_impulsive.cognitive.plan_consistency"": -0.41927764579629595, ""adhd_hyperactive_impulsive.emotional.anger"": 0.19331815737222105, ""adhd_hyperactive_impulsive.emotional.excitement"": 0.1063722151152209, ""adhd_inattentive.cognitive.att_bandwidth"": -3, ""adhd_inattentive.cognitive.plan_consistency"": -0.39037370540350086, ""adhd_inattentive.cognitive.retention"": -3, ""adhd_inattentive.cognitive.task_initiation_delay"": 0.4323553176862841, ""adhd_inattentive.emotional.frustration"": 0.1278179953835336, ""adhd_inattentive.emotional.self_esteem"": -0.245020884620232, ""adhd_inattentive.emotional.shame"": 0.15014330666098635, ""base_cognitive.att_bandwidth"": 3, ""base_cognitive.conflict_tendency"": 0.0618573031219306, ""base_cognitive.importance_trigger"": 143.99704036279195, ""base_cognitive.impulse_override"": 0.04219062904561088, ""base_cognitive.plan_consistency"": 0.9398950236084929, ""base_cognitive.recency_decay"": 0.9852452741882233, ""base_cognitive.retention"": 6, ""base_cognitive.social_sensitivity"": 0.5440404521252555, ""base_cognitive.task_initiation_delay"": 0.042600496224767186, ""base_cognitive.vision_r"": 3, ""base_emotional.anger"": 0.12320001375904563, ""base_emotional.anxiety"": 0.16991974050011763, ""base_emotional.excitement"": 0.26316001197629674, ""base_emotional.frustration"": 0.11278580980591484, ""base_emotional.loneliness"": 0.09307050577689133, ""base_emotional.self_esteem"": 0.6660589863168813, ""base_emotional.shame"": 0.07851692602045071, ""base_emotional.trust_in_teacher"": 0.594800336867929}"		
1778045984.304	4	8	0.791082	0.803771	0.772049	0.000000	"{""adhd_hyperactive_impulsive.cognitive.conflict_tendency"": 0.16586599791471957, ""adhd_hyperactive_impulsive.cognitive.impulse_override"": 0.2655130557602613, ""adhd_hyperactive_impulsive.cognitive.plan_consistency"": -0.4424920899218955, ""adhd_hyperactive_impulsive.emotional.anger"": 0.19804157223139734, ""adhd_hyperactive_impulsive.emotional.excitement"": 0.20922314686888088, ""adhd_inattentive.cognitive.att_bandwidth"": -2, ""adhd_inattentive.cognitive.plan_consistency"": -0.2952120118503904, ""adhd_inattentive.cognitive.retention"": -3, ""adhd_inattentive.cognitive.task_initiation_delay"": 0.44898402172269203, ""adhd_inattentive.emotional.frustration"": 0.19351645758866257, ""adhd_inattentive.emotional.self_esteem"": -0.2570575297746879, ""adhd_inattentive.emotional.shame"": 0.24110216765494705, ""base_cognitive.att_bandwidth"": 4, ""base_cognitive.conflict_tendency"": 0.10166703385617894, ""base_cognitive.importance_trigger"": 157.9948852388616, ""base_cognitive.impulse_override"": 0.06582622735108745, ""base_cognitive.plan_consistency"": 0.7967291428971255, ""base_cognitive.recency_decay"": 0.9831024526419758, ""base_cognitive.retention"": 5, ""base_cognitive.social_sensitivity"": 0.42986068605868266, ""base_cognitive.task_initiation_delay"": 0.02701169407454476, ""base_cognitive.vision_r"": 4, ""base_emotional.anger"": 0.14007142452321855, ""base_emotional.anxiety"": 0.1531506332814072, ""base_emotional.excitement"": 0.2599441588579991, ""base_emotional.frustration"": 0.12901349098311188, ""base_emotional.loneliness"": 0.12370942709429492, ""base_emotional.self_esteem"": 0.6503221307262427, ""base_emotional.shame"": 0.0487532692312411, ""base_emotional.trust_in_teacher"": 0.6981678659071242}"		
1778045984.850	4	9	0.624186	0.517947	0.783544	0.000000	"{""adhd_hyperactive_impulsive.cognitive.conflict_tendency"": 0.14589838414245432, ""adhd_hyperactive_impulsive.cognitive.impulse_override"": 0.3283008578120945, ""adhd_hyperactive_impulsive.cognitive.plan_consistency"": -0.5487750974066402, ""adhd_hyperactive_impulsive.emotional.anger"": 0.20146760258140733, ""adhd_hyperactive_impulsive.emotional.excitement"": 0.15653196491409618, ""adhd_inattentive.cognitive.att_bandwidth"": -2, ""adhd_inattentive.cognitive.plan_consistency"": -0.3874676324942795, ""adhd_inattentive.cognitive.retention"": -3, ""adhd_inattentive.cognitive.task_initiation_delay"": 0.4412533755079689, ""adhd_inattentive.emotional.frustration"": 0.2106519073816014, ""adhd_inattentive.emotional.self_esteem"": -0.26934621595749997, ""adhd_inattentive.emotional.shame"": 0.14464766864247564, ""base_cognitive.att_bandwidth"": 4, ""base_cognitive.conflict_tendency"": 0.10520503947251476, ""base_cognitive.importance_trigger"": 142.05912673191392, ""base_cognitive.impulse_override"": 0.05174414750211317, ""base_cognitive.plan_consistency"": 0.8580608672995783, ""base_cognitive.recency_decay"": 0.9894220133437513, ""base_cognitive.retention"": 4, ""base_cognitive.social_sensitivity"": 0.4185701405895963, ""base_cognitive.task_initiation_delay"": 0.06150540937754587, ""base_cognitive.vision_r"": 5, ""base_emotional.anger"": 0.08555426977049474, ""base_emotional.anxiety"": 0.06987165100438988, ""base_emotional.excitement"": 0.18652202965159653, ""base_emotional.frustration"": 0.1368253713238689, ""base_emotional.loneliness"": 0.03544950946255818, ""base_emotional.self_esteem"": 0.6627389177694977, ""base_emotional.shame"": 0.0888818577707347, ""base_emotional.trust_in_teacher"": 0.5663222642655081}"		
1778045985.516	4	10	0.639941	0.557194	0.764060	0.000000	"{""adhd_hyperactive_impulsive.cognitive.conflict_tendency"": 0.13562315593221355, ""adhd_hyperactive_impulsive.cognitive.impulse_override"": 0.25323070317565854, ""adhd_hyperactive_impulsive.cognitive.plan_consistency"": -0.5096890204551723, ""adhd_hyperactive_impulsive.emotional.anger"": 0.12938867056254266, ""adhd_hyperactive_impulsive.emotional.excitement"": 0.2268693179527099, ""adhd_inattentive.cognitive.att_bandwidth"": -1, ""adhd_inattentive.cognitive.plan_consistency"": -0.3527119300202691, ""adhd_inattentive.cognitive.retention"": -4, ""adhd_inattentive.cognitive.task_initiation_delay"": 0.36362935069149294, ""adhd_inattentive.emotional.frustration"": 0.17525973271009046, ""adhd_inattentive.emotional.self_esteem"": -0.21262154000719238, ""adhd_inattentive.emotional.shame"": 0.13689195584406427, ""base_cognitive.att_bandwidth"": 4, ""base_cognitive.conflict_tendency"": 0.09014875836973887, ""base_cognitive.importance_trigger"": 161.19726791036803, ""base_cognitive.impulse_override"": 0.03456125769238454, ""base_cognitive.plan_consistency"": 0.8543591130005657, ""base_cognitive.recency_decay"": 0.9912321691002186, ""base_cognitive.retention"": 6, ""base_cognitive.social_sensitivity"": 0.5901391827152822, ""base_cognitive.task_initiation_delay"": 0.03791109879600715, ""base_cognitive.vision_r"": 5, ""base_emotional.anger"": 0.08173004008275501, ""base_emotional.anxiety"": 0.05891212634030943, ""base_emotional.excitement"": 0.21329957913215325, ""base_emotional.frustration"": 0.16587450328057124, ""base_emotional.loneliness"": 0.11397848195557338, ""base_emotional.self_esteem"": 0.6043027060749107, ""base_emotional.shame"": 0.09228928738740441, ""base_emotional.trust_in_teacher"": 0.758023581116309}"		
1778045986.121	4	11	0.638450	0.511487	0.828894	0.000000	"{""adhd_hyperactive_impulsive.cognitive.conflict_tendency"": 0.24972573346432717, ""adhd_hyperactive_impulsive.cognitive.impulse_override"": 0.38921607598961994, ""adhd_hyperactive_impulsive.cognitive.plan_consistency"": -0.36725426567847674, ""adhd_hyperactive_impulsive.emotional.anger"": 0.14550104761639424, ""adhd_hyperactive_impulsive.emotional.excitement"": 0.17228828571410154, ""adhd_inattentive.cognitive.att_bandwidth"": -1, ""adhd_inattentive.cognitive.plan_consistency"": -0.4028771853810155, ""adhd_inattentive.cognitive.retention"": -3, ""adhd_inattentive.cognitive.task_initiation_delay"": 0.309691326416808, ""adhd_inattentive.emotional.frustration"": 0.21285330990729817, ""adhd_inattentive.emotional.self_esteem"": -0.33530793085999994, ""adhd_inattentive.emotional.shame"": 0.15744187097690093, ""base_cognitive.att_bandwidth"": 3, ""base_cognitive.conflict_tendency"": 0.031117871797658445, ""base_cognitive.importance_trigger"": 165.47046346688472, ""base_cognitive.impulse_override"": 0.08765594498571566, ""base_cognitive.plan_consistency"": 0.7613592036255196, ""base_cognitive.recency_decay"": 0.9839698250490186, ""base_cognitive.retention"": 5, ""base_cognitive.social_sensitivity"": 0.4709597241080585, ""base_cognitive.task_initiation_delay"": 0.07266280411448842, ""base_cognitive.vision_r"": 4, ""base_emotional.anger"": 0.07386947831607032, ""base_emotional.anxiety"": 0.15612526395896545, ""base_emotional.excitement"": 0.22518175705035898, ""base_emotional.frustration"": 0.12115349095683889, ""base_emotional.loneliness"": 0.051226944866478503, ""base_emotional.self_esteem"": 0.7420638288087078, ""base_emotional.shame"": 0.04993900143081641, ""base_emotional.trust_in_teacher"": 0.7282784381269148}"		
1778045986.666	4	12	0.621151	0.520969	0.771425	0.000000	"{""adhd_hyperactive_impulsive.cognitive.conflict_tendency"": 0.2041685767114545, ""adhd_hyperactive_impulsive.cognitive.impulse_override"": 0.33302690867856366, ""adhd_hyperactive_impulsive.cognitive.plan_consistency"": -0.46113644769821266, ""adhd_hyperactive_impulsive.emotional.anger"": 0.14658386447611527, ""adhd_hyperactive_impulsive.emotional.excitement"": 0.1789611112799746, ""adhd_inattentive.cognitive.att_bandwidth"": -2, ""adhd_inattentive.cognitive.plan_consistency"": -0.3661102974401828, ""adhd_inattentive.cognitive.retention"": -4, ""adhd_inattentive.cognitive.task_initiation_delay"": 0.31826666310191687, ""adhd_inattentive.emotional.frustration"": 0.18109022007153114, ""adhd_inattentive.emotional.self_esteem"": -0.22369023470428231, ""adhd_inattentive.emotional.shame"": 0.13936142005507615, ""base_cognitive.att_bandwidth"": 3, ""base_cognitive.conflict_tendency"": 0.05578512739666811, ""base_cognitive.importance_trigger"": 154.94063926587205, ""base_cognitive.impulse_override"": 0.07270770085637494, ""base_cognitive.plan_consistency"": 0.8414253539094751, ""base_cognitive.recency_decay"": 0.9934022593888883, ""base_cognitive.retention"": 4, ""base_cognitive.social_sensitivity"": 0.35950666984151414, ""base_cognitive.task_initiation_delay"": 0.09956460793626998, ""base_cognitive.vision_r"": 3, ""base_emotional.anger"": 0.05118700956429799, ""base_emotional.anxiety"": 0.05423438155191051, ""base_emotional.excitement"": 0.2495248839318056, ""base_emotional.frustration"": 0.14097556635247166, ""base_emotional.loneliness"": 0.09748860091686429, ""base_emotional.self_esteem"": 0.7797241924630074, ""base_emotional.shame"": 0.12397837327657395, ""base_emotional.trust_in_teacher"": 0.6486862038614803}"		
1778045987.166	4	13	0.800065	0.810873	0.783853	0.000000	"{""adhd_hyperactive_impulsive.cognitive.conflict_tendency"": 0.11283451831788185, ""adhd_hyperactive_impulsive.cognitive.impulse_override"": 0.2681046616334547, ""adhd_hyperactive_impulsive.cognitive.plan_consistency"": -0.3975464099563259, ""adhd_hyperactive_impulsive.emotional.anger"": 0.1557044455481667, ""adhd_hyperactive_impulsive.emotional.excitement"": 0.12472485038746191, ""adhd_inattentive.cognitive.att_bandwidth"": -2, ""adhd_inattentive.cognitive.plan_consistency"": -0.33542918661454835, ""adhd_inattentive.cognitive.retention"": -4, ""adhd_inattentive.cognitive.task_initiation_delay"": 0.33181101751986447, ""adhd_inattentive.emotional.frustration"": 0.12557321560730797, ""adhd_inattentive.emotional.self_esteem"": -0.1964115583641295, ""adhd_inattentive.emotional.shame"": 0.2368891843061992, ""base_cognitive.att_bandwidth"": 2, ""base_cognitive.conflict_tendency"": 0.07981646393949873, ""base_cognitive.importance_trigger"": 114.76955627439462, ""base_cognitive.impulse_override"": 0.07544494637871436, ""base_cognitive.plan_consistency"": 0.7763035249032991, ""base_cognitive.recency_decay"": 0.987966121960107, ""base_cognitive.retention"": 4, ""base_cognitive.social_sensitivity"": 0.30831603993810236, ""base_cognitive.task_initiation_delay"": 0.09573598108700773, ""base_cognitive.vision_r"": 5, ""base_emotional.anger"": 0.10939153171129519, ""base_emotional.anxiety"": 0.07436204078485158, ""base_emotional.excitement"": 0.28874249940802127, ""base_emotional.frustration"": 0.12496851566666392, ""base_emotional.loneliness"": 0.10902237495964807, ""base_emotional.self_esteem"": 0.6525272135794187, ""base_emotional.shame"": 0.14868853705134333, ""base_emotional.trust_in_teacher"": 0.799976936736998}"		
1778045987.717	4	14	0.631599	0.508983	0.815522	0.000000	"{""adhd_hyperactive_impulsive.cognitive.conflict_tendency"": 0.19718195466463076, ""adhd_hyperactive_impulsive.cognitive.impulse_override"": 0.39232759026310016, ""adhd_hyperactive_impulsive.cognitive.plan_consistency"": -0.44155874799667677, ""adhd_hyperactive_impulsive.emotional.anger"": 0.17896690437597046, ""adhd_hyperactive_impulsive.emotional.excitement"": 0.12279317347675328, ""adhd_inattentive.cognitive.att_bandwidth"": -3, ""adhd_inattentive.cognitive.plan_consistency"": -0.44986957277195266, ""adhd_inattentive.cognitive.retention"": -3, ""adhd_inattentive.cognitive.task_initiation_delay"": 0.43853520462206863, ""adhd_inattentive.emotional.frustration"": 0.18887346996240967, ""adhd_inattentive.emotional.self_esteem"": -0.3421244966498949, ""adhd_inattentive.emotional.shame"": 0.20125259294870834, ""base_cognitive.att_bandwidth"": 2, ""base_cognitive.conflict_tendency"": 0.07671450308287245, ""base_cognitive.importance_trigger"": 109.65197222804572, ""base_cognitive.impulse_override"": 0.07828564249558997, ""base_cognitive.plan_consistency"": 0.8781538121431444, ""base_cognitive.recency_decay"": 0.9817093603061359, ""base_cognitive.retention"": 5, ""base_cognitive.social_sensitivity"": 0.4510126018242253, ""base_cognitive.task_initiation_delay"": 0.02894470796533305, ""base_cognitive.vision_r"": 4, ""base_emotional.anger"": 0.05866298864045939, ""base_emotional.anxiety"": 0.1630985246147829, ""base_emotional.excitement"": 0.2123876866068113, ""base_emotional.frustration"": 0.15682838171983704, ""base_emotional.loneliness"": 0.1390661370324156, ""base_emotional.self_esteem"": 0.6112456973392837, ""base_emotional.shame"": 0.05980486710743678, ""base_emotional.trust_in_teacher"": 0.7349318652866397}"		
1778045988.359	4	15	0.628208	0.504113	0.814351	0.000000	"{""adhd_hyperactive_impulsive.cognitive.conflict_tendency"": 0.1924672271865993, ""adhd_hyperactive_impulsive.cognitive.impulse_override"": 0.3561223742574655, ""adhd_hyperactive_impulsive.cognitive.plan_consistency"": -0.4880202139080085, ""adhd_hyperactive_impulsive.emotional.anger"": 0.1370253737951828, ""adhd_hyperactive_impulsive.emotional.excitement"": 0.24563711080996303, ""adhd_inattentive.cognitive.att_bandwidth"": -2, ""adhd_inattentive.cognitive.plan_consistency"": -0.3785714350217285, ""adhd_inattentive.cognitive.retention"": -3, ""adhd_inattentive.cognitive.task_initiation_delay"": 0.48329975077955606, ""adhd_inattentive.emotional.frustration"": 0.17215437623535826, ""adhd_inattentive.emotional.self_esteem"": -0.3299561265379754, ""adhd_inattentive.emotional.shame"": 0.23390014266791548, ""base_cognitive.att_bandwidth"": 3, ""base_cognitive.conflict_tendency"": 0.06791044593278306, ""base_cognitive.importance_trigger"": 152.29912617583727, ""base_cognitive.impulse_override"": 0.09741918217266643, ""base_cognitive.plan_consistency"": 0.8049369469591667, ""base_cognitive.recency_decay"": 0.9900111831284, ""base_cognitive.retention"": 6, ""base_cognitive.social_sensitivity"": 0.4420020436538777, ""base_cognitive.task_initiation_delay"": 0.021464692155695, ""base_cognitive.vision_r"": 3, ""base_emotional.anger"": 0.14078507552802988, ""base_emotional.anxiety"": 0.07616602797506666, ""base_emotional.excitement"": 0.2189108782396805, ""base_emotional.frustration"": 0.1917632680878013, ""base_emotional.loneliness"": 0.12053370066495903, ""base_emotional.self_esteem"": 0.7090791489770764, ""base_emotional.shame"": 0.14071280270731418, ""base_emotional.trust_in_teacher"": 0.6768587285828682}"		
1778045989.041	4	16	0.798371	0.810616	0.780003	0.000000	"{""adhd_hyperactive_impulsive.cognitive.conflict_tendency"": 0.13709757296855865, ""adhd_hyperactive_impulsive.cognitive.impulse_override"": 0.31395246327799153, ""adhd_hyperactive_impulsive.cognitive.plan_consistency"": -0.4940348908377121, ""adhd_hyperactive_impulsive.emotional.anger"": 0.245034789866402, ""adhd_hyperactive_impulsive.emotional.excitement"": 0.18539765375598194, ""adhd_inattentive.cognitive.att_bandwidth"": -1, ""adhd_inattentive.cognitive.plan_consistency"": -0.39743219478495717, ""adhd_inattentive.cognitive.retention"": -2, ""adhd_inattentive.cognitive.task_initiation_delay"": 0.4875502002239562, ""adhd_inattentive.emotional.frustration"": 0.20653064856723416, ""adhd_inattentive.emotional.self_esteem"": -0.2663680020823161, ""adhd_inattentive.emotional.shame"": 0.20355976620953997, ""base_cognitive.att_bandwidth"": 4, ""base_cognitive.conflict_tendency"": 0.07105227241954895, ""base_cognitive.importance_trigger"": 104.98030875350038, ""base_cognitive.impulse_override"": 0.046918493450736815, ""base_cognitive.plan_consistency"": 0.9100984205505553, ""base_cognitive.recency_decay"": 0.9923282198418731, ""base_cognitive.retention"": 6, ""base_cognitive.social_sensitivity"": 0.5162394827559531, ""base_cognitive.task_initiation_delay"": 0.09025688476812978, ""base_cognitive.vision_r"": 4, ""base_emotional.anger"": 0.0333495226693132, ""base_emotional.anxiety"": 0.1296979247366148, ""base_emotional.excitement"": 0.15317710147147934, ""base_emotional.frustration"": 0.051516260210632527, ""base_emotional.loneliness"": 0.10580419163220212, ""base_emotional.self_esteem"": 0.7707900337123668, ""base_emotional.shame"": 0.13715451595091552, ""base_emotional.trust_in_teacher"": 0.6158591921600309}"		
1778045989.621	4	17	0.790592	0.799441	0.777319	0.000000	"{""adhd_hyperactive_impulsive.cognitive.conflict_tendency"": 0.21756267888640493, ""adhd_hyperactive_impulsive.cognitive.impulse_override"": 0.2562749577623648, ""adhd_hyperactive_impulsive.cognitive.plan_consistency"": -0.45330349295759587, ""adhd_hyperactive_impulsive.emotional.anger"": 0.20353675005575161, ""adhd_hyperactive_impulsive.emotional.excitement"": 0.1811188171712036, ""adhd_inattentive.cognitive.att_bandwidth"": -1, ""adhd_inattentive.cognitive.plan_consistency"": -0.2770695135405171, ""adhd_inattentive.cognitive.retention"": -3, ""adhd_inattentive.cognitive.task_initiation_delay"": 0.30747345062282105, ""adhd_inattentive.emotional.frustration"": 0.18737826473293825, ""adhd_inattentive.emotional.self_esteem"": -0.19334173359618448, ""adhd_inattentive.emotional.shame"": 0.14723667825538037, ""base_cognitive.att_bandwidth"": 3, ""base_cognitive.conflict_tendency"": 0.037809652432657374, ""base_cognitive.importance_trigger"": 166.60731446735673, ""base_cognitive.impulse_override"": 0.10907577971486747, ""base_cognitive.plan_consistency"": 0.7815371473765494, ""base_cognitive.recency_decay"": 0.9936404806082033, ""base_cognitive.retention"": 5, ""base_cognitive.social_sensitivity"": 0.34475343208195525, ""base_cognitive.task_initiation_delay"": 0.057596567422097525, ""base_cognitive.vision_r"": 3, ""base_emotional.anger"": 0.09818335928413664, ""base_emotional.anxiety"": 0.11914213497495035, ""base_emotional.excitement"": 0.2779795856399575, ""base_emotional.frustration"": 0.0686048782700032, ""base_emotional.loneliness"": 0.11775390009943028, ""base_emotional.self_esteem"": 0.6187103873617473, ""base_emotional.shame"": 0.08723893178248138, ""base_emotional.trust_in_teacher"": 0.7859756549304237}"		
1778045990.150	4	18	0.672705	0.606760	0.771622	0.000000	"{""adhd_hyperactive_impulsive.cognitive.conflict_tendency"": 0.21031746503393062, ""adhd_hyperactive_impulsive.cognitive.impulse_override"": 0.37574483034098016, ""adhd_hyperactive_impulsive.cognitive.plan_consistency"": -0.4982187338803513, ""adhd_hyperactive_impulsive.emotional.anger"": 0.14259175395325702, ""adhd_hyperactive_impulsive.emotional.excitement"": 0.21765997707619675, ""adhd_inattentive.cognitive.att_bandwidth"": -2, ""adhd_inattentive.cognitive.plan_consistency"": -0.3278893663387078, ""adhd_inattentive.cognitive.retention"": -3, ""adhd_inattentive.cognitive.task_initiation_delay"": 0.37241551997985767, ""adhd_inattentive.emotional.frustration"": 0.16891831293094867, ""adhd_inattentive.emotional.self_esteem"": -0.2991604774060709, ""adhd_inattentive.emotional.shame"": 0.11742374176798082, ""base_cognitive.att_bandwidth"": 3, ""base_cognitive.conflict_tendency"": 0.06508712655628648, ""base_cognitive.importance_trigger"": 149.03750942861532, ""base_cognitive.impulse_override"": 0.11147427975107159, ""base_cognitive.plan_consistency"": 0.8187260795049525, ""base_cognitive.recency_decay"": 0.987683874336223, ""base_cognitive.retention"": 4, ""base_cognitive.social_sensitivity"": 0.4490876548212436, ""base_cognitive.task_initiation_delay"": 0.066630922764745, ""base_cognitive.vision_r"": 4, ""base_emotional.anger"": 0.04252883493405779, ""base_emotional.anxiety"": 0.06603460409889012, ""base_emotional.excitement"": 0.24195967048961864, ""base_emotional.frustration"": 0.17012330857171068, ""base_emotional.loneliness"": 0.04301989749233942, ""base_emotional.self_esteem"": 0.7820619582539202, ""base_emotional.shame"": 0.0813333804774068, ""base_emotional.trust_in_teacher"": 0.7370706677960538}"		
1778045990.689	4	19	0.613763	0.495192	0.791620	0.000000	"{""adhd_hyperactive_impulsive.cognitive.conflict_tendency"": 0.21323756275530176, ""adhd_hyperactive_impulsive.cognitive.impulse_override"": 0.3380031052103325, ""adhd_hyperactive_impulsive.cognitive.plan_consistency"": -0.4496810048708375, ""adhd_hyperactive_impulsive.emotional.anger"": 0.15233897466940077, ""adhd_hyperactive_impulsive.emotional.excitement"": 0.19922187490094567, ""adhd_inattentive.cognitive.att_bandwidth"": -3, ""adhd_inattentive.cognitive.plan_consistency"": -0.3403407879867884, ""adhd_inattentive.cognitive.retention"": -3, ""adhd_inattentive.cognitive.task_initiation_delay"": 0.4944648327965366, ""adhd_inattentive.emotional.frustration"": 0.239499901991114, ""adhd_inattentive.emotional.self_esteem"": -0.25890193245403853, ""adhd_inattentive.emotional.shame"": 0.13112356759639232, ""base_cognitive.att_bandwidth"": 3, ""base_cognitive.conflict_tendency"": 0.11091521252764909, ""base_cognitive.importance_trigger"": 169.55144075055853, ""base_cognitive.impulse_override"": 0.10194851604550584, ""base_cognitive.plan_consistency"": 0.8329346936035924, ""base_cognitive.recency_decay"": 0.9845205095065428, ""base_cognitive.retention"": 4, ""base_cognitive.social_sensitivity"": 0.34095879617169045, ""base_cognitive.task_initiation_delay"": 0.08853753711383677, ""base_cognitive.vision_r"": 4, ""base_emotional.anger"": 0.13532806367820105, ""base_emotional.anxiety"": 0.11347243179136256, ""base_emotional.excitement"": 0.2455677891257133, ""base_emotional.frustration"": 0.1099938772100933, ""base_emotional.loneliness"": 0.14368917700896022, ""base_emotional.self_esteem"": 0.7370317353710124, ""base_emotional.shame"": 0.06470016868105408, ""base_emotional.trust_in_teacher"": 0.6863528871215125}"		
1778045991.311	4	20	0.756148	0.747755	0.768737	0.000000	"{""adhd_hyperactive_impulsive.cognitive.conflict_tendency"": 0.15971497392602396, ""adhd_hyperactive_impulsive.cognitive.impulse_override"": 0.2599459440251205, ""adhd_hyperactive_impulsive.cognitive.plan_consistency"": -0.42401642620341584, ""adhd_hyperactive_impulsive.emotional.anger"": 0.12270933718693762, ""adhd_hyperactive_impulsive.emotional.excitement"": 0.15783944256526006, ""adhd_inattentive.cognitive.att_bandwidth"": -2, ""adhd_inattentive.cognitive.plan_consistency"": -0.28907943336092107, ""adhd_inattentive.cognitive.retention"": -3, ""adhd_inattentive.cognitive.task_initiation_delay"": 0.40044992016859077, ""adhd_inattentive.emotional.frustration"": 0.20514033971601953, ""adhd_inattentive.emotional.self_esteem"": -0.3376348054074078, ""adhd_inattentive.emotional.shame"": 0.19597235363697496, ""base_cognitive.att_bandwidth"": 4, ""base_cognitive.conflict_tendency"": 0.08528777409782995, ""base_cognitive.importance_trigger"": 162.65060885493386, ""base_cognitive.impulse_override"": 0.09490631272148203, ""base_cognitive.plan_consistency"": 0.8167269968120001, ""base_cognitive.recency_decay"": 0.9931460320686767, ""base_cognitive.retention"": 5, ""base_cognitive.social_sensitivity"": 0.5598477907001809, ""base_cognitive.task_initiation_delay"": 0.014608361050894107, ""base_cognitive.vision_r"": 4, ""base_emotional.anger"": 0.12640458418509576, ""base_emotional.anxiety"": 0.061596300233650335, ""base_emotional.excitement"": 0.2923789502566879, ""base_emotional.frustration"": 0.09389622008261844, ""base_emotional.loneliness"": 0.14047394453086642, ""base_emotional.self_esteem"": 0.7747471363806968, ""base_emotional.shame"": 0.07274965096796436, ""base_emotional.trust_in_teacher"": 0.5560421612589479}"		
1778045991.975	4	21	0.629642	0.509878	0.809289	0.000000	"{""adhd_hyperactive_impulsive.cognitive.conflict_tendency"": 0.20105632913926685, ""adhd_hyperactive_impulsive.cognitive.impulse_override"": 0.34574961345160976, ""adhd_hyperactive_impulsive.cognitive.plan_consistency"": -0.4908408539818505, ""adhd_hyperactive_impulsive.emotional.anger"": 0.1812991228659181, ""adhd_hyperactive_impulsive.emotional.excitement"": 0.1381051078282579, ""adhd_inattentive.cognitive.att_bandwidth"": -1, ""adhd_inattentive.cognitive.plan_consistency"": -0.4263298397578458, ""adhd_inattentive.cognitive.retention"": -2, ""adhd_inattentive.cognitive.task_initiation_delay"": 0.3988297972197026, ""adhd_inattentive.emotional.frustration"": 0.22403376388660723, ""adhd_inattentive.emotional.self_esteem"": -0.2245873944588863, ""adhd_inattentive.emotional.shame"": 0.1555223797896664, ""base_cognitive.att_bandwidth"": 4, ""base_cognitive.conflict_tendency"": 0.05880696517513035, ""base_cognitive.importance_trigger"": 146.9062614401237, ""base_cognitive.impulse_override"": 0.10207159880182329, ""base_cognitive.plan_consistency"": 0.834530086759757, ""base_cognitive.recency_decay"": 0.9943780038700625, ""base_cognitive.retention"": 6, ""base_cognitive.social_sensitivity"": 0.5835735849082597, ""base_cognitive.task_initiation_delay"": 0.04797297342901624, ""base_cognitive.vision_r"": 4, ""base_emotional.anger"": 0.1019294805718271, ""base_emotional.anxiety"": 0.08047454390050614, ""base_emotional.excitement"": 0.22035612642981295, ""base_emotional.frustration"": 0.1508371761052184, ""base_emotional.loneliness"": 0.05475860949997238, ""base_emotional.self_esteem"": 0.7674974644555526, ""base_emotional.shame"": 0.1213890978283461, ""base_emotional.trust_in_teacher"": 0.5995090535495355}"		
1778045992.509	4	22	0.810720	0.802561	0.822960	0.000000	"{""adhd_hyperactive_impulsive.cognitive.conflict_tendency"": 0.18975927324341305, ""adhd_hyperactive_impulsive.cognitive.impulse_override"": 0.3231695901295396, ""adhd_hyperactive_impulsive.cognitive.plan_consistency"": -0.5445929011429173, ""adhd_hyperactive_impulsive.emotional.anger"": 0.19260952776786222, ""adhd_hyperactive_impulsive.emotional.excitement"": 0.18775130735639367, ""adhd_inattentive.cognitive.att_bandwidth"": -1, ""adhd_inattentive.cognitive.plan_consistency"": -0.3776093959348014, ""adhd_inattentive.cognitive.retention"": -3, ""adhd_inattentive.cognitive.task_initiation_delay"": 0.3330729983682094, ""adhd_inattentive.emotional.frustration"": 0.12376793424173828, ""adhd_inattentive.emotional.self_esteem"": -0.24300717888448492, ""adhd_inattentive.emotional.shame"": 0.18948342247319783, ""base_cognitive.att_bandwidth"": 3, ""base_cognitive.conflict_tendency"": 0.082624112314726, ""base_cognitive.importance_trigger"": 116.13485259469314, ""base_cognitive.impulse_override"": 0.08508023899587042, ""base_cognitive.plan_consistency"": 0.8066226540712271, ""base_cognitive.recency_decay"": 0.9909542245858582, ""base_cognitive.retention"": 4, ""base_cognitive.social_sensitivity"": 0.46377694919721724, ""base_cognitive.task_initiation_delay"": 0.044313978918302244, ""base_cognitive.vision_r"": 3, ""base_emotional.anger"": 0.12075064825897125, ""base_emotional.anxiety"": 0.14880860685630495, ""base_emotional.excitement"": 0.23331467265126388, ""base_emotional.frustration"": 0.08615583136860268, ""base_emotional.loneliness"": 0.10077379871060246, ""base_emotional.self_esteem"": 0.7075646854282487, ""base_emotional.shame"": 0.0680888382283743, ""base_emotional.trust_in_teacher"": 0.6068870540854822}"		
1778045993.099	4	23	0.626476	0.527053	0.775610	0.000000	"{""adhd_hyperactive_impulsive.cognitive.conflict_tendency"": 0.17451267063910048, ""adhd_hyperactive_impulsive.cognitive.impulse_override"": 0.30214160025692355, ""adhd_hyperactive_impulsive.cognitive.plan_consistency"": -0.4271877853451495, ""adhd_hyperactive_impulsive.emotional.anger"": 0.20971677547320453, ""adhd_hyperactive_impulsive.emotional.excitement"": 0.127422344744723, ""adhd_inattentive.cognitive.att_bandwidth"": -1, ""adhd_inattentive.cognitive.plan_consistency"": -0.3827726504805503, ""adhd_inattentive.cognitive.retention"": -2, ""adhd_inattentive.cognitive.task_initiation_delay"": 0.44444616680405236, ""adhd_inattentive.emotional.frustration"": 0.16992311161095636, ""adhd_inattentive.emotional.self_esteem"": -0.27510185600930936, ""adhd_inattentive.emotional.shame"": 0.12996718919434264, ""base_cognitive.att_bandwidth"": 3, ""base_cognitive.conflict_tendency"": 0.04093524437570918, ""base_cognitive.importance_trigger"": 156.06565452334019, ""base_cognitive.impulse_override"": 0.0906934129899545, ""base_cognitive.plan_consistency"": 0.9313722286756062, ""base_cognitive.recency_decay"": 0.9906349075469834, ""base_cognitive.retention"": 5, ""base_cognitive.social_sensitivity"": 0.45733694889064624, ""base_cognitive.task_initiation_delay"": 0.049856176727912455, ""base_cognitive.vision_r"": 5, ""base_emotional.anger"": 0.055769603564638046, ""base_emotional.anxiety"": 0.12581171537820512, ""base_emotional.excitement"": 0.17417592968123718, ""base_emotional.frustration"": 0.18573382395891425, ""base_emotional.loneliness"": 0.12152107134190465, ""base_emotional.self_esteem"": 0.6701423593644643, ""base_emotional.shame"": 0.03613113544655041, ""base_emotional.trust_in_teacher"": 0.6541906125759064}"		
1778045993.682	4	24	0.789682	0.799861	0.774414	0.000000	"{""adhd_hyperactive_impulsive.cognitive.conflict_tendency"": 0.11571891055878075, ""adhd_hyperactive_impulsive.cognitive.impulse_override"": 0.28667929521314106, ""adhd_hyperactive_impulsive.cognitive.plan_consistency"": -0.37101780461975, ""adhd_hyperactive_impulsive.emotional.anger"": 0.2255278094975891, ""adhd_hyperactive_impulsive.emotional.excitement"": 0.1407801820658926, ""adhd_inattentive.cognitive.att_bandwidth"": -2, ""adhd_inattentive.cognitive.plan_consistency"": -0.3476977232116883, ""adhd_inattentive.cognitive.retention"": -3, ""adhd_inattentive.cognitive.task_initiation_delay"": 0.3866803092176655, ""adhd_inattentive.emotional.frustration"": 0.17974519886027168, ""adhd_inattentive.emotional.self_esteem"": -0.29118756083462866, ""adhd_inattentive.emotional.shame"": 0.21819043334169222, ""base_cognitive.att_bandwidth"": 3, ""base_cognitive.conflict_tendency"": 0.06701789995527321, ""base_cognitive.importance_trigger"": 121.11185331704797, ""base_cognitive.impulse_override"": 0.11756733844987917, ""base_cognitive.plan_consistency"": 0.8445464089484437, ""base_cognitive.recency_decay"": 0.9867193558866973, ""base_cognitive.retention"": 5, ""base_cognitive.social_sensitivity"": 0.5497704271532144, ""base_cognitive.task_initiation_delay"": 0.07172863833553736, ""base_cognitive.vision_r"": 4, ""base_emotional.anger"": 0.08307765338413137, ""base_emotional.anxiety"": 0.09523993962804489, ""base_emotional.excitement"": 0.19130856606281935, ""base_emotional.frustration"": 0.06424080587744828, ""base_emotional.loneliness"": 0.05370637217036049, ""base_emotional.self_esteem"": 0.7125698847549048, ""base_emotional.shame"": 0.1010359577003625, ""base_emotional.trust_in_teacher"": 0.6424479167545956}"		
1778045994.321	4	25	1.165863	1.439535	0.755355	0.000000	"{""adhd_hyperactive_impulsive.cognitive.conflict_tendency"": 0.10101675359017373, ""adhd_hyperactive_impulsive.cognitive.impulse_override"": 0.2633733845866057, ""adhd_hyperactive_impulsive.cognitive.plan_consistency"": -0.45673704315674535, ""adhd_hyperactive_impulsive.emotional.anger"": 0.1710275755605848, ""adhd_hyperactive_impulsive.emotional.excitement"": 0.2226550842880385, ""adhd_inattentive.cognitive.att_bandwidth"": -3, ""adhd_inattentive.cognitive.plan_consistency"": -0.33043476004713557, ""adhd_inattentive.cognitive.retention"": -2, ""adhd_inattentive.cognitive.task_initiation_delay"": 0.3776225538857735, ""adhd_inattentive.emotional.frustration"": 0.22131973491889845, ""adhd_inattentive.emotional.self_esteem"": -0.30880972436513304, ""adhd_inattentive.emotional.shame"": 0.21416246308776105, ""base_cognitive.att_bandwidth"": 4, ""base_cognitive.conflict_tendency"": 0.09322232074740051, ""base_cognitive.importance_trigger"": 111.93956660962579, ""base_cognitive.impulse_override"": 0.0368111854797702, ""base_cognitive.plan_consistency"": 0.8527498381851136, ""base_cognitive.recency_decay"": 0.9823025799323226, ""base_cognitive.retention"": 5, ""base_cognitive.social_sensitivity"": 0.5141873168816717, ""base_cognitive.task_initiation_delay"": 0.08521178840806364, ""base_cognitive.vision_r"": 5, ""base_emotional.anger"": 0.13297210538157653, ""base_emotional.anxiety"": 0.08354430392330173, ""base_emotional.excitement"": 0.1714885482355806, ""base_emotional.frustration"": 0.18043002936632985, ""base_emotional.loneliness"": 0.1298603851128734, ""base_emotional.self_esteem"": 0.6286063723240958, ""base_emotional.shame"": 0.09678070415046003, ""base_emotional.trust_in_teacher"": 0.6591954306031486}"		
1778045994.922	4	26	0.658531	0.521472	0.864120	0.000000	"{""adhd_hyperactive_impulsive.cognitive.conflict_tendency"": 0.24422882352841996, ""adhd_hyperactive_impulsive.cognitive.impulse_override"": 0.341811455680588, ""adhd_hyperactive_impulsive.cognitive.plan_consistency"": -0.5197547104433433, ""adhd_hyperactive_impulsive.emotional.anger"": 0.18358704656854108, ""adhd_hyperactive_impulsive.emotional.excitement"": 0.2049905699450384, ""adhd_inattentive.cognitive.att_bandwidth"": -2, ""adhd_inattentive.cognitive.plan_consistency"": -0.44516610647788113, ""adhd_inattentive.cognitive.retention"": -3, ""adhd_inattentive.cognitive.task_initiation_delay"": 0.4710643089049495, ""adhd_inattentive.emotional.frustration"": 0.2400773141276597, ""adhd_inattentive.emotional.self_esteem"": -0.22013678672337939, ""adhd_inattentive.emotional.shame"": 0.10475024743515302, ""base_cognitive.att_bandwidth"": 3, ""base_cognitive.conflict_tendency"": 0.08070882652765352, ""base_cognitive.importance_trigger"": 106.58182671185621, ""base_cognitive.impulse_override"": 0.04027238659551804, ""base_cognitive.plan_consistency"": 0.7513427412767952, ""base_cognitive.recency_decay"": 0.9947707616417004, ""base_cognitive.retention"": 5, ""base_cognitive.social_sensitivity"": 0.4243454735971273, ""base_cognitive.task_initiation_delay"": 0.0418051499058791, ""base_cognitive.vision_r"": 5, ""base_emotional.anger"": 0.0652119583265913, ""base_emotional.anxiety"": 0.14652626205560687, ""base_emotional.excitement"": 0.29844204856384304, ""base_emotional.frustration"": 0.07579054813219951, ""base_emotional.loneliness"": 0.033352420466833566, ""base_emotional.self_esteem"": 0.6969466351492145, ""base_emotional.shame"": 0.11730385276501282, ""base_emotional.trust_in_teacher"": 0.6735011112235915}"		
1778045995.419	4	27	0.701840	0.631877	0.806785	0.000000	"{""adhd_hyperactive_impulsive.cognitive.conflict_tendency"": 0.1496553432079592, ""adhd_hyperactive_impulsive.cognitive.impulse_override"": 0.31901932946658035, ""adhd_hyperactive_impulsive.cognitive.plan_consistency"": -0.37948850794011124, ""adhd_hyperactive_impulsive.emotional.anger"": 0.1738127483954265, ""adhd_hyperactive_impulsive.emotional.excitement"": 0.16914302311579923, ""adhd_inattentive.cognitive.att_bandwidth"": -1, ""adhd_inattentive.cognitive.plan_consistency"": -0.40685500920400364, ""adhd_inattentive.cognitive.retention"": -4, ""adhd_inattentive.cognitive.task_initiation_delay"": 0.4623643152832141, ""adhd_inattentive.emotional.frustration"": 0.1429559477144568, ""adhd_inattentive.emotional.self_esteem"": -0.27664595030688904, ""adhd_inattentive.emotional.shame"": 0.10218441750955877, ""base_cognitive.att_bandwidth"": 2, ""base_cognitive.conflict_tendency"": 0.04769143589016624, ""base_cognitive.importance_trigger"": 124.3743289442704, ""base_cognitive.impulse_override"": 0.1097423799719917, ""base_cognitive.plan_consistency"": 0.8299570187597765, ""base_cognitive.recency_decay"": 0.9808559060014994, ""base_cognitive.retention"": 4, ""base_cognitive.social_sensitivity"": 0.5680046185818783, ""base_cognitive.task_initiation_delay"": 0.03186990413671322, ""base_cognitive.vision_r"": 5, ""base_emotional.anger"": 0.06641749675887534, ""base_emotional.anxiety"": 0.11706681724644165, ""base_emotional.excitement"": 0.19572768658484035, ""base_emotional.frustration"": 0.19877495282991198, ""base_emotional.loneliness"": 0.11638714814692835, ""base_emotional.self_esteem"": 0.7324380423075039, ""base_emotional.shame"": 0.12871132428932128, ""base_emotional.trust_in_teacher"": 0.7746872310872039}"		
1778045995.954	4	28	0.618258	0.510048	0.780572	0.000000	"{""adhd_hyperactive_impulsive.cognitive.conflict_tendency"": 0.1448922875392866, ""adhd_hyperactive_impulsive.cognitive.impulse_override"": 0.36587450177388836, ""adhd_hyperactive_impulsive.cognitive.plan_consistency"": -0.47383187498286244, ""adhd_hyperactive_impulsive.emotional.anger"": 0.22881815040496398, ""adhd_hyperactive_impulsive.emotional.excitement"": 0.10396236685136123, ""adhd_inattentive.cognitive.att_bandwidth"": -1, ""adhd_inattentive.cognitive.plan_consistency"": -0.4117376478383831, ""adhd_inattentive.cognitive.retention"": -3, ""adhd_inattentive.cognitive.task_initiation_delay"": 0.42842408801632803, ""adhd_inattentive.emotional.frustration"": 0.19795922855202938, ""adhd_inattentive.emotional.self_esteem"": -0.29746413505010466, ""adhd_inattentive.emotional.shame"": 0.2445426657677333, ""base_cognitive.att_bandwidth"": 3, ""base_cognitive.conflict_tendency"": 0.09594108637549416, ""base_cognitive.importance_trigger"": 117.16291455990273, ""base_cognitive.impulse_override"": 0.049767749673054515, ""base_cognitive.plan_consistency"": 0.9208906760876927, ""base_cognitive.recency_decay"": 0.9914768214290058, ""base_cognitive.retention"": 4, ""base_cognitive.social_sensitivity"": 0.40130924252895633, ""base_cognitive.task_initiation_delay"": 0.0938271680190268, ""base_cognitive.vision_r"": 5, ""base_emotional.anger"": 0.05940536934559701, ""base_emotional.anxiety"": 0.056465713042242356, ""base_emotional.excitement"": 0.22358780621711874, ""base_emotional.frustration"": 0.17414404221576052, ""base_emotional.loneliness"": 0.10985876288598721, ""base_emotional.self_esteem"": 0.7526413126048535, ""base_emotional.shame"": 0.09792120093196548, ""base_emotional.trust_in_teacher"": 0.7608822772868429}"		
1778045996.641	4	29	0.783828	0.806682	0.749548	0.000000	"{""adhd_hyperactive_impulsive.cognitive.conflict_tendency"": 0.10720821439677168, ""adhd_hyperactive_impulsive.cognitive.impulse_override"": 0.378522879873053, ""adhd_hyperactive_impulsive.cognitive.plan_consistency"": -0.434858977653508, ""adhd_hyperactive_impulsive.emotional.anger"": 0.1624924213948463, ""adhd_hyperactive_impulsive.emotional.excitement"": 0.1930687965240011, ""adhd_inattentive.cognitive.att_bandwidth"": -3, ""adhd_inattentive.cognitive.plan_consistency"": -0.30913267507110537, ""adhd_inattentive.cognitive.retention"": -3, ""adhd_inattentive.cognitive.task_initiation_delay"": 0.38208122984054016, ""adhd_inattentive.emotional.frustration"": 0.13560175047180492, ""adhd_inattentive.emotional.self_esteem"": -0.32220143594275785, ""adhd_inattentive.emotional.shame"": 0.2293702959273823, ""base_cognitive.att_bandwidth"": 3, ""base_cognitive.conflict_tendency"": 0.1063486357887553, ""base_cognitive.importance_trigger"": 126.8135591471065, ""base_cognitive.impulse_override"": 0.061382496630590706, ""base_cognitive.plan_consistency"": 0.8840803578110874, ""base_cognitive.recency_decay"": 0.9833389277693045, ""base_cognitive.retention"": 6, ""base_cognitive.social_sensitivity"": 0.3193680650472569, ""base_cognitive.task_initiation_delay"": 0.06929767294407095, ""base_cognitive.vision_r"": 4, ""base_emotional.anger"": 0.12864595817808838, ""base_emotional.anxiety"": 0.0994621405927053, ""base_emotional.excitement"": 0.19896182509148988, ""base_emotional.frustration"": 0.0772334881633795, ""base_emotional.loneliness"": 0.08883031144523323, ""base_emotional.self_esteem"": 0.6394393438559098, ""base_emotional.shame"": 0.11554715153296419, ""base_emotional.trust_in_teacher"": 0.7106432922765575}"		
1778045997.198	4	30	0.654652	0.581210	0.764816	0.000000	"{""adhd_hyperactive_impulsive.cognitive.conflict_tendency"": 0.16705505918182906, ""adhd_hyperactive_impulsive.cognitive.impulse_override"": 0.2990134603399307, ""adhd_hyperactive_impulsive.cognitive.plan_consistency"": -0.5360827352299415, ""adhd_hyperactive_impulsive.emotional.anger"": 0.14914760596167884, ""adhd_hyperactive_impulsive.emotional.excitement"": 0.21196182253212192, ""adhd_inattentive.cognitive.att_bandwidth"": -2, ""adhd_inattentive.cognitive.plan_consistency"": -0.421763310125329, ""adhd_inattentive.cognitive.retention"": -2, ""adhd_inattentive.cognitive.task_initiation_delay"": 0.3210544185744053, ""adhd_inattentive.emotional.frustration"": 0.14783895854338755, ""adhd_inattentive.emotional.self_esteem"": -0.2817115062334, ""adhd_inattentive.emotional.shame"": 0.17204867921154549, ""base_cognitive.att_bandwidth"": 4, ""base_cognitive.conflict_tendency"": 0.03435775860956166, ""base_cognitive.importance_trigger"": 122.78213730830244, ""base_cognitive.impulse_override"": 0.03262398381240426, ""base_cognitive.plan_consistency"": 0.9075284797063579, ""base_cognitive.recency_decay"": 0.9869447427494674, ""base_cognitive.retention"": 4, ""base_cognitive.social_sensitivity"": 0.3144997960411252, ""base_cognitive.task_initiation_delay"": 0.004995715727453916, ""base_cognitive.vision_r"": 3, ""base_emotional.anger"": 0.09017850684601836, ""base_emotional.anxiety"": 0.1683936587695352, ""base_emotional.excitement"": 0.23581904010548357, ""base_emotional.frustration"": 0.1319235059234458, ""base_emotional.loneliness"": 0.060946075186328275, ""base_emotional.self_esteem"": 0.7998693565963766, ""base_emotional.shame"": 0.1431836689321317, ""base_emotional.trust_in_teacher"": 0.5506448620627794}"		
1778045997.747	4	31	0.774726	0.796083	0.742690	0.000000	"{""adhd_hyperactive_impulsive.cognitive.conflict_tendency"": 0.20558649759585018, ""adhd_hyperactive_impulsive.cognitive.impulse_override"": 0.3606178627240611, ""adhd_hyperactive_impulsive.cognitive.plan_consistency"": -0.47813287545640437, ""adhd_hyperactive_impulsive.emotional.anger"": 0.13262594039228748, ""adhd_hyperactive_impulsive.emotional.excitement"": 0.24957453067939897, ""adhd_inattentive.cognitive.att_bandwidth"": -1, ""adhd_inattentive.cognitive.plan_consistency"": -0.2918160562263413, ""adhd_inattentive.cognitive.retention"": -3, ""adhd_inattentive.cognitive.task_initiation_delay"": 0.4908331239409705, ""adhd_inattentive.emotional.frustration"": 0.16137306801275206, ""adhd_inattentive.emotional.self_esteem"": -0.21493672589603116, ""adhd_inattentive.emotional.shame"": 0.23809186680777453, ""base_cognitive.att_bandwidth"": 2, ""base_cognitive.conflict_tendency"": 0.09886513469631637, ""base_cognitive.importance_trigger"": 107.87396474930893, ""base_cognitive.impulse_override"": 0.08346151023893235, ""base_cognitive.plan_consistency"": 0.9266493906224517, ""base_cognitive.recency_decay"": 0.9856465352280763, ""base_cognitive.retention"": 5, ""base_cognitive.social_sensitivity"": 0.3626445910186103, ""base_cognitive.task_initiation_delay"": 0.07737105275330768, ""base_cognitive.vision_r"": 4, ""base_emotional.anger"": 0.04552998121001412, ""base_emotional.anxiety"": 0.1329775254326645, ""base_emotional.excitement"": 0.2875807816046182, ""base_emotional.frustration"": 0.053680726934512174, ""base_emotional.loneliness"": 0.04771737027115494, ""base_emotional.self_esteem"": 0.6846796101869695, ""base_emotional.shame"": 0.13159406308272625, ""base_emotional.trust_in_teacher"": 0.7403865134361935}"		
1778045998.287	4	32	0.808504	0.795108	0.828597	0.000000	"{""adhd_hyperactive_impulsive.cognitive.conflict_tendency"": 0.17928418084969594, ""adhd_hyperactive_impulsive.cognitive.impulse_override"": 0.38100103830140264, ""adhd_hyperactive_impulsive.cognitive.plan_consistency"": -0.46991303095297715, ""adhd_hyperactive_impulsive.emotional.anger"": 0.21487556057370852, ""adhd_hyperactive_impulsive.emotional.excitement"": 0.19626536251760546, ""adhd_inattentive.cognitive.att_bandwidth"": -2, ""adhd_inattentive.cognitive.plan_consistency"": -0.26125707991892727, ""adhd_inattentive.cognitive.retention"": -3, ""adhd_inattentive.cognitive.task_initiation_delay"": 0.3566428736697542, ""adhd_inattentive.emotional.frustration"": 0.19087814118873683, ""adhd_inattentive.emotional.self_esteem"": -0.23197601737542872, ""adhd_inattentive.emotional.shame"": 0.22850026031474002, ""base_cognitive.att_bandwidth"": 2, ""base_cognitive.conflict_tendency"": 0.09166988690128397, ""base_cognitive.importance_trigger"": 118.37315356717858, ""base_cognitive.impulse_override"": 0.11407777165819159, ""base_cognitive.plan_consistency"": 0.7648693199199464, ""base_cognitive.recency_decay"": 0.9918441989779999, ""base_cognitive.retention"": 5, ""base_cognitive.social_sensitivity"": 0.3900434181131299, ""base_cognitive.task_initiation_delay"": 0.023238740403511177, ""base_cognitive.vision_r"": 3, ""base_emotional.anger"": 0.048407788906050284, ""base_emotional.anxiety"": 0.11204047446895199, ""base_emotional.excitement"": 0.15020652815428245, ""base_emotional.frustration"": 0.06698991805621368, ""base_emotional.loneliness"": 0.07755545768049929, ""base_emotional.self_esteem"": 0.7270652258830599, ""base_emotional.shame"": 0.1382965008183423, ""base_emotional.trust_in_teacher"": 0.6320899551974679}"		
1778045998.948	4	33	0.633285	0.518121	0.806030	0.000000	"{""adhd_hyperactive_impulsive.cognitive.conflict_tendency"": 0.230595618389606, ""adhd_hyperactive_impulsive.cognitive.impulse_override"": 0.2792259471930867, ""adhd_hyperactive_impulsive.cognitive.plan_consistency"": -0.4060878240195329, ""adhd_hyperactive_impulsive.emotional.anger"": 0.23875163247419956, ""adhd_hyperactive_impulsive.emotional.excitement"": 0.11215033114161446, ""adhd_inattentive.cognitive.att_bandwidth"": -3, ""adhd_inattentive.cognitive.plan_consistency"": -0.3541653815006317, ""adhd_inattentive.cognitive.retention"": -4, ""adhd_inattentive.cognitive.task_initiation_delay"": 0.4119416693544804, ""adhd_inattentive.emotional.frustration"": 0.2028274968405362, ""adhd_inattentive.emotional.self_esteem"": -0.2844092597666465, ""adhd_inattentive.emotional.shame"": 0.178937787703276, ""base_cognitive.att_bandwidth"": 3, ""base_cognitive.conflict_tendency"": 0.06328448300506867, ""base_cognitive.importance_trigger"": 139.97880508408699, ""base_cognitive.impulse_override"": 0.07428531696738971, ""base_cognitive.plan_consistency"": 0.7871514854248212, ""base_cognitive.recency_decay"": 0.9801408588015698, ""base_cognitive.retention"": 6, ""base_cognitive.social_sensitivity"": 0.5976818025938679, ""base_cognitive.task_initiation_delay"": 0.03978913207864315, ""base_cognitive.vision_r"": 3, ""base_emotional.anger"": 0.039711099125785285, ""base_emotional.anxiety"": 0.09775940023853472, ""base_emotional.excitement"": 0.275553800694762, ""base_emotional.frustration"": 0.16868995694108274, ""base_emotional.loneliness"": 0.06490381655361069, ""base_emotional.self_esteem"": 0.6785975898653102, ""base_emotional.shame"": 0.10416308430637747, ""base_emotional.trust_in_teacher"": 0.7010805376951208}"		
1778045999.484	4	34	0.789332	0.804294	0.766888	0.000000	"{""adhd_hyperactive_impulsive.cognitive.conflict_tendency"": 0.22318258514829936, ""adhd_hyperactive_impulsive.cognitive.impulse_override"": 0.305821098612711, ""adhd_hyperactive_impulsive.cognitive.plan_consistency"": -0.4316323646148571, ""adhd_hyperactive_impulsive.emotional.anger"": 0.1208732584236175, ""adhd_hyperactive_impulsive.emotional.excitement"": 0.11814964667081432, ""adhd_inattentive.cognitive.att_bandwidth"": -2, ""adhd_inattentive.cognitive.plan_consistency"": -0.35911797758660036, ""adhd_inattentive.cognitive.retention"": -2, ""adhd_inattentive.cognitive.task_initiation_delay"": 0.45309251873848605, ""adhd_inattentive.emotional.frustration"": 0.15437926782725733, ""adhd_inattentive.emotional.self_esteem"": -0.18485115625044646, ""adhd_inattentive.emotional.shame"": 0.16515912394040566, ""base_cognitive.att_bandwidth"": 3, ""base_cognitive.conflict_tendency"": 0.11377687873869563, ""base_cognitive.importance_trigger"": 140.65547655614694, ""base_cognitive.impulse_override"": 0.07007292543179691, ""base_cognitive.plan_consistency"": 0.8978925061846694, ""base_cognitive.recency_decay"": 0.9864481149227, ""base_cognitive.retention"": 4, ""base_cognitive.social_sensitivity"": 0.407388585145664, ""base_cognitive.task_initiation_delay"": 0.08193928091166304, ""base_cognitive.vision_r"": 5, ""base_emotional.anger"": 0.0724671966871316, ""base_emotional.anxiety"": 0.16049080251910094, ""base_emotional.excitement"": 0.2823580711621665, ""base_emotional.frustration"": 0.1025031863814205, ""base_emotional.loneliness"": 0.07820002649938075, ""base_emotional.self_esteem"": 0.760838763989756, ""base_emotional.shame"": 0.14632717633902748, ""base_emotional.trust_in_teacher"": 0.5886626834387756}"		
1778046000.072	4	35	0.609971	0.507349	0.763904	0.000000	"{""adhd_hyperactive_impulsive.cognitive.conflict_tendency"": 0.23922675380497013, ""adhd_hyperactive_impulsive.cognitive.impulse_override"": 0.29479070316795136, ""adhd_hyperactive_impulsive.cognitive.plan_consistency"": -0.47701800001442735, ""adhd_hyperactive_impulsive.emotional.anger"": 0.14075659840277552, ""adhd_hyperactive_impulsive.emotional.excitement"": 0.10030943419725356, ""adhd_inattentive.cognitive.att_bandwidth"": -2, ""adhd_inattentive.cognitive.plan_consistency"": -0.36373095397169564, ""adhd_inattentive.cognitive.retention"": -3, ""adhd_inattentive.cognitive.task_initiation_delay"": 0.3896117535809064, ""adhd_inattentive.emotional.frustration"": 0.21828756708733954, ""adhd_inattentive.emotional.self_esteem"": -0.23816092664581084, ""adhd_inattentive.emotional.shame"": 0.1224433001668627, ""base_cognitive.att_bandwidth"": 3, ""base_cognitive.conflict_tendency"": 0.0323043256788282, ""base_cognitive.importance_trigger"": 148.47848170695733, ""base_cognitive.impulse_override"": 0.10388602377241056, ""base_cognitive.plan_consistency"": 0.8870160726579527, ""base_cognitive.recency_decay"": 0.9804325851673868, ""base_cognitive.retention"": 5, ""base_cognitive.social_sensitivity"": 0.5251137560913602, ""base_cognitive.task_initiation_delay"": 0.059850393071922574, ""base_cognitive.vision_r"": 4, ""base_emotional.anger"": 0.0526257881358938, ""base_emotional.anxiety"": 0.1444331082330689, ""base_emotional.excitement"": 0.20184663845921155, ""base_emotional.frustration"": 0.13891976481677404, ""base_emotional.loneliness"": 0.14676682327838286, ""base_emotional.self_esteem"": 0.7473214601761177, ""base_emotional.shame"": 0.05669520042658302, ""base_emotional.trust_in_teacher"": 0.6381812800485962}"		
1778046000.623	4	36	0.694440	0.634258	0.784713	0.000000	"{""adhd_hyperactive_impulsive.cognitive.conflict_tendency"": 0.11803103491330583, ""adhd_hyperactive_impulsive.cognitive.impulse_override"": 0.28967300364515175, ""adhd_hyperactive_impulsive.cognitive.plan_consistency"": -0.5251002920525062, ""adhd_hyperactive_impulsive.emotional.anger"": 0.15647170185631892, ""adhd_hyperactive_impulsive.emotional.excitement"": 0.10990067057796415, ""adhd_inattentive.cognitive.att_bandwidth"": -2, ""adhd_inattentive.cognitive.plan_consistency"": -0.43368811540210656, ""adhd_inattentive.cognitive.retention"": -3, ""adhd_inattentive.cognitive.task_initiation_delay"": 0.39585613500476513, ""adhd_inattentive.emotional.frustration"": 0.24243261061501672, ""adhd_inattentive.emotional.self_esteem"": -0.3476057869093814, ""adhd_inattentive.emotional.shame"": 0.2066882662108131, ""base_cognitive.att_bandwidth"": 2, ""base_cognitive.conflict_tendency"": 0.0498354611405822, ""base_cognitive.importance_trigger"": 119.68956427411834, ""base_cognitive.impulse_override"": 0.08020577618677319, ""base_cognitive.plan_consistency"": 0.8636558999628801, ""base_cognitive.recency_decay"": 0.9810520367367812, ""base_cognitive.retention"": 5, ""base_cognitive.social_sensitivity"": 0.30529528901833436, ""base_cognitive.task_initiation_delay"": 0.07859594498030768, ""base_cognitive.vision_r"": 4, ""base_emotional.anger"": 0.06979530068044629, ""base_emotional.anxiety"": 0.17534255069732202, ""base_emotional.excitement"": 0.2698841422277431, ""base_emotional.frustration"": 0.06036369199510902, ""base_emotional.loneliness"": 0.0625751850041133, ""base_emotional.self_esteem"": 0.6460811910167755, ""base_emotional.shame"": 0.12045797325180682, ""base_emotional.trust_in_teacher"": 0.750848520061874}"		
1778046001.184	4	37	0.750381	0.726997	0.785457	0.000000	"{""adhd_hyperactive_impulsive.cognitive.conflict_tendency"": 0.12416710611911774, ""adhd_hyperactive_impulsive.cognitive.impulse_override"": 0.39408550259862757, ""adhd_hyperactive_impulsive.cognitive.plan_consistency"": -0.3874563239324039, ""adhd_hyperactive_impulsive.emotional.anger"": 0.16890357337409026, ""adhd_hyperactive_impulsive.emotional.excitement"": 0.1512103949697484, ""adhd_inattentive.cognitive.att_bandwidth"": -3, ""adhd_inattentive.cognitive.plan_consistency"": -0.30579311875102466, ""adhd_inattentive.cognitive.retention"": -2, ""adhd_inattentive.cognitive.task_initiation_delay"": 0.33850230992839947, ""adhd_inattentive.emotional.frustration"": 0.13865800799480088, ""adhd_inattentive.emotional.self_esteem"": -0.34643976502873436, ""adhd_inattentive.emotional.shame"": 0.2229677463411133, ""base_cognitive.att_bandwidth"": 3, ""base_cognitive.conflict_tendency"": 0.04970670759080975, ""base_cognitive.importance_trigger"": 111.10927457396905, ""base_cognitive.impulse_override"": 0.08611905510201828, ""base_cognitive.plan_consistency"": 0.7706581429213122, ""base_cognitive.recency_decay"": 0.9939681044714456, ""base_cognitive.retention"": 4, ""base_cognitive.social_sensitivity"": 0.5033960173688158, ""base_cognitive.task_initiation_delay"": 0.00901708505600887, ""base_cognitive.vision_r"": 4, ""base_emotional.anger"": 0.10401228862345445, ""base_emotional.anxiety"": 0.10581686439760765, ""base_emotional.excitement"": 0.2538836888596838, ""base_emotional.frustration"": 0.19015628073021495, ""base_emotional.loneliness"": 0.06815511143792065, ""base_emotional.self_esteem"": 0.7901241759332722, ""base_emotional.shame"": 0.06283930170543635, ""base_emotional.trust_in_teacher"": 0.6133528128702925}"		
1778046001.809	4	38	0.784143	0.804459	0.753670	0.000000	"{""adhd_hyperactive_impulsive.cognitive.conflict_tendency"": 0.12330317626945572, ""adhd_hyperactive_impulsive.cognitive.impulse_override"": 0.30934117392664595, ""adhd_hyperactive_impulsive.cognitive.plan_consistency"": -0.41255278174968796, ""adhd_hyperactive_impulsive.emotional.anger"": 0.1272497310971705, ""adhd_hyperactive_impulsive.emotional.excitement"": 0.16731248010375757, ""adhd_inattentive.cognitive.att_bandwidth"": -3, ""adhd_inattentive.cognitive.plan_consistency"": -0.2652308198253141, ""adhd_inattentive.cognitive.retention"": -4, ""adhd_inattentive.cognitive.task_initiation_delay"": 0.46731073239261156, ""adhd_inattentive.emotional.frustration"": 0.18288532725480175, ""adhd_inattentive.emotional.self_esteem"": -0.18034115041326404, ""adhd_inattentive.emotional.shame"": 0.12509062486126743, ""base_cognitive.att_bandwidth"": 3, ""base_cognitive.conflict_tendency"": 0.07759807889674353, ""base_cognitive.importance_trigger"": 128.63456606923336, ""base_cognitive.impulse_override"": 0.09439208632791998, ""base_cognitive.plan_consistency"": 0.7989791023662188, ""base_cognitive.recency_decay"": 0.9928208231555454, ""base_cognitive.retention"": 5, ""base_cognitive.social_sensitivity"": 0.5305194516849776, ""base_cognitive.task_initiation_delay"": 0.01371418277573679, ""base_cognitive.vision_r"": 4, ""base_emotional.anger"": 0.06293258066227592, ""base_emotional.anxiety"": 0.052085006811575414, ""base_emotional.excitement"": 0.1834762656936854, ""base_emotional.frustration"": 0.1146056860718981, ""base_emotional.loneliness"": 0.0416532347782733, ""base_emotional.self_esteem"": 0.7577042790911279, ""base_emotional.shame"": 0.031651726404974795, ""base_emotional.trust_in_teacher"": 0.7056043009096353}"		
1778046002.428	4	39	0.700397	0.606915	0.840619	0.000000	"{""adhd_hyperactive_impulsive.cognitive.conflict_tendency"": 0.1037409303077848, ""adhd_hyperactive_impulsive.cognitive.impulse_override"": 0.31147011091156607, ""adhd_hyperactive_impulsive.cognitive.plan_consistency"": -0.37752523427065, ""adhd_hyperactive_impulsive.emotional.anger"": 0.20816980943841326, ""adhd_hyperactive_impulsive.emotional.excitement"": 0.16055519698309106, ""adhd_inattentive.cognitive.att_bandwidth"": -2, ""adhd_inattentive.cognitive.plan_consistency"": -0.4367532615935105, ""adhd_inattentive.cognitive.retention"": -2, ""adhd_inattentive.cognitive.task_initiation_delay"": 0.40440009157447754, ""adhd_inattentive.emotional.frustration"": 0.21519129635918835, ""adhd_inattentive.emotional.self_esteem"": -0.1977422380964016, ""adhd_inattentive.emotional.shame"": 0.16020492530919406, ""base_cognitive.att_bandwidth"": 2, ""base_cognitive.conflict_tendency"": 0.07147099629289488, ""base_cognitive.importance_trigger"": 137.08918154190536, ""base_cognitive.impulse_override"": 0.043946819484187966, ""base_cognitive.plan_consistency"": 0.785326898565554, ""base_cognitive.recency_decay"": 0.9902736402164937, ""base_cognitive.retention"": 6, ""base_cognitive.social_sensitivity"": 0.41215812597644064, ""base_cognitive.task_initiation_delay"": 0.010552806592954178, ""base_cognitive.vision_r"": 3, ""base_emotional.anger"": 0.14297189676769356, ""base_emotional.anxiety"": 0.09291416447878081, ""base_emotional.excitement"": 0.20754688509795607, ""base_emotional.frustration"": 0.09938990809254503, ""base_emotional.loneliness"": 0.13244373665811063, ""base_emotional.self_esteem"": 0.6273001201167211, ""base_emotional.shame"": 0.13498283079754714, ""base_emotional.trust_in_teacher"": 0.6634553710084322}"		
1778046002.998	4	40	0.807476	0.805496	0.810446	0.000000	"{""adhd_hyperactive_impulsive.cognitive.conflict_tendency"": 0.13989405727419982, ""adhd_hyperactive_impulsive.cognitive.impulse_override"": 0.2764355884682046, ""adhd_hyperactive_impulsive.cognitive.plan_consistency"": -0.5167194078088075, ""adhd_hyperactive_impulsive.emotional.anger"": 0.197063346137897, ""adhd_hyperactive_impulsive.emotional.excitement"": 0.21602241396170466, ""adhd_inattentive.cognitive.att_bandwidth"": -2, ""adhd_inattentive.cognitive.plan_consistency"": -0.44113691215320006, ""adhd_inattentive.cognitive.retention"": -2, ""adhd_inattentive.cognitive.task_initiation_delay"": 0.49727155086381725, ""adhd_inattentive.emotional.frustration"": 0.15652384373193357, ""adhd_inattentive.emotional.self_esteem"": -0.20275958939911026, ""adhd_inattentive.emotional.shame"": 0.10762203393428406, ""base_cognitive.att_bandwidth"": 2, ""base_cognitive.conflict_tendency"": 0.0540926666676106, ""base_cognitive.importance_trigger"": 131.77862426427345, ""base_cognitive.impulse_override"": 0.06289082223944535, ""base_cognitive.plan_consistency"": 0.9227941635590824, ""base_cognitive.recency_decay"": 0.9842579206292263, ""base_cognitive.retention"": 5, ""base_cognitive.social_sensitivity"": 0.3695238818667672, ""base_cognitive.task_initiation_delay"": 0.06252804873363538, ""base_cognitive.vision_r"": 3, ""base_emotional.anger"": 0.03746823541435304, ""base_emotional.anxiety"": 0.08451073124375943, ""base_emotional.excitement"": 0.29460871281875434, ""base_emotional.frustration"": 0.05632373117581627, ""base_emotional.loneliness"": 0.08462373059165107, ""base_emotional.self_esteem"": 0.7936916117805763, ""base_emotional.shame"": 0.03873394482945283, ""base_emotional.trust_in_teacher"": 0.7162652256775442}"		
1778046003.628	4	41	0.620469	0.511758	0.783536	0.000000	"{""adhd_hyperactive_impulsive.cognitive.conflict_tendency"": 0.1699997276301192, ""adhd_hyperactive_impulsive.cognitive.impulse_override"": 0.38305339872353317, ""adhd_hyperactive_impulsive.cognitive.plan_consistency"": -0.4643999898466532, ""adhd_hyperactive_impulsive.emotional.anger"": 0.24752320635730726, ""adhd_hyperactive_impulsive.emotional.excitement"": 0.14219397151472443, ""adhd_inattentive.cognitive.att_bandwidth"": -1, ""adhd_inattentive.cognitive.plan_consistency"": -0.40036616140469433, ""adhd_inattentive.cognitive.retention"": -4, ""adhd_inattentive.cognitive.task_initiation_delay"": 0.4777152756424809, ""adhd_inattentive.emotional.frustration"": 0.15286702847013667, ""adhd_inattentive.emotional.self_esteem"": -0.2374537208337573, ""adhd_inattentive.emotional.shame"": 0.17643698162865082, ""base_cognitive.att_bandwidth"": 4, ""base_cognitive.conflict_tendency"": 0.11134888953774512, ""base_cognitive.importance_trigger"": 125.9679567081551, ""base_cognitive.impulse_override"": 0.04995761127022391, ""base_cognitive.plan_consistency"": 0.9375437438062953, ""base_cognitive.recency_decay"": 0.987491209197529, ""base_cognitive.retention"": 5, ""base_cognitive.social_sensitivity"": 0.5378244908134056, ""base_cognitive.task_initiation_delay"": 0.0833524213359395, ""base_cognitive.vision_r"": 4, ""base_emotional.anger"": 0.11715609794198109, ""base_emotional.anxiety"": 0.1389580700276284, ""base_emotional.excitement"": 0.22926020926168122, ""base_emotional.frustration"": 0.1784676869377309, ""base_emotional.loneliness"": 0.03150542148235682, ""base_emotional.self_esteem"": 0.6885760507856543, ""base_emotional.shame"": 0.12739651397616297, ""base_emotional.trust_in_teacher"": 0.7215190890121035}"		
1778046004.175	4	42	0.637489	0.507518	0.832445	0.000000	"{""adhd_hyperactive_impulsive.cognitive.conflict_tendency"": 0.16051760831030126, ""adhd_hyperactive_impulsive.cognitive.impulse_override"": 0.3476027126644545, ""adhd_hyperactive_impulsive.cognitive.plan_consistency"": -0.5138434707993417, ""adhd_hyperactive_impulsive.emotional.anger"": 0.23054815942655021, ""adhd_hyperactive_impulsive.emotional.excitement"": 0.24125067795513278, ""adhd_inattentive.cognitive.att_bandwidth"": -2, ""adhd_inattentive.cognitive.plan_consistency"": -0.41584911689726234, ""adhd_inattentive.cognitive.retention"": -4, ""adhd_inattentive.cognitive.task_initiation_delay"": 0.3678324866405146, ""adhd_inattentive.emotional.frustration"": 0.2458316423541042, ""adhd_inattentive.emotional.self_esteem"": -0.28574256386716046, ""adhd_inattentive.emotional.shame"": 0.1901614736395163, ""base_cognitive.att_bandwidth"": 2, ""base_cognitive.conflict_tendency"": 0.03977302696557244, ""base_cognitive.importance_trigger"": 167.64855854411746, ""base_cognitive.impulse_override"": 0.10566977265657208, ""base_cognitive.plan_consistency"": 0.7903251366630878, ""base_cognitive.recency_decay"": 0.9897370409200125, ""base_cognitive.retention"": 5, ""base_cognitive.social_sensitivity"": 0.3872755958755519, ""base_cognitive.task_initiation_delay"": 0.09677965418434212, ""base_cognitive.vision_r"": 5, ""base_emotional.anger"": 0.07636475953444002, ""base_emotional.anxiety"": 0.09028464425512048, ""base_emotional.excitement"": 0.16687279350365053, ""base_emotional.frustration"": 0.1834677020926948, ""base_emotional.loneliness"": 0.0727698045700676, ""base_emotional.self_esteem"": 0.683064400055975, ""base_emotional.shame"": 0.06948347982096334, ""base_emotional.trust_in_teacher"": 0.6814185490897666}"		
1778046004.726	4	43	0.778054	0.801630	0.742690	0.000000	"{""adhd_hyperactive_impulsive.cognitive.conflict_tendency"": 0.23763024813793143, ""adhd_hyperactive_impulsive.cognitive.impulse_override"": 0.25011190421250973, ""adhd_hyperactive_impulsive.cognitive.plan_consistency"": -0.3549888167849251, ""adhd_hyperactive_impulsive.emotional.anger"": 0.18588837346071577, ""adhd_hyperactive_impulsive.emotional.excitement"": 0.13365828561208415, ""adhd_inattentive.cognitive.att_bandwidth"": -2, ""adhd_inattentive.cognitive.plan_consistency"": -0.2818805688056674, ""adhd_inattentive.cognitive.retention"": -3, ""adhd_inattentive.cognitive.task_initiation_delay"": 0.3420326688780011, ""adhd_inattentive.emotional.frustration"": 0.22235665921377384, ""adhd_inattentive.emotional.self_esteem"": -0.2498059571232083, ""adhd_inattentive.emotional.shame"": 0.18349152994185947, ""base_cognitive.att_bandwidth"": 2, ""base_cognitive.conflict_tendency"": 0.05786288746735209, ""base_cognitive.importance_trigger"": 164.2212255423549, ""base_cognitive.impulse_override"": 0.06952514095394202, ""base_cognitive.plan_consistency"": 0.8691366391344016, ""base_cognitive.recency_decay"": 0.982666187224069, ""base_cognitive.retention"": 5, ""base_cognitive.social_sensitivity"": 0.33534694704180584, ""base_cognitive.task_initiation_delay"": 0.0036112720339310255, ""base_cognitive.vision_r"": 5, ""base_emotional.anger"": 0.10508267957833271, ""base_emotional.anxiety"": 0.17798644910522088, ""base_emotional.excitement"": 0.15906578975321417, ""base_emotional.frustration"": 0.0720349763127455, ""base_emotional.loneliness"": 0.09673056965278465, ""base_emotional.self_esteem"": 0.6758312212924198, ""base_emotional.shame"": 0.09376787763754735, ""base_emotional.trust_in_teacher"": 0.6215416899081374}"		
1778046005.280	4	44	0.781419	0.807239	0.742690	0.000000	"{""adhd_hyperactive_impulsive.cognitive.conflict_tendency"": 0.18540017327061453, ""adhd_hyperactive_impulsive.cognitive.impulse_override"": 0.39945235837101045, ""adhd_hyperactive_impulsive.cognitive.plan_consistency"": -0.3910372976758796, ""adhd_hyperactive_impulsive.emotional.anger"": 0.16457189880044132, ""adhd_hyperactive_impulsive.emotional.excitement"": 0.13049773285069707, ""adhd_inattentive.cognitive.att_bandwidth"": -2, ""adhd_inattentive.cognitive.plan_consistency"": -0.27095823939917274, ""adhd_inattentive.cognitive.retention"": -4, ""adhd_inattentive.cognitive.task_initiation_delay"": 0.301751803592887, ""adhd_inattentive.emotional.frustration"": 0.13362375046142652, ""adhd_inattentive.emotional.self_esteem"": -0.3285254093243376, ""adhd_inattentive.emotional.shame"": 0.20850052876263403, ""base_cognitive.att_bandwidth"": 2, ""base_cognitive.conflict_tendency"": 0.051676231150563606, ""base_cognitive.importance_trigger"": 133.90418312927022, ""base_cognitive.impulse_override"": 0.08057440189489913, ""base_cognitive.plan_consistency"": 0.8910744712048304, ""base_cognitive.recency_decay"": 0.9885703449256287, ""base_cognitive.retention"": 5, ""base_cognitive.social_sensitivity"": 0.4797756652778611, ""base_cognitive.task_initiation_delay"": 0.019989947812650833, ""base_cognitive.vision_r"": 4, ""base_emotional.anger"": 0.12481567467533532, ""base_emotional.anxiety"": 0.12223190721411108, ""base_emotional.excitement"": 0.17960365923332103, ""base_emotional.frustration"": 0.12779964790954296, ""base_emotional.loneliness"": 0.12838316825961094, ""base_emotional.self_esteem"": 0.6958084035961726, ""base_emotional.shame"": 0.07571217685308843, ""base_emotional.trust_in_teacher"": 0.5621443159849222}"		
1778046005.982	4	45	0.791066	0.798675	0.779653	0.000000	"{""adhd_hyperactive_impulsive.cognitive.conflict_tendency"": 0.13270487513205534, ""adhd_hyperactive_impulsive.cognitive.impulse_override"": 0.2712620024449258, ""adhd_hyperactive_impulsive.cognitive.plan_consistency"": -0.48361625421780713, ""adhd_hyperactive_impulsive.emotional.anger"": 0.21768492122330046, ""adhd_hyperactive_impulsive.emotional.excitement"": 0.14503899134438616, ""adhd_inattentive.cognitive.att_bandwidth"": -1, ""adhd_inattentive.cognitive.plan_consistency"": -0.2531951244799106, ""adhd_inattentive.cognitive.retention"": -4, ""adhd_inattentive.cognitive.task_initiation_delay"": 0.3460959639804282, ""adhd_inattentive.emotional.frustration"": 0.13058744175294904, ""adhd_inattentive.emotional.self_esteem"": -0.3252478262217358, ""adhd_inattentive.emotional.shame"": 0.11844640274898471, ""base_cognitive.att_bandwidth"": 4, ""base_cognitive.conflict_tendency"": 0.08637373457265501, ""base_cognitive.importance_trigger"": 103.8840459193991, ""base_cognitive.impulse_override"": 0.09958006904119011, ""base_cognitive.plan_consistency"": 0.8130168433946927, ""base_cognitive.recency_decay"": 0.9838470217554446, ""base_cognitive.retention"": 6, ""base_cognitive.social_sensitivity"": 0.4812608314615282, ""base_cognitive.task_initiation_delay"": 0.08640424439867248, ""base_cognitive.vision_r"": 4, ""base_emotional.anger"": 0.11453080787713468, ""base_emotional.anxiety"": 0.08758464512490703, ""base_emotional.excitement"": 0.23785126542346408, ""base_emotional.frustration"": 0.11716832482376349, ""base_emotional.loneliness"": 0.03751215657877289, ""base_emotional.self_esteem"": 0.7190924122617446, ""base_emotional.shame"": 0.07461643532712044, ""base_emotional.trust_in_teacher"": 0.7692046220613897}"		
1778046006.585	4	46	0.623808	0.516258	0.785134	0.000000	"{""adhd_hyperactive_impulsive.cognitive.conflict_tendency"": 0.21598286172040676, ""adhd_hyperactive_impulsive.cognitive.impulse_override"": 0.3269089884481806, ""adhd_hyperactive_impulsive.cognitive.plan_consistency"": -0.38452449148701023, ""adhd_hyperactive_impulsive.emotional.anger"": 0.16150041642757013, ""adhd_hyperactive_impulsive.emotional.excitement"": 0.16393217308224878, ""adhd_inattentive.cognitive.att_bandwidth"": -3, ""adhd_inattentive.cognitive.plan_consistency"": -0.34374523766293796, ""adhd_inattentive.cognitive.retention"": -2, ""adhd_inattentive.cognitive.task_initiation_delay"": 0.42062812129677263, ""adhd_inattentive.emotional.frustration"": 0.22778138211131072, ""adhd_inattentive.emotional.self_esteem"": -0.31056460839419253, ""adhd_inattentive.emotional.shame"": 0.11236341920264446, ""base_cognitive.att_bandwidth"": 3, ""base_cognitive.conflict_tendency"": 0.04567228752680843, ""base_cognitive.importance_trigger"": 153.72992932256608, ""base_cognitive.impulse_override"": 0.0671570484702329, ""base_cognitive.plan_consistency"": 0.8477436265047623, ""base_cognitive.recency_decay"": 0.9850789742474511, ""base_cognitive.retention"": 5, ""base_cognitive.social_sensitivity"": 0.43520027663917193, ""base_cognitive.task_initiation_delay"": 0.024292531182629494, ""base_cognitive.vision_r"": 3, ""base_emotional.anger"": 0.14945234780891656, ""base_emotional.anxiety"": 0.13535317277963854, ""base_emotional.excitement"": 0.281431760995129, ""base_emotional.frustration"": 0.08270985091506383, ""base_emotional.loneliness"": 0.14900031791976887, ""base_emotional.self_esteem"": 0.7318566321745458, ""base_emotional.shame"": 0.044358456225008745, ""base_emotional.trust_in_teacher"": 0.6048179596550534}"		
1778046007.181	4	47	0.783328	0.810419	0.742690	0.000000	"{""adhd_hyperactive_impulsive.cognitive.conflict_tendency"": 0.12977984609322413, ""adhd_hyperactive_impulsive.cognitive.impulse_override"": 0.3530040208891272, ""adhd_hyperactive_impulsive.cognitive.plan_consistency"": -0.40018322041894144, ""adhd_hyperactive_impulsive.emotional.anger"": 0.17652666357925792, ""adhd_hyperactive_impulsive.emotional.excitement"": 0.23089102090741417, ""adhd_inattentive.cognitive.att_bandwidth"": -2, ""adhd_inattentive.cognitive.plan_consistency"": -0.30006343894025067, ""adhd_inattentive.cognitive.retention"": -3, ""adhd_inattentive.cognitive.task_initiation_delay"": 0.3145278002785902, ""adhd_inattentive.emotional.frustration"": 0.16541804382869513, ""adhd_inattentive.emotional.self_esteem"": -0.20835084699313453, ""adhd_inattentive.emotional.shame"": 0.13506620073857317, ""base_cognitive.att_bandwidth"": 3, ""base_cognitive.conflict_tendency"": 0.09745660890744798, ""base_cognitive.importance_trigger"": 101.31693265464011, ""base_cognitive.impulse_override"": 0.03899852119675136, ""base_cognitive.plan_consistency"": 0.9027233560305906, ""base_cognitive.recency_decay"": 0.9820537905582879, ""base_cognitive.retention"": 5, ""base_cognitive.social_sensitivity"": 0.5089094823022852, ""base_cognitive.task_initiation_delay"": 0.05164863236083666, ""base_cognitive.vision_r"": 4, ""base_emotional.anger"": 0.07878781993409, ""base_emotional.anxiety"": 0.15871326679179742, ""base_emotional.excitement"": 0.2046500462482579, ""base_emotional.frustration"": 0.14579479240465182, ""base_emotional.loneliness"": 0.1373421055852177, ""base_emotional.self_esteem"": 0.7207672591004728, ""base_emotional.shame"": 0.03333707623674842, ""base_emotional.trust_in_teacher"": 0.7470857469654125}"		
1778046007.775	4	48	0.783390	0.810523	0.742690	0.000000	"{""adhd_hyperactive_impulsive.cognitive.conflict_tendency"": 0.22140785895578463, ""adhd_hyperactive_impulsive.cognitive.impulse_override"": 0.3866554144641825, ""adhd_hyperactive_impulsive.cognitive.plan_consistency"": -0.5039592475420843, ""adhd_hyperactive_impulsive.emotional.anger"": 0.2199256671349175, ""adhd_hyperactive_impulsive.emotional.excitement"": 0.11740811382826867, ""adhd_inattentive.cognitive.att_bandwidth"": -2, ""adhd_inattentive.cognitive.plan_consistency"": -0.3127049488050712, ""adhd_inattentive.cognitive.retention"": -4, ""adhd_inattentive.cognitive.task_initiation_delay"": 0.47453744450870816, ""adhd_inattentive.emotional.frustration"": 0.14900256077380972, ""adhd_inattentive.emotional.self_esteem"": -0.26255525864234264, ""adhd_inattentive.emotional.shame"": 0.1708738036389933, ""base_cognitive.att_bandwidth"": 3, ""base_cognitive.conflict_tendency"": 0.0884372068024494, ""base_cognitive.importance_trigger"": 133.50613227529382, ""base_cognitive.impulse_override"": 0.045664546314153745, ""base_cognitive.plan_consistency"": 0.9460139468866513, ""base_cognitive.recency_decay"": 0.982751218039605, ""base_cognitive.retention"": 5, ""base_cognitive.social_sensitivity"": 0.32972921243717424, ""base_cognitive.task_initiation_delay"": 0.0013432819513391854, ""base_cognitive.vision_r"": 4, ""base_emotional.anger"": 0.13634183624363322, ""base_emotional.anxiety"": 0.13818260965897858, ""base_emotional.excitement"": 0.2664863252444679, ""base_emotional.frustration"": 0.15842994720455172, ""base_emotional.loneliness"": 0.13411590406760177, ""base_emotional.self_esteem"": 0.6020978092492518, ""base_emotional.shame"": 0.08497295808005191, ""base_emotional.trust_in_teacher"": 0.6917195607768052}"		
1778046008.334	4	49	0.726143	0.706918	0.754981	0.000000	"{""adhd_hyperactive_impulsive.cognitive.conflict_tendency"": 0.17671504676263072, ""adhd_hyperactive_impulsive.cognitive.impulse_override"": 0.31847256512611427, ""adhd_hyperactive_impulsive.cognitive.plan_consistency"": -0.3525676797761028, ""adhd_hyperactive_impulsive.emotional.anger"": 0.24450126120925772, ""adhd_hyperactive_impulsive.emotional.excitement"": 0.1905422096433727, ""adhd_inattentive.cognitive.att_bandwidth"": -1, ""adhd_inattentive.cognitive.plan_consistency"": -0.26905478384281656, ""adhd_inattentive.cognitive.retention"": -2, ""adhd_inattentive.cognitive.task_initiation_delay"": 0.4165301197632259, ""adhd_inattentive.emotional.frustration"": 0.1990990698451922, ""adhd_inattentive.emotional.self_esteem"": -0.20566795845233724, ""adhd_inattentive.emotional.shame"": 0.2234644631837319, ""base_cognitive.att_bandwidth"": 3, ""base_cognitive.conflict_tendency"": 0.03660786979446274, ""base_cognitive.importance_trigger"": 113.07139958774668, ""base_cognitive.impulse_override"": 0.05591164241851243, ""base_cognitive.plan_consistency"": 0.8987033695829525, ""base_cognitive.recency_decay"": 0.9945305171541998, ""base_cognitive.retention"": 4, ""base_cognitive.social_sensitivity"": 0.3503959615182545, ""base_cognitive.task_initiation_delay"": 0.006696918535460255, ""base_cognitive.vision_r"": 3, ""base_emotional.anger"": 0.14718057611672664, ""base_emotional.anxiety"": 0.06350389936068142, ""base_emotional.excitement"": 0.24725355709981933, ""base_emotional.frustration"": 0.14687027824781632, ""base_emotional.loneliness"": 0.04594360669158307, ""base_emotional.self_esteem"": 0.7855775571922152, ""base_emotional.shame"": 0.055151756772771426, ""base_emotional.trust_in_teacher"": 0.79463419048402}"		
1778046008.989	4	50	0.789884	0.811195	0.757917	0.000000	"{""adhd_hyperactive_impulsive.cognitive.conflict_tendency"": 0.24159828369418793, ""adhd_hyperactive_impulsive.cognitive.impulse_override"": 0.3727915608930028, ""adhd_hyperactive_impulsive.cognitive.plan_consistency"": -0.5286897368079707, ""adhd_hyperactive_impulsive.emotional.anger"": 0.23353732424530255, ""adhd_hyperactive_impulsive.emotional.excitement"": 0.22579527063932248, ""adhd_inattentive.cognitive.att_bandwidth"": -3, ""adhd_inattentive.cognitive.plan_consistency"": -0.3255991248138486, ""adhd_inattentive.cognitive.retention"": -3, ""adhd_inattentive.cognitive.task_initiation_delay"": 0.36925953910091475, ""adhd_inattentive.emotional.frustration"": 0.12150199869455548, ""adhd_inattentive.emotional.self_esteem"": -0.3177552864134403, ""adhd_inattentive.emotional.shame"": 0.18401796413279875, ""base_cognitive.att_bandwidth"": 4, ""base_cognitive.conflict_tendency"": 0.04292247930462028, ""base_cognitive.importance_trigger"": 151.25560540357327, ""base_cognitive.impulse_override"": 0.054031359826004245, ""base_cognitive.plan_consistency"": 0.877050523095386, ""base_cognitive.recency_decay"": 0.9887977901335014, ""base_cognitive.retention"": 6, ""base_cognitive.social_sensitivity"": 0.5792867871717404, ""base_cognitive.task_initiation_delay"": 0.05564120107189349, ""base_cognitive.vision_r"": 5, ""base_emotional.anger"": 0.03139619411933386, ""base_emotional.anxiety"": 0.12357575101281898, ""base_emotional.excitement"": 0.1693255263251971, ""base_emotional.frustration"": 0.16113836574184015, ""base_emotional.loneliness"": 0.10343835931418209, ""base_emotional.self_esteem"": 0.6425174355444145, ""base_emotional.shame"": 0.10655029752181508, ""base_emotional.trust_in_teacher"": 0.5810356239390498}"		
